CREATE TABLE vsb_all_provinces
(
    id   INT UNSIGNED PRIMARY KEY AUTO_INCREMENT,
    name TEXT
);
CREATE TABLE vsb_all_districts
(
    id       INT UNSIGNED PRIMARY KEY AUTO_INCREMENT,
    name     TEXT         NOT NULL,
    province INT UNSIGNED NOT NULL,
    FOREIGN KEY (province) REFERENCES vsb_all_provinces (id)
);
CREATE TABLE vsb_all_wards
(
    id       INT UNSIGNED PRIMARY KEY AUTO_INCREMENT,
    name     TEXT         NOT NULL,
    district INT UNSIGNED NOT NULL,
    FOREIGN KEY (district) REFERENCES vsb_all_districts (id)
);

INSERT INTO vsb_all_provinces VALUE (1,'Thành phố Hà Nội');
INSERT INTO vsb_all_districts VALUE (1,'Quận Ba Đình',1);
INSERT INTO vsb_all_wards VALUE (1,'Phường Phúc Xá',1);
INSERT INTO vsb_all_wards VALUE (2,'Phường Trúc Bạch',1);
INSERT INTO vsb_all_wards VALUE (3,'Phường Vĩnh Phúc',1);
INSERT INTO vsb_all_wards VALUE (4,'Phường Cống Vị',1);
INSERT INTO vsb_all_wards VALUE (5,'Phường Liễu Giai',1);
INSERT INTO vsb_all_wards VALUE (6,'Phường Nguyễn Trung Trực',1);
INSERT INTO vsb_all_wards VALUE (7,'Phường Quán Thánh',1);
INSERT INTO vsb_all_wards VALUE (8,'Phường Ngọc Hà',1);
INSERT INTO vsb_all_wards VALUE (9,'Phường Điện Biên',1);
INSERT INTO vsb_all_wards VALUE (10,'Phường Đội Cấn',1);
INSERT INTO vsb_all_wards VALUE (11,'Phường Ngọc Khánh',1);
INSERT INTO vsb_all_wards VALUE (12,'Phường Kim Mã',1);
INSERT INTO vsb_all_wards VALUE (13,'Phường Giảng Võ',1);
INSERT INTO vsb_all_wards VALUE (14,'Phường Thành Công',1);
INSERT INTO vsb_all_districts VALUE (2,'Quận Hoàn Kiếm',1);
INSERT INTO vsb_all_wards VALUE (15,'Phường Phúc Tân',2);
INSERT INTO vsb_all_wards VALUE (16,'Phường Đồng Xuân',2);
INSERT INTO vsb_all_wards VALUE (17,'Phường Hàng Mã',2);
INSERT INTO vsb_all_wards VALUE (18,'Phường Hàng Buồm',2);
INSERT INTO vsb_all_wards VALUE (19,'Phường Hàng Đào',2);
INSERT INTO vsb_all_wards VALUE (20,'Phường Hàng Bồ',2);
INSERT INTO vsb_all_wards VALUE (21,'Phường Cửa Đông',2);
INSERT INTO vsb_all_wards VALUE (22,'Phường Lý Thái Tổ',2);
INSERT INTO vsb_all_wards VALUE (23,'Phường Hàng Bạc',2);
INSERT INTO vsb_all_wards VALUE (24,'Phường Hàng Gai',2);
INSERT INTO vsb_all_wards VALUE (25,'Phường Chương Dương',2);
INSERT INTO vsb_all_wards VALUE (26,'Phường Hàng Trống',2);
INSERT INTO vsb_all_wards VALUE (27,'Phường Cửa Nam',2);
INSERT INTO vsb_all_wards VALUE (28,'Phường Hàng Bông',2);
INSERT INTO vsb_all_wards VALUE (29,'Phường Tràng Tiền',2);
INSERT INTO vsb_all_wards VALUE (30,'Phường Trần Hưng Đạo',2);
INSERT INTO vsb_all_wards VALUE (31,'Phường Phan Chu Trinh',2);
INSERT INTO vsb_all_wards VALUE (32,'Phường Hàng Bài',2);
INSERT INTO vsb_all_districts VALUE (3,'Quận Tây Hồ',1);
INSERT INTO vsb_all_wards VALUE (33,'Phường Phú Thượng',3);
INSERT INTO vsb_all_wards VALUE (34,'Phường Nhật Tân',3);
INSERT INTO vsb_all_wards VALUE (35,'Phường Tứ Liên',3);
INSERT INTO vsb_all_wards VALUE (36,'Phường Quảng An',3);
INSERT INTO vsb_all_wards VALUE (37,'Phường Xuân La',3);
INSERT INTO vsb_all_wards VALUE (38,'Phường Yên Phụ',3);
INSERT INTO vsb_all_wards VALUE (39,'Phường Bưởi',3);
INSERT INTO vsb_all_wards VALUE (40,'Phường Thụy Khuê',3);
INSERT INTO vsb_all_districts VALUE (4,'Quận Long Biên',1);
INSERT INTO vsb_all_wards VALUE (41,'Phường Thượng Thanh',4);
INSERT INTO vsb_all_wards VALUE (42,'Phường Ngọc Thụy',4);
INSERT INTO vsb_all_wards VALUE (43,'Phường Giang Biên',4);
INSERT INTO vsb_all_wards VALUE (44,'Phường Đức Giang',4);
INSERT INTO vsb_all_wards VALUE (45,'Phường Việt Hưng',4);
INSERT INTO vsb_all_wards VALUE (46,'Phường Gia Thụy',4);
INSERT INTO vsb_all_wards VALUE (47,'Phường Ngọc Lâm',4);
INSERT INTO vsb_all_wards VALUE (48,'Phường Phúc Lợi',4);
INSERT INTO vsb_all_wards VALUE (49,'Phường Bồ Đề',4);
INSERT INTO vsb_all_wards VALUE (50,'Phường Sài Đồng',4);
INSERT INTO vsb_all_wards VALUE (51,'Phường Long Biên',4);
INSERT INTO vsb_all_wards VALUE (52,'Phường Thạch Bàn',4);
INSERT INTO vsb_all_wards VALUE (53,'Phường Phúc Đồng',4);
INSERT INTO vsb_all_wards VALUE (54,'Phường Cự Khối',4);
INSERT INTO vsb_all_districts VALUE (5,'Quận Cầu Giấy',1);
INSERT INTO vsb_all_wards VALUE (55,'Phường Nghĩa Đô',5);
INSERT INTO vsb_all_wards VALUE (56,'Phường Nghĩa Tân',5);
INSERT INTO vsb_all_wards VALUE (57,'Phường Mai Dịch',5);
INSERT INTO vsb_all_wards VALUE (58,'Phường Dịch Vọng',5);
INSERT INTO vsb_all_wards VALUE (59,'Phường Dịch Vọng Hậu',5);
INSERT INTO vsb_all_wards VALUE (60,'Phường Quan Hoa',5);
INSERT INTO vsb_all_wards VALUE (61,'Phường Yên Hoà',5);
INSERT INTO vsb_all_wards VALUE (62,'Phường Trung Hoà',5);
INSERT INTO vsb_all_districts VALUE (6,'Quận Đống Đa',1);
INSERT INTO vsb_all_wards VALUE (63,'Phường Cát Linh',6);
INSERT INTO vsb_all_wards VALUE (64,'Phường Văn Miếu',6);
INSERT INTO vsb_all_wards VALUE (65,'Phường Quốc Tử Giám',6);
INSERT INTO vsb_all_wards VALUE (66,'Phường Láng Thượng',6);
INSERT INTO vsb_all_wards VALUE (67,'Phường Ô Chợ Dừa',6);
INSERT INTO vsb_all_wards VALUE (68,'Phường Văn Chương',6);
INSERT INTO vsb_all_wards VALUE (69,'Phường Hàng Bột',6);
INSERT INTO vsb_all_wards VALUE (70,'Phường Láng Hạ',6);
INSERT INTO vsb_all_wards VALUE (71,'Phường Khâm Thiên',6);
INSERT INTO vsb_all_wards VALUE (72,'Phường Thổ Quan',6);
INSERT INTO vsb_all_wards VALUE (73,'Phường Nam Đồng',6);
INSERT INTO vsb_all_wards VALUE (74,'Phường Trung Phụng',6);
INSERT INTO vsb_all_wards VALUE (75,'Phường Quang Trung',6);
INSERT INTO vsb_all_wards VALUE (76,'Phường Trung Liệt',6);
INSERT INTO vsb_all_wards VALUE (77,'Phường Phương Liên',6);
INSERT INTO vsb_all_wards VALUE (78,'Phường Thịnh Quang',6);
INSERT INTO vsb_all_wards VALUE (79,'Phường Trung Tự',6);
INSERT INTO vsb_all_wards VALUE (80,'Phường Kim Liên',6);
INSERT INTO vsb_all_wards VALUE (81,'Phường Phương Mai',6);
INSERT INTO vsb_all_wards VALUE (82,'Phường Ngã Tư Sở',6);
INSERT INTO vsb_all_wards VALUE (83,'Phường Khương Thượng',6);
INSERT INTO vsb_all_districts VALUE (7,'Quận Hai Bà Trưng',1);
INSERT INTO vsb_all_wards VALUE (84,'Phường Nguyễn Du',7);
INSERT INTO vsb_all_wards VALUE (85,'Phường Bạch Đằng',7);
INSERT INTO vsb_all_wards VALUE (86,'Phường Phạm Đình Hổ',7);
INSERT INTO vsb_all_wards VALUE (87,'Phường Lê Đại Hành',7);
INSERT INTO vsb_all_wards VALUE (88,'Phường Đồng Nhân',7);
INSERT INTO vsb_all_wards VALUE (89,'Phường Phố Huế',7);
INSERT INTO vsb_all_wards VALUE (90,'Phường Đống Mác',7);
INSERT INTO vsb_all_wards VALUE (91,'Phường Thanh Lương',7);
INSERT INTO vsb_all_wards VALUE (92,'Phường Thanh Nhàn',7);
INSERT INTO vsb_all_wards VALUE (93,'Phường Cầu Dền',7);
INSERT INTO vsb_all_wards VALUE (94,'Phường Bách Khoa',7);
INSERT INTO vsb_all_wards VALUE (95,'Phường Đồng Tâm',7);
INSERT INTO vsb_all_wards VALUE (96,'Phường Vĩnh Tuy',7);
INSERT INTO vsb_all_wards VALUE (97,'Phường Bạch Mai',7);
INSERT INTO vsb_all_wards VALUE (98,'Phường Quỳnh Mai',7);
INSERT INTO vsb_all_wards VALUE (99,'Phường Quỳnh Lôi',7);
INSERT INTO vsb_all_wards VALUE (100,'Phường Minh Khai',7);
INSERT INTO vsb_all_wards VALUE (101,'Phường Trương Định',7);
INSERT INTO vsb_all_districts VALUE (8,'Quận Hoàng Mai',1);
INSERT INTO vsb_all_wards VALUE (102,'Phường Thanh Trì',8);
INSERT INTO vsb_all_wards VALUE (103,'Phường Vĩnh Hưng',8);
INSERT INTO vsb_all_wards VALUE (104,'Phường Định Công',8);
INSERT INTO vsb_all_wards VALUE (105,'Phường Mai Động',8);
INSERT INTO vsb_all_wards VALUE (106,'Phường Tương Mai',8);
INSERT INTO vsb_all_wards VALUE (107,'Phường Đại Kim',8);
INSERT INTO vsb_all_wards VALUE (108,'Phường Tân Mai',8);
INSERT INTO vsb_all_wards VALUE (109,'Phường Hoàng Văn Thụ',8);
INSERT INTO vsb_all_wards VALUE (110,'Phường Giáp Bát',8);
INSERT INTO vsb_all_wards VALUE (111,'Phường Lĩnh Nam',8);
INSERT INTO vsb_all_wards VALUE (112,'Phường Thịnh Liệt',8);
INSERT INTO vsb_all_wards VALUE (113,'Phường Trần Phú',8);
INSERT INTO vsb_all_wards VALUE (114,'Phường Hoàng Liệt',8);
INSERT INTO vsb_all_wards VALUE (115,'Phường Yên Sở',8);
INSERT INTO vsb_all_districts VALUE (9,'Quận Thanh Xuân',1);
INSERT INTO vsb_all_wards VALUE (116,'Phường Nhân Chính',9);
INSERT INTO vsb_all_wards VALUE (117,'Phường Thượng Đình',9);
INSERT INTO vsb_all_wards VALUE (118,'Phường Khương Trung',9);
INSERT INTO vsb_all_wards VALUE (119,'Phường Khương Mai',9);
INSERT INTO vsb_all_wards VALUE (120,'Phường Thanh Xuân Trung',9);
INSERT INTO vsb_all_wards VALUE (121,'Phường Phương Liệt',9);
INSERT INTO vsb_all_wards VALUE (122,'Phường Hạ Đình',9);
INSERT INTO vsb_all_wards VALUE (123,'Phường Khương Đình',9);
INSERT INTO vsb_all_wards VALUE (124,'Phường Thanh Xuân Bắc',9);
INSERT INTO vsb_all_wards VALUE (125,'Phường Thanh Xuân Nam',9);
INSERT INTO vsb_all_wards VALUE (126,'Phường Kim Giang',9);
INSERT INTO vsb_all_districts VALUE (10,'Huyện Sóc Sơn',1);
INSERT INTO vsb_all_wards VALUE (127,'Thị trấn Sóc Sơn',10);
INSERT INTO vsb_all_wards VALUE (128,'Xã Bắc Sơn',10);
INSERT INTO vsb_all_wards VALUE (129,'Xã Minh Trí',10);
INSERT INTO vsb_all_wards VALUE (130,'Xã Hồng Kỳ',10);
INSERT INTO vsb_all_wards VALUE (131,'Xã Nam Sơn',10);
INSERT INTO vsb_all_wards VALUE (132,'Xã Trung Giã',10);
INSERT INTO vsb_all_wards VALUE (133,'Xã Tân Hưng',10);
INSERT INTO vsb_all_wards VALUE (134,'Xã Minh Phú',10);
INSERT INTO vsb_all_wards VALUE (135,'Xã Phù Linh',10);
INSERT INTO vsb_all_wards VALUE (136,'Xã Bắc Phú',10);
INSERT INTO vsb_all_wards VALUE (137,'Xã Tân Minh',10);
INSERT INTO vsb_all_wards VALUE (138,'Xã Quang Tiến',10);
INSERT INTO vsb_all_wards VALUE (139,'Xã Hiền Ninh',10);
INSERT INTO vsb_all_wards VALUE (140,'Xã Tân Dân',10);
INSERT INTO vsb_all_wards VALUE (141,'Xã Tiên Dược',10);
INSERT INTO vsb_all_wards VALUE (142,'Xã Việt Long',10);
INSERT INTO vsb_all_wards VALUE (143,'Xã Xuân Giang',10);
INSERT INTO vsb_all_wards VALUE (144,'Xã Mai Đình',10);
INSERT INTO vsb_all_wards VALUE (145,'Xã Đức Hoà',10);
INSERT INTO vsb_all_wards VALUE (146,'Xã Thanh Xuân',10);
INSERT INTO vsb_all_wards VALUE (147,'Xã Đông Xuân',10);
INSERT INTO vsb_all_wards VALUE (148,'Xã Kim Lũ',10);
INSERT INTO vsb_all_wards VALUE (149,'Xã Phú Cường',10);
INSERT INTO vsb_all_wards VALUE (150,'Xã Phú Minh',10);
INSERT INTO vsb_all_wards VALUE (151,'Xã Phù Lỗ',10);
INSERT INTO vsb_all_wards VALUE (152,'Xã Xuân Thu',10);
INSERT INTO vsb_all_districts VALUE (11,'Huyện Đông Anh',1);
INSERT INTO vsb_all_wards VALUE (153,'Thị trấn Đông Anh',11);
INSERT INTO vsb_all_wards VALUE (154,'Xã Xuân Nộn',11);
INSERT INTO vsb_all_wards VALUE (155,'Xã Thuỵ Lâm',11);
INSERT INTO vsb_all_wards VALUE (156,'Xã Bắc Hồng',11);
INSERT INTO vsb_all_wards VALUE (157,'Xã Nguyên Khê',11);
INSERT INTO vsb_all_wards VALUE (158,'Xã Nam Hồng',11);
INSERT INTO vsb_all_wards VALUE (159,'Xã Tiên Dương',11);
INSERT INTO vsb_all_wards VALUE (160,'Xã Vân Hà',11);
INSERT INTO vsb_all_wards VALUE (161,'Xã Uy Nỗ',11);
INSERT INTO vsb_all_wards VALUE (162,'Xã Vân Nội',11);
INSERT INTO vsb_all_wards VALUE (163,'Xã Liên Hà',11);
INSERT INTO vsb_all_wards VALUE (164,'Xã Việt Hùng',11);
INSERT INTO vsb_all_wards VALUE (165,'Xã Kim Nỗ',11);
INSERT INTO vsb_all_wards VALUE (166,'Xã Kim Chung',11);
INSERT INTO vsb_all_wards VALUE (167,'Xã Dục Tú',11);
INSERT INTO vsb_all_wards VALUE (168,'Xã Đại Mạch',11);
INSERT INTO vsb_all_wards VALUE (169,'Xã Vĩnh Ngọc',11);
INSERT INTO vsb_all_wards VALUE (170,'Xã Cổ Loa',11);
INSERT INTO vsb_all_wards VALUE (171,'Xã Hải Bối',11);
INSERT INTO vsb_all_wards VALUE (172,'Xã Xuân Canh',11);
INSERT INTO vsb_all_wards VALUE (173,'Xã Võng La',11);
INSERT INTO vsb_all_wards VALUE (174,'Xã Tàm Xá',11);
INSERT INTO vsb_all_wards VALUE (175,'Xã Mai Lâm',11);
INSERT INTO vsb_all_wards VALUE (176,'Xã Đông Hội',11);
INSERT INTO vsb_all_districts VALUE (12,'Huyện Gia Lâm',1);
INSERT INTO vsb_all_wards VALUE (177,'Thị trấn Yên Viên',12);
INSERT INTO vsb_all_wards VALUE (178,'Xã Yên Thường',12);
INSERT INTO vsb_all_wards VALUE (179,'Xã Yên Viên',12);
INSERT INTO vsb_all_wards VALUE (180,'Xã Ninh Hiệp',12);
INSERT INTO vsb_all_wards VALUE (181,'Xã Đình Xuyên',12);
INSERT INTO vsb_all_wards VALUE (182,'Xã Dương Hà',12);
INSERT INTO vsb_all_wards VALUE (183,'Xã Phù Đổng',12);
INSERT INTO vsb_all_wards VALUE (184,'Xã Trung Mầu',12);
INSERT INTO vsb_all_wards VALUE (185,'Xã Lệ Chi',12);
INSERT INTO vsb_all_wards VALUE (186,'Xã Cổ Bi',12);
INSERT INTO vsb_all_wards VALUE (187,'Xã Đặng Xá',12);
INSERT INTO vsb_all_wards VALUE (188,'Xã Phú Thị',12);
INSERT INTO vsb_all_wards VALUE (189,'Xã Kim Sơn',12);
INSERT INTO vsb_all_wards VALUE (190,'Thị trấn Trâu Quỳ',12);
INSERT INTO vsb_all_wards VALUE (191,'Xã Dương Quang',12);
INSERT INTO vsb_all_wards VALUE (192,'Xã Dương Xá',12);
INSERT INTO vsb_all_wards VALUE (193,'Xã Đông Dư',12);
INSERT INTO vsb_all_wards VALUE (194,'Xã Đa Tốn',12);
INSERT INTO vsb_all_wards VALUE (195,'Xã Kiêu Kỵ',12);
INSERT INTO vsb_all_wards VALUE (196,'Xã Bát Tràng',12);
INSERT INTO vsb_all_wards VALUE (197,'Xã Kim Lan',12);
INSERT INTO vsb_all_wards VALUE (198,'Xã Văn Đức',12);
INSERT INTO vsb_all_districts VALUE (13,'Quận Nam Từ Liêm',1);
INSERT INTO vsb_all_wards VALUE (199,'Phường Cầu Diễn',13);
INSERT INTO vsb_all_wards VALUE (200,'Phường Xuân Phương',13);
INSERT INTO vsb_all_wards VALUE (201,'Phường Phương Canh',13);
INSERT INTO vsb_all_wards VALUE (202,'Phường Mỹ Đình 1',13);
INSERT INTO vsb_all_wards VALUE (203,'Phường Mỹ Đình 2',13);
INSERT INTO vsb_all_wards VALUE (204,'Phường Tây Mỗ',13);
INSERT INTO vsb_all_wards VALUE (205,'Phường Mễ Trì',13);
INSERT INTO vsb_all_wards VALUE (206,'Phường Phú Đô',13);
INSERT INTO vsb_all_wards VALUE (207,'Phường Đại Mỗ',13);
INSERT INTO vsb_all_wards VALUE (208,'Phường Trung Văn',13);
INSERT INTO vsb_all_districts VALUE (14,'Huyện Thanh Trì',1);
INSERT INTO vsb_all_wards VALUE (209,'Thị trấn Văn Điển',14);
INSERT INTO vsb_all_wards VALUE (210,'Xã Tân Triều',14);
INSERT INTO vsb_all_wards VALUE (211,'Xã Thanh Liệt',14);
INSERT INTO vsb_all_wards VALUE (212,'Xã Tả Thanh Oai',14);
INSERT INTO vsb_all_wards VALUE (213,'Xã Hữu Hoà',14);
INSERT INTO vsb_all_wards VALUE (214,'Xã Tam Hiệp',14);
INSERT INTO vsb_all_wards VALUE (215,'Xã Tứ Hiệp',14);
INSERT INTO vsb_all_wards VALUE (216,'Xã Yên Mỹ',14);
INSERT INTO vsb_all_wards VALUE (217,'Xã Vĩnh Quỳnh',14);
INSERT INTO vsb_all_wards VALUE (218,'Xã Ngũ Hiệp',14);
INSERT INTO vsb_all_wards VALUE (219,'Xã Duyên Hà',14);
INSERT INTO vsb_all_wards VALUE (220,'Xã Ngọc Hồi',14);
INSERT INTO vsb_all_wards VALUE (221,'Xã Vạn Phúc',14);
INSERT INTO vsb_all_wards VALUE (222,'Xã Đại áng',14);
INSERT INTO vsb_all_wards VALUE (223,'Xã Liên Ninh',14);
INSERT INTO vsb_all_wards VALUE (224,'Xã Đông Mỹ',14);
INSERT INTO vsb_all_districts VALUE (15,'Quận Bắc Từ Liêm',1);
INSERT INTO vsb_all_wards VALUE (225,'Phường Thượng Cát',15);
INSERT INTO vsb_all_wards VALUE (226,'Phường Liên Mạc',15);
INSERT INTO vsb_all_wards VALUE (227,'Phường Đông Ngạc',15);
INSERT INTO vsb_all_wards VALUE (228,'Phường Đức Thắng',15);
INSERT INTO vsb_all_wards VALUE (229,'Phường Thụy Phương',15);
INSERT INTO vsb_all_wards VALUE (230,'Phường Tây Tựu',15);
INSERT INTO vsb_all_wards VALUE (231,'Phường Xuân Đỉnh',15);
INSERT INTO vsb_all_wards VALUE (232,'Phường Xuân Tảo',15);
INSERT INTO vsb_all_wards VALUE (233,'Phường Minh Khai',15);
INSERT INTO vsb_all_wards VALUE (234,'Phường Cổ Nhuế 1',15);
INSERT INTO vsb_all_wards VALUE (235,'Phường Cổ Nhuế 2',15);
INSERT INTO vsb_all_wards VALUE (236,'Phường Phú Diễn',15);
INSERT INTO vsb_all_wards VALUE (237,'Phường Phúc Diễn',15);
INSERT INTO vsb_all_districts VALUE (16,'Huyện Mê Linh',1);
INSERT INTO vsb_all_wards VALUE (238,'Thị trấn Chi Đông',16);
INSERT INTO vsb_all_wards VALUE (239,'Xã Đại Thịnh',16);
INSERT INTO vsb_all_wards VALUE (240,'Xã Kim Hoa',16);
INSERT INTO vsb_all_wards VALUE (241,'Xã Thạch Đà',16);
INSERT INTO vsb_all_wards VALUE (242,'Xã Tiến Thắng',16);
INSERT INTO vsb_all_wards VALUE (243,'Xã Tự Lập',16);
INSERT INTO vsb_all_wards VALUE (244,'Thị trấn Quang Minh',16);
INSERT INTO vsb_all_wards VALUE (245,'Xã Thanh Lâm',16);
INSERT INTO vsb_all_wards VALUE (246,'Xã Tam Đồng',16);
INSERT INTO vsb_all_wards VALUE (247,'Xã Liên Mạc',16);
INSERT INTO vsb_all_wards VALUE (248,'Xã Vạn Yên',16);
INSERT INTO vsb_all_wards VALUE (249,'Xã Chu Phan',16);
INSERT INTO vsb_all_wards VALUE (250,'Xã Tiến Thịnh',16);
INSERT INTO vsb_all_wards VALUE (251,'Xã Mê Linh',16);
INSERT INTO vsb_all_wards VALUE (252,'Xã Văn Khê',16);
INSERT INTO vsb_all_wards VALUE (253,'Xã Hoàng Kim',16);
INSERT INTO vsb_all_wards VALUE (254,'Xã Tiền Phong',16);
INSERT INTO vsb_all_wards VALUE (255,'Xã Tráng Việt',16);
INSERT INTO vsb_all_districts VALUE (17,'Quận Hà Đông',1);
INSERT INTO vsb_all_wards VALUE (256,'Phường Nguyễn Trãi',17);
INSERT INTO vsb_all_wards VALUE (257,'Phường Mộ Lao',17);
INSERT INTO vsb_all_wards VALUE (258,'Phường Văn Quán',17);
INSERT INTO vsb_all_wards VALUE (259,'Phường Vạn Phúc',17);
INSERT INTO vsb_all_wards VALUE (260,'Phường Yết Kiêu',17);
INSERT INTO vsb_all_wards VALUE (261,'Phường Quang Trung',17);
INSERT INTO vsb_all_wards VALUE (262,'Phường La Khê',17);
INSERT INTO vsb_all_wards VALUE (263,'Phường Phú La',17);
INSERT INTO vsb_all_wards VALUE (264,'Phường Phúc La',17);
INSERT INTO vsb_all_wards VALUE (265,'Phường Hà Cầu',17);
INSERT INTO vsb_all_wards VALUE (266,'Phường Yên Nghĩa',17);
INSERT INTO vsb_all_wards VALUE (267,'Phường Kiến Hưng',17);
INSERT INTO vsb_all_wards VALUE (268,'Phường Phú Lãm',17);
INSERT INTO vsb_all_wards VALUE (269,'Phường Phú Lương',17);
INSERT INTO vsb_all_wards VALUE (270,'Phường Dương Nội',17);
INSERT INTO vsb_all_wards VALUE (271,'Phường Đồng Mai',17);
INSERT INTO vsb_all_wards VALUE (272,'Phường Biên Giang',17);
INSERT INTO vsb_all_districts VALUE (18,'Thị xã Sơn Tây',1);
INSERT INTO vsb_all_wards VALUE (273,'Phường Lê Lợi',18);
INSERT INTO vsb_all_wards VALUE (274,'Phường Phú Thịnh',18);
INSERT INTO vsb_all_wards VALUE (275,'Phường Ngô Quyền',18);
INSERT INTO vsb_all_wards VALUE (276,'Phường Quang Trung',18);
INSERT INTO vsb_all_wards VALUE (277,'Phường Sơn Lộc',18);
INSERT INTO vsb_all_wards VALUE (278,'Phường Xuân Khanh',18);
INSERT INTO vsb_all_wards VALUE (279,'Xã Đường Lâm',18);
INSERT INTO vsb_all_wards VALUE (280,'Phường Viên Sơn',18);
INSERT INTO vsb_all_wards VALUE (281,'Xã Xuân Sơn',18);
INSERT INTO vsb_all_wards VALUE (282,'Phường Trung Hưng',18);
INSERT INTO vsb_all_wards VALUE (283,'Xã Thanh Mỹ',18);
INSERT INTO vsb_all_wards VALUE (284,'Phường Trung Sơn Trầm',18);
INSERT INTO vsb_all_wards VALUE (285,'Xã Kim Sơn',18);
INSERT INTO vsb_all_wards VALUE (286,'Xã Sơn Đông',18);
INSERT INTO vsb_all_wards VALUE (287,'Xã Cổ Đông',18);
INSERT INTO vsb_all_districts VALUE (19,'Huyện Ba Vì',1);
INSERT INTO vsb_all_wards VALUE (288,'Thị trấn Tây Đằng',19);
INSERT INTO vsb_all_wards VALUE (289,'Xã Phú Cường',19);
INSERT INTO vsb_all_wards VALUE (290,'Xã Cổ Đô',19);
INSERT INTO vsb_all_wards VALUE (291,'Xã Tản Hồng',19);
INSERT INTO vsb_all_wards VALUE (292,'Xã Vạn Thắng',19);
INSERT INTO vsb_all_wards VALUE (293,'Xã Châu Sơn',19);
INSERT INTO vsb_all_wards VALUE (294,'Xã Phong Vân',19);
INSERT INTO vsb_all_wards VALUE (295,'Xã Phú Đông',19);
INSERT INTO vsb_all_wards VALUE (296,'Xã Phú Phương',19);
INSERT INTO vsb_all_wards VALUE (297,'Xã Phú Châu',19);
INSERT INTO vsb_all_wards VALUE (298,'Xã Thái Hòa',19);
INSERT INTO vsb_all_wards VALUE (299,'Xã Đồng Thái',19);
INSERT INTO vsb_all_wards VALUE (300,'Xã Phú Sơn',19);
INSERT INTO vsb_all_wards VALUE (301,'Xã Minh Châu',19);
INSERT INTO vsb_all_wards VALUE (302,'Xã Vật Lại',19);
INSERT INTO vsb_all_wards VALUE (303,'Xã Chu Minh',19);
INSERT INTO vsb_all_wards VALUE (304,'Xã Tòng Bạt',19);
INSERT INTO vsb_all_wards VALUE (305,'Xã Cẩm Lĩnh',19);
INSERT INTO vsb_all_wards VALUE (306,'Xã Sơn Đà',19);
INSERT INTO vsb_all_wards VALUE (307,'Xã Đông Quang',19);
INSERT INTO vsb_all_wards VALUE (308,'Xã Tiên Phong',19);
INSERT INTO vsb_all_wards VALUE (309,'Xã Thụy An',19);
INSERT INTO vsb_all_wards VALUE (310,'Xã Cam Thượng',19);
INSERT INTO vsb_all_wards VALUE (311,'Xã Thuần Mỹ',19);
INSERT INTO vsb_all_wards VALUE (312,'Xã Tản Lĩnh',19);
INSERT INTO vsb_all_wards VALUE (313,'Xã Ba Trại',19);
INSERT INTO vsb_all_wards VALUE (314,'Xã Minh Quang',19);
INSERT INTO vsb_all_wards VALUE (315,'Xã Ba Vì',19);
INSERT INTO vsb_all_wards VALUE (316,'Xã Vân Hòa',19);
INSERT INTO vsb_all_wards VALUE (317,'Xã Yên Bài',19);
INSERT INTO vsb_all_wards VALUE (318,'Xã Khánh Thượng',19);
INSERT INTO vsb_all_districts VALUE (20,'Huyện Phúc Thọ',1);
INSERT INTO vsb_all_wards VALUE (319,'Thị trấn Phúc Thọ',20);
INSERT INTO vsb_all_wards VALUE (320,'Xã Vân Hà',20);
INSERT INTO vsb_all_wards VALUE (321,'Xã Vân Phúc',20);
INSERT INTO vsb_all_wards VALUE (322,'Xã Vân Nam',20);
INSERT INTO vsb_all_wards VALUE (323,'Xã Xuân Đình',20);
INSERT INTO vsb_all_wards VALUE (324,'Xã Sen Phương',20);
INSERT INTO vsb_all_wards VALUE (325,'Xã Võng Xuyên',20);
INSERT INTO vsb_all_wards VALUE (326,'Xã Thọ Lộc',20);
INSERT INTO vsb_all_wards VALUE (327,'Xã Long Xuyên',20);
INSERT INTO vsb_all_wards VALUE (328,'Xã Thượng Cốc',20);
INSERT INTO vsb_all_wards VALUE (329,'Xã Hát Môn',20);
INSERT INTO vsb_all_wards VALUE (330,'Xã Tích Giang',20);
INSERT INTO vsb_all_wards VALUE (331,'Xã Thanh Đa',20);
INSERT INTO vsb_all_wards VALUE (332,'Xã Trạch Mỹ Lộc',20);
INSERT INTO vsb_all_wards VALUE (333,'Xã Phúc Hòa',20);
INSERT INTO vsb_all_wards VALUE (334,'Xã Ngọc Tảo',20);
INSERT INTO vsb_all_wards VALUE (335,'Xã Phụng Thượng',20);
INSERT INTO vsb_all_wards VALUE (336,'Xã Tam Thuấn',20);
INSERT INTO vsb_all_wards VALUE (337,'Xã Tam Hiệp',20);
INSERT INTO vsb_all_wards VALUE (338,'Xã Hiệp Thuận',20);
INSERT INTO vsb_all_wards VALUE (339,'Xã Liên Hiệp',20);
INSERT INTO vsb_all_districts VALUE (21,'Huyện Đan Phượng',1);
INSERT INTO vsb_all_wards VALUE (340,'Thị trấn Phùng',21);
INSERT INTO vsb_all_wards VALUE (341,'Xã Trung Châu',21);
INSERT INTO vsb_all_wards VALUE (342,'Xã Thọ An',21);
INSERT INTO vsb_all_wards VALUE (343,'Xã Thọ Xuân',21);
INSERT INTO vsb_all_wards VALUE (344,'Xã Hồng Hà',21);
INSERT INTO vsb_all_wards VALUE (345,'Xã Liên Hồng',21);
INSERT INTO vsb_all_wards VALUE (346,'Xã Liên Hà',21);
INSERT INTO vsb_all_wards VALUE (347,'Xã Hạ Mỗ',21);
INSERT INTO vsb_all_wards VALUE (348,'Xã Liên Trung',21);
INSERT INTO vsb_all_wards VALUE (349,'Xã Phương Đình',21);
INSERT INTO vsb_all_wards VALUE (350,'Xã Thượng Mỗ',21);
INSERT INTO vsb_all_wards VALUE (351,'Xã Tân Hội',21);
INSERT INTO vsb_all_wards VALUE (352,'Xã Tân Lập',21);
INSERT INTO vsb_all_wards VALUE (353,'Xã Đan Phượng',21);
INSERT INTO vsb_all_wards VALUE (354,'Xã Đồng Tháp',21);
INSERT INTO vsb_all_wards VALUE (355,'Xã Song Phượng',21);
INSERT INTO vsb_all_districts VALUE (22,'Huyện Hoài Đức',1);
INSERT INTO vsb_all_wards VALUE (356,'Thị trấn Trạm Trôi',22);
INSERT INTO vsb_all_wards VALUE (357,'Xã Đức Thượng',22);
INSERT INTO vsb_all_wards VALUE (358,'Xã Minh Khai',22);
INSERT INTO vsb_all_wards VALUE (359,'Xã Dương Liễu',22);
INSERT INTO vsb_all_wards VALUE (360,'Xã Di Trạch',22);
INSERT INTO vsb_all_wards VALUE (361,'Xã Đức Giang',22);
INSERT INTO vsb_all_wards VALUE (362,'Xã Cát Quế',22);
INSERT INTO vsb_all_wards VALUE (363,'Xã Kim Chung',22);
INSERT INTO vsb_all_wards VALUE (364,'Xã Yên Sở',22);
INSERT INTO vsb_all_wards VALUE (365,'Xã Sơn Đồng',22);
INSERT INTO vsb_all_wards VALUE (366,'Xã Vân Canh',22);
INSERT INTO vsb_all_wards VALUE (367,'Xã Đắc Sở',22);
INSERT INTO vsb_all_wards VALUE (368,'Xã Lại Yên',22);
INSERT INTO vsb_all_wards VALUE (369,'Xã Tiền Yên',22);
INSERT INTO vsb_all_wards VALUE (370,'Xã Song Phương',22);
INSERT INTO vsb_all_wards VALUE (371,'Xã An Khánh',22);
INSERT INTO vsb_all_wards VALUE (372,'Xã An Thượng',22);
INSERT INTO vsb_all_wards VALUE (373,'Xã Vân Côn',22);
INSERT INTO vsb_all_wards VALUE (374,'Xã La Phù',22);
INSERT INTO vsb_all_wards VALUE (375,'Xã Đông La',22);
INSERT INTO vsb_all_districts VALUE (23,'Huyện Quốc Oai',1);
INSERT INTO vsb_all_wards VALUE (376,'Xã Đông Xuân',23);
INSERT INTO vsb_all_wards VALUE (377,'Thị trấn Quốc Oai',23);
INSERT INTO vsb_all_wards VALUE (378,'Xã Sài Sơn',23);
INSERT INTO vsb_all_wards VALUE (379,'Xã Phượng Cách',23);
INSERT INTO vsb_all_wards VALUE (380,'Xã Yên Sơn',23);
INSERT INTO vsb_all_wards VALUE (381,'Xã Ngọc Liệp',23);
INSERT INTO vsb_all_wards VALUE (382,'Xã Ngọc Mỹ',23);
INSERT INTO vsb_all_wards VALUE (383,'Xã Liệp Tuyết',23);
INSERT INTO vsb_all_wards VALUE (384,'Xã Thạch Thán',23);
INSERT INTO vsb_all_wards VALUE (385,'Xã Đồng Quang',23);
INSERT INTO vsb_all_wards VALUE (386,'Xã Phú Cát',23);
INSERT INTO vsb_all_wards VALUE (387,'Xã Tuyết Nghĩa',23);
INSERT INTO vsb_all_wards VALUE (388,'Xã Nghĩa Hương',23);
INSERT INTO vsb_all_wards VALUE (389,'Xã Cộng Hòa',23);
INSERT INTO vsb_all_wards VALUE (390,'Xã Tân Phú',23);
INSERT INTO vsb_all_wards VALUE (391,'Xã Đại Thành',23);
INSERT INTO vsb_all_wards VALUE (392,'Xã Phú Mãn',23);
INSERT INTO vsb_all_wards VALUE (393,'Xã Cấn Hữu',23);
INSERT INTO vsb_all_wards VALUE (394,'Xã Tân Hòa',23);
INSERT INTO vsb_all_wards VALUE (395,'Xã Hòa Thạch',23);
INSERT INTO vsb_all_wards VALUE (396,'Xã Đông Yên',23);
INSERT INTO vsb_all_districts VALUE (24,'Huyện Thạch Thất',1);
INSERT INTO vsb_all_wards VALUE (397,'Xã Yên Trung',24);
INSERT INTO vsb_all_wards VALUE (398,'Xã Yên Bình',24);
INSERT INTO vsb_all_wards VALUE (399,'Xã Tiến Xuân',24);
INSERT INTO vsb_all_wards VALUE (400,'Thị trấn Liên Quan',24);
INSERT INTO vsb_all_wards VALUE (401,'Xã Đại Đồng',24);
INSERT INTO vsb_all_wards VALUE (402,'Xã Cẩm Yên',24);
INSERT INTO vsb_all_wards VALUE (403,'Xã Lại Thượng',24);
INSERT INTO vsb_all_wards VALUE (404,'Xã Phú Kim',24);
INSERT INTO vsb_all_wards VALUE (405,'Xã Hương Ngải',24);
INSERT INTO vsb_all_wards VALUE (406,'Xã Canh Nậu',24);
INSERT INTO vsb_all_wards VALUE (407,'Xã Kim Quan',24);
INSERT INTO vsb_all_wards VALUE (408,'Xã Dị Nậu',24);
INSERT INTO vsb_all_wards VALUE (409,'Xã Bình Yên',24);
INSERT INTO vsb_all_wards VALUE (410,'Xã Chàng Sơn',24);
INSERT INTO vsb_all_wards VALUE (411,'Xã Thạch Hoà',24);
INSERT INTO vsb_all_wards VALUE (412,'Xã Cần Kiệm',24);
INSERT INTO vsb_all_wards VALUE (413,'Xã Hữu Bằng',24);
INSERT INTO vsb_all_wards VALUE (414,'Xã Phùng Xá',24);
INSERT INTO vsb_all_wards VALUE (415,'Xã Tân Xã',24);
INSERT INTO vsb_all_wards VALUE (416,'Xã Thạch Xá',24);
INSERT INTO vsb_all_wards VALUE (417,'Xã Bình Phú',24);
INSERT INTO vsb_all_wards VALUE (418,'Xã Hạ Bằng',24);
INSERT INTO vsb_all_wards VALUE (419,'Xã Đồng Trúc',24);
INSERT INTO vsb_all_districts VALUE (25,'Huyện Chương Mỹ',1);
INSERT INTO vsb_all_wards VALUE (420,'Thị trấn Chúc Sơn',25);
INSERT INTO vsb_all_wards VALUE (421,'Thị trấn Xuân Mai',25);
INSERT INTO vsb_all_wards VALUE (422,'Xã Phụng Châu',25);
INSERT INTO vsb_all_wards VALUE (423,'Xã Tiên Phương',25);
INSERT INTO vsb_all_wards VALUE (424,'Xã Đông Sơn',25);
INSERT INTO vsb_all_wards VALUE (425,'Xã Đông Phương Yên',25);
INSERT INTO vsb_all_wards VALUE (426,'Xã Phú Nghĩa',25);
INSERT INTO vsb_all_wards VALUE (427,'Xã Trường Yên',25);
INSERT INTO vsb_all_wards VALUE (428,'Xã Ngọc Hòa',25);
INSERT INTO vsb_all_wards VALUE (429,'Xã Thủy Xuân Tiên',25);
INSERT INTO vsb_all_wards VALUE (430,'Xã Thanh Bình',25);
INSERT INTO vsb_all_wards VALUE (431,'Xã Trung Hòa',25);
INSERT INTO vsb_all_wards VALUE (432,'Xã Đại Yên',25);
INSERT INTO vsb_all_wards VALUE (433,'Xã Thụy Hương',25);
INSERT INTO vsb_all_wards VALUE (434,'Xã Tốt Động',25);
INSERT INTO vsb_all_wards VALUE (435,'Xã Lam Điền',25);
INSERT INTO vsb_all_wards VALUE (436,'Xã Tân Tiến',25);
INSERT INTO vsb_all_wards VALUE (437,'Xã Nam Phương Tiến',25);
INSERT INTO vsb_all_wards VALUE (438,'Xã Hợp Đồng',25);
INSERT INTO vsb_all_wards VALUE (439,'Xã Hoàng Văn Thụ',25);
INSERT INTO vsb_all_wards VALUE (440,'Xã Hoàng Diệu',25);
INSERT INTO vsb_all_wards VALUE (441,'Xã Hữu Văn',25);
INSERT INTO vsb_all_wards VALUE (442,'Xã Quảng Bị',25);
INSERT INTO vsb_all_wards VALUE (443,'Xã Mỹ Lương',25);
INSERT INTO vsb_all_wards VALUE (444,'Xã Thượng Vực',25);
INSERT INTO vsb_all_wards VALUE (445,'Xã Hồng Phong',25);
INSERT INTO vsb_all_wards VALUE (446,'Xã Đồng Phú',25);
INSERT INTO vsb_all_wards VALUE (447,'Xã Trần Phú',25);
INSERT INTO vsb_all_wards VALUE (448,'Xã Văn Võ',25);
INSERT INTO vsb_all_wards VALUE (449,'Xã Đồng Lạc',25);
INSERT INTO vsb_all_wards VALUE (450,'Xã Hòa Chính',25);
INSERT INTO vsb_all_wards VALUE (451,'Xã Phú Nam An',25);
INSERT INTO vsb_all_districts VALUE (26,'Huyện Thanh Oai',1);
INSERT INTO vsb_all_wards VALUE (452,'Thị trấn Kim Bài',26);
INSERT INTO vsb_all_wards VALUE (453,'Xã Cự Khê',26);
INSERT INTO vsb_all_wards VALUE (454,'Xã Bích Hòa',26);
INSERT INTO vsb_all_wards VALUE (455,'Xã Mỹ Hưng',26);
INSERT INTO vsb_all_wards VALUE (456,'Xã Cao Viên',26);
INSERT INTO vsb_all_wards VALUE (457,'Xã Bình Minh',26);
INSERT INTO vsb_all_wards VALUE (458,'Xã Tam Hưng',26);
INSERT INTO vsb_all_wards VALUE (459,'Xã Thanh Cao',26);
INSERT INTO vsb_all_wards VALUE (460,'Xã Thanh Thùy',26);
INSERT INTO vsb_all_wards VALUE (461,'Xã Thanh Mai',26);
INSERT INTO vsb_all_wards VALUE (462,'Xã Thanh Văn',26);
INSERT INTO vsb_all_wards VALUE (463,'Xã Đỗ Động',26);
INSERT INTO vsb_all_wards VALUE (464,'Xã Kim An',26);
INSERT INTO vsb_all_wards VALUE (465,'Xã Kim Thư',26);
INSERT INTO vsb_all_wards VALUE (466,'Xã Phương Trung',26);
INSERT INTO vsb_all_wards VALUE (467,'Xã Tân Ước',26);
INSERT INTO vsb_all_wards VALUE (468,'Xã Dân Hòa',26);
INSERT INTO vsb_all_wards VALUE (469,'Xã Liên Châu',26);
INSERT INTO vsb_all_wards VALUE (470,'Xã Cao Dương',26);
INSERT INTO vsb_all_wards VALUE (471,'Xã Xuân Dương',26);
INSERT INTO vsb_all_wards VALUE (472,'Xã Hồng Dương',26);
INSERT INTO vsb_all_districts VALUE (27,'Huyện Thường Tín',1);
INSERT INTO vsb_all_wards VALUE (473,'Thị trấn Thường Tín',27);
INSERT INTO vsb_all_wards VALUE (474,'Xã Ninh Sở',27);
INSERT INTO vsb_all_wards VALUE (475,'Xã Nhị Khê',27);
INSERT INTO vsb_all_wards VALUE (476,'Xã Duyên Thái',27);
INSERT INTO vsb_all_wards VALUE (477,'Xã Khánh Hà',27);
INSERT INTO vsb_all_wards VALUE (478,'Xã Hòa Bình',27);
INSERT INTO vsb_all_wards VALUE (479,'Xã Văn Bình',27);
INSERT INTO vsb_all_wards VALUE (480,'Xã Hiền Giang',27);
INSERT INTO vsb_all_wards VALUE (481,'Xã Hồng Vân',27);
INSERT INTO vsb_all_wards VALUE (482,'Xã Vân Tảo',27);
INSERT INTO vsb_all_wards VALUE (483,'Xã Liên Phương',27);
INSERT INTO vsb_all_wards VALUE (484,'Xã Văn Phú',27);
INSERT INTO vsb_all_wards VALUE (485,'Xã Tự Nhiên',27);
INSERT INTO vsb_all_wards VALUE (486,'Xã Tiền Phong',27);
INSERT INTO vsb_all_wards VALUE (487,'Xã Hà Hồi',27);
INSERT INTO vsb_all_wards VALUE (488,'Xã Thư Phú',27);
INSERT INTO vsb_all_wards VALUE (489,'Xã Nguyễn Trãi',27);
INSERT INTO vsb_all_wards VALUE (490,'Xã Quất Động',27);
INSERT INTO vsb_all_wards VALUE (491,'Xã Chương Dương',27);
INSERT INTO vsb_all_wards VALUE (492,'Xã Tân Minh',27);
INSERT INTO vsb_all_wards VALUE (493,'Xã Lê Lợi',27);
INSERT INTO vsb_all_wards VALUE (494,'Xã Thắng Lợi',27);
INSERT INTO vsb_all_wards VALUE (495,'Xã Dũng Tiến',27);
INSERT INTO vsb_all_wards VALUE (496,'Xã Thống Nhất',27);
INSERT INTO vsb_all_wards VALUE (497,'Xã Nghiêm Xuyên',27);
INSERT INTO vsb_all_wards VALUE (498,'Xã Tô Hiệu',27);
INSERT INTO vsb_all_wards VALUE (499,'Xã Văn Tự',27);
INSERT INTO vsb_all_wards VALUE (500,'Xã Vạn Điểm',27);
INSERT INTO vsb_all_wards VALUE (501,'Xã Minh Cường',27);
INSERT INTO vsb_all_districts VALUE (28,'Huyện Phú Xuyên',1);
INSERT INTO vsb_all_wards VALUE (502,'Thị trấn Phú Minh',28);
INSERT INTO vsb_all_wards VALUE (503,'Thị trấn Phú Xuyên',28);
INSERT INTO vsb_all_wards VALUE (504,'Xã Hồng Minh',28);
INSERT INTO vsb_all_wards VALUE (505,'Xã Phượng Dực',28);
INSERT INTO vsb_all_wards VALUE (506,'Xã Nam Tiến',28);
INSERT INTO vsb_all_wards VALUE (507,'Xã Tri Trung',28);
INSERT INTO vsb_all_wards VALUE (508,'Xã Đại Thắng',28);
INSERT INTO vsb_all_wards VALUE (509,'Xã Phú Túc',28);
INSERT INTO vsb_all_wards VALUE (510,'Xã Văn Hoàng',28);
INSERT INTO vsb_all_wards VALUE (511,'Xã Hồng Thái',28);
INSERT INTO vsb_all_wards VALUE (512,'Xã Hoàng Long',28);
INSERT INTO vsb_all_wards VALUE (513,'Xã Quang Trung',28);
INSERT INTO vsb_all_wards VALUE (514,'Xã Nam Phong',28);
INSERT INTO vsb_all_wards VALUE (515,'Xã Nam Triều',28);
INSERT INTO vsb_all_wards VALUE (516,'Xã Tân Dân',28);
INSERT INTO vsb_all_wards VALUE (517,'Xã Sơn Hà',28);
INSERT INTO vsb_all_wards VALUE (518,'Xã Chuyên Mỹ',28);
INSERT INTO vsb_all_wards VALUE (519,'Xã Khai Thái',28);
INSERT INTO vsb_all_wards VALUE (520,'Xã Phúc Tiến',28);
INSERT INTO vsb_all_wards VALUE (521,'Xã Vân Từ',28);
INSERT INTO vsb_all_wards VALUE (522,'Xã Tri Thủy',28);
INSERT INTO vsb_all_wards VALUE (523,'Xã Đại Xuyên',28);
INSERT INTO vsb_all_wards VALUE (524,'Xã Phú Yên',28);
INSERT INTO vsb_all_wards VALUE (525,'Xã Bạch Hạ',28);
INSERT INTO vsb_all_wards VALUE (526,'Xã Quang Lãng',28);
INSERT INTO vsb_all_wards VALUE (527,'Xã Châu Can',28);
INSERT INTO vsb_all_wards VALUE (528,'Xã Minh Tân',28);
INSERT INTO vsb_all_districts VALUE (29,'Huyện Ứng Hòa',1);
INSERT INTO vsb_all_wards VALUE (529,'Thị trấn Vân Đình',29);
INSERT INTO vsb_all_wards VALUE (530,'Xã Viên An',29);
INSERT INTO vsb_all_wards VALUE (531,'Xã Viên Nội',29);
INSERT INTO vsb_all_wards VALUE (532,'Xã Hoa Sơn',29);
INSERT INTO vsb_all_wards VALUE (533,'Xã Quảng Phú Cầu',29);
INSERT INTO vsb_all_wards VALUE (534,'Xã Trường Thịnh',29);
INSERT INTO vsb_all_wards VALUE (535,'Xã Cao Thành',29);
INSERT INTO vsb_all_wards VALUE (536,'Xã Liên Bạt',29);
INSERT INTO vsb_all_wards VALUE (537,'Xã Sơn Công',29);
INSERT INTO vsb_all_wards VALUE (538,'Xã Đồng Tiến',29);
INSERT INTO vsb_all_wards VALUE (539,'Xã Phương Tú',29);
INSERT INTO vsb_all_wards VALUE (540,'Xã Trung Tú',29);
INSERT INTO vsb_all_wards VALUE (541,'Xã Đồng Tân',29);
INSERT INTO vsb_all_wards VALUE (542,'Xã Tảo Dương Văn',29);
INSERT INTO vsb_all_wards VALUE (543,'Xã Vạn Thái',29);
INSERT INTO vsb_all_wards VALUE (544,'Xã Minh Đức',29);
INSERT INTO vsb_all_wards VALUE (545,'Xã Hòa Lâm',29);
INSERT INTO vsb_all_wards VALUE (546,'Xã Hòa Xá',29);
INSERT INTO vsb_all_wards VALUE (547,'Xã Trầm Lộng',29);
INSERT INTO vsb_all_wards VALUE (548,'Xã Kim Đường',29);
INSERT INTO vsb_all_wards VALUE (549,'Xã Hòa Nam',29);
INSERT INTO vsb_all_wards VALUE (550,'Xã Hòa Phú',29);
INSERT INTO vsb_all_wards VALUE (551,'Xã Đội Bình',29);
INSERT INTO vsb_all_wards VALUE (552,'Xã Đại Hùng',29);
INSERT INTO vsb_all_wards VALUE (553,'Xã Đông Lỗ',29);
INSERT INTO vsb_all_wards VALUE (554,'Xã Phù Lưu',29);
INSERT INTO vsb_all_wards VALUE (555,'Xã Đại Cường',29);
INSERT INTO vsb_all_wards VALUE (556,'Xã Lưu Hoàng',29);
INSERT INTO vsb_all_wards VALUE (557,'Xã Hồng Quang',29);
INSERT INTO vsb_all_districts VALUE (30,'Huyện Mỹ Đức',1);
INSERT INTO vsb_all_wards VALUE (558,'Thị trấn Đại Nghĩa',30);
INSERT INTO vsb_all_wards VALUE (559,'Xã Đồng Tâm',30);
INSERT INTO vsb_all_wards VALUE (560,'Xã Thượng Lâm',30);
INSERT INTO vsb_all_wards VALUE (561,'Xã Tuy Lai',30);
INSERT INTO vsb_all_wards VALUE (562,'Xã Phúc Lâm',30);
INSERT INTO vsb_all_wards VALUE (563,'Xã Mỹ Thành',30);
INSERT INTO vsb_all_wards VALUE (564,'Xã Bột Xuyên',30);
INSERT INTO vsb_all_wards VALUE (565,'Xã An Mỹ',30);
INSERT INTO vsb_all_wards VALUE (566,'Xã Hồng Sơn',30);
INSERT INTO vsb_all_wards VALUE (567,'Xã Lê Thanh',30);
INSERT INTO vsb_all_wards VALUE (568,'Xã Xuy Xá',30);
INSERT INTO vsb_all_wards VALUE (569,'Xã Phùng Xá',30);
INSERT INTO vsb_all_wards VALUE (570,'Xã Phù Lưu Tế',30);
INSERT INTO vsb_all_wards VALUE (571,'Xã Đại Hưng',30);
INSERT INTO vsb_all_wards VALUE (572,'Xã Vạn Kim',30);
INSERT INTO vsb_all_wards VALUE (573,'Xã Đốc Tín',30);
INSERT INTO vsb_all_wards VALUE (574,'Xã Hương Sơn',30);
INSERT INTO vsb_all_wards VALUE (575,'Xã Hùng Tiến',30);
INSERT INTO vsb_all_wards VALUE (576,'Xã An Tiến',30);
INSERT INTO vsb_all_wards VALUE (577,'Xã Hợp Tiến',30);
INSERT INTO vsb_all_wards VALUE (578,'Xã Hợp Thanh',30);
INSERT INTO vsb_all_wards VALUE (579,'Xã An Phú',30);
INSERT INTO vsb_all_provinces VALUE (2,'Tỉnh Hà Giang');
INSERT INTO vsb_all_districts VALUE (31,'Thành phố Hà Giang',2);
INSERT INTO vsb_all_wards VALUE (580,'Phường Quang Trung',31);
INSERT INTO vsb_all_wards VALUE (581,'Phường Trần Phú',31);
INSERT INTO vsb_all_wards VALUE (582,'Phường Ngọc Hà',31);
INSERT INTO vsb_all_wards VALUE (583,'Phường Nguyễn Trãi',31);
INSERT INTO vsb_all_wards VALUE (584,'Phường Minh Khai',31);
INSERT INTO vsb_all_wards VALUE (585,'Xã Ngọc Đường',31);
INSERT INTO vsb_all_wards VALUE (586,'Xã Phương Độ',31);
INSERT INTO vsb_all_wards VALUE (587,'Xã Phương Thiện',31);
INSERT INTO vsb_all_districts VALUE (32,'Huyện Đồng Văn',2);
INSERT INTO vsb_all_wards VALUE (588,'Thị trấn Phó Bảng',32);
INSERT INTO vsb_all_wards VALUE (589,'Xã Lũng Cú',32);
INSERT INTO vsb_all_wards VALUE (590,'Xã Má Lé',32);
INSERT INTO vsb_all_wards VALUE (591,'Thị trấn Đồng Văn',32);
INSERT INTO vsb_all_wards VALUE (592,'Xã Lũng Táo',32);
INSERT INTO vsb_all_wards VALUE (593,'Xã Phố Là',32);
INSERT INTO vsb_all_wards VALUE (594,'Xã Thài Phìn Tủng',32);
INSERT INTO vsb_all_wards VALUE (595,'Xã Sủng Là',32);
INSERT INTO vsb_all_wards VALUE (596,'Xã Xà Phìn',32);
INSERT INTO vsb_all_wards VALUE (597,'Xã Tả Phìn',32);
INSERT INTO vsb_all_wards VALUE (598,'Xã Tả Lủng',32);
INSERT INTO vsb_all_wards VALUE (599,'Xã Phố Cáo',32);
INSERT INTO vsb_all_wards VALUE (600,'Xã Sính Lủng',32);
INSERT INTO vsb_all_wards VALUE (601,'Xã Sảng Tủng',32);
INSERT INTO vsb_all_wards VALUE (602,'Xã Lũng Thầu',32);
INSERT INTO vsb_all_wards VALUE (603,'Xã Hố Quáng Phìn',32);
INSERT INTO vsb_all_wards VALUE (604,'Xã Vần Chải',32);
INSERT INTO vsb_all_wards VALUE (605,'Xã Lũng Phìn',32);
INSERT INTO vsb_all_wards VALUE (606,'Xã Sủng Trái',32);
INSERT INTO vsb_all_districts VALUE (33,'Huyện Mèo Vạc',2);
INSERT INTO vsb_all_wards VALUE (607,'Thị trấn Mèo Vạc',33);
INSERT INTO vsb_all_wards VALUE (608,'Xã Thượng Phùng',33);
INSERT INTO vsb_all_wards VALUE (609,'Xã Pải Lủng',33);
INSERT INTO vsb_all_wards VALUE (610,'Xã Xín Cái',33);
INSERT INTO vsb_all_wards VALUE (611,'Xã Pả Vi',33);
INSERT INTO vsb_all_wards VALUE (612,'Xã Giàng Chu Phìn',33);
INSERT INTO vsb_all_wards VALUE (613,'Xã Sủng Trà',33);
INSERT INTO vsb_all_wards VALUE (614,'Xã Sủng Máng',33);
INSERT INTO vsb_all_wards VALUE (615,'Xã Sơn Vĩ',33);
INSERT INTO vsb_all_wards VALUE (616,'Xã Tả Lủng',33);
INSERT INTO vsb_all_wards VALUE (617,'Xã Cán Chu Phìn',33);
INSERT INTO vsb_all_wards VALUE (618,'Xã Lũng Pù',33);
INSERT INTO vsb_all_wards VALUE (619,'Xã Lũng Chinh',33);
INSERT INTO vsb_all_wards VALUE (620,'Xã Tát Ngà',33);
INSERT INTO vsb_all_wards VALUE (621,'Xã Nậm Ban',33);
INSERT INTO vsb_all_wards VALUE (622,'Xã Khâu Vai',33);
INSERT INTO vsb_all_wards VALUE (623,'Xã Niêm Tòng',33);
INSERT INTO vsb_all_wards VALUE (624,'Xã Niêm Sơn',33);
INSERT INTO vsb_all_districts VALUE (34,'Huyện Yên Minh',2);
INSERT INTO vsb_all_wards VALUE (625,'Thị trấn Yên Minh',34);
INSERT INTO vsb_all_wards VALUE (626,'Xã Thắng Mố',34);
INSERT INTO vsb_all_wards VALUE (627,'Xã Phú Lũng',34);
INSERT INTO vsb_all_wards VALUE (628,'Xã Sủng Tráng',34);
INSERT INTO vsb_all_wards VALUE (629,'Xã Bạch Đích',34);
INSERT INTO vsb_all_wards VALUE (630,'Xã Na Khê',34);
INSERT INTO vsb_all_wards VALUE (631,'Xã Sủng Thài',34);
INSERT INTO vsb_all_wards VALUE (632,'Xã Hữu Vinh',34);
INSERT INTO vsb_all_wards VALUE (633,'Xã Lao Và Chải',34);
INSERT INTO vsb_all_wards VALUE (634,'Xã Mậu Duệ',34);
INSERT INTO vsb_all_wards VALUE (635,'Xã Đông Minh',34);
INSERT INTO vsb_all_wards VALUE (636,'Xã Mậu Long',34);
INSERT INTO vsb_all_wards VALUE (637,'Xã Ngam La',34);
INSERT INTO vsb_all_wards VALUE (638,'Xã Ngọc Long',34);
INSERT INTO vsb_all_wards VALUE (639,'Xã Đường Thượng',34);
INSERT INTO vsb_all_wards VALUE (640,'Xã Lũng Hồ',34);
INSERT INTO vsb_all_wards VALUE (641,'Xã Du Tiến',34);
INSERT INTO vsb_all_wards VALUE (642,'Xã Du Già',34);
INSERT INTO vsb_all_districts VALUE (35,'Huyện Quản Bạ',2);
INSERT INTO vsb_all_wards VALUE (643,'Thị trấn Tam Sơn',35);
INSERT INTO vsb_all_wards VALUE (644,'Xã Bát Đại Sơn',35);
INSERT INTO vsb_all_wards VALUE (645,'Xã Nghĩa Thuận',35);
INSERT INTO vsb_all_wards VALUE (646,'Xã Cán Tỷ',35);
INSERT INTO vsb_all_wards VALUE (647,'Xã Cao Mã Pờ',35);
INSERT INTO vsb_all_wards VALUE (648,'Xã Thanh Vân',35);
INSERT INTO vsb_all_wards VALUE (649,'Xã Tùng Vài',35);
INSERT INTO vsb_all_wards VALUE (650,'Xã Đông Hà',35);
INSERT INTO vsb_all_wards VALUE (651,'Xã Quản Bạ',35);
INSERT INTO vsb_all_wards VALUE (652,'Xã Lùng Tám',35);
INSERT INTO vsb_all_wards VALUE (653,'Xã Quyết Tiến',35);
INSERT INTO vsb_all_wards VALUE (654,'Xã Tả Ván',35);
INSERT INTO vsb_all_wards VALUE (655,'Xã Thái An',35);
INSERT INTO vsb_all_districts VALUE (36,'Huyện Vị Xuyên',2);
INSERT INTO vsb_all_wards VALUE (656,'Xã Kim Thạch',36);
INSERT INTO vsb_all_wards VALUE (657,'Xã Phú Linh',36);
INSERT INTO vsb_all_wards VALUE (658,'Xã Kim Linh',36);
INSERT INTO vsb_all_wards VALUE (659,'Thị trấn Vị Xuyên',36);
INSERT INTO vsb_all_wards VALUE (660,'Thị trấn Nông Trường Việt Lâm',36);
INSERT INTO vsb_all_wards VALUE (661,'Xã Minh Tân',36);
INSERT INTO vsb_all_wards VALUE (662,'Xã Thuận Hoà',36);
INSERT INTO vsb_all_wards VALUE (663,'Xã Tùng Bá',36);
INSERT INTO vsb_all_wards VALUE (664,'Xã Thanh Thủy',36);
INSERT INTO vsb_all_wards VALUE (665,'Xã Thanh Đức',36);
INSERT INTO vsb_all_wards VALUE (666,'Xã Phong Quang',36);
INSERT INTO vsb_all_wards VALUE (667,'Xã Xín Chải',36);
INSERT INTO vsb_all_wards VALUE (668,'Xã Phương Tiến',36);
INSERT INTO vsb_all_wards VALUE (669,'Xã Lao Chải',36);
INSERT INTO vsb_all_wards VALUE (670,'Xã Cao Bồ',36);
INSERT INTO vsb_all_wards VALUE (671,'Xã Đạo Đức',36);
INSERT INTO vsb_all_wards VALUE (672,'Xã Thượng Sơn',36);
INSERT INTO vsb_all_wards VALUE (673,'Xã Linh Hồ',36);
INSERT INTO vsb_all_wards VALUE (674,'Xã Quảng Ngần',36);
INSERT INTO vsb_all_wards VALUE (675,'Xã Việt Lâm',36);
INSERT INTO vsb_all_wards VALUE (676,'Xã Ngọc Linh',36);
INSERT INTO vsb_all_wards VALUE (677,'Xã Ngọc Minh',36);
INSERT INTO vsb_all_wards VALUE (678,'Xã Bạch Ngọc',36);
INSERT INTO vsb_all_wards VALUE (679,'Xã Trung Thành',36);
INSERT INTO vsb_all_districts VALUE (37,'Huyện Bắc Mê',2);
INSERT INTO vsb_all_wards VALUE (680,'Xã Minh Sơn',37);
INSERT INTO vsb_all_wards VALUE (681,'Xã Giáp Trung',37);
INSERT INTO vsb_all_wards VALUE (682,'Xã Yên Định',37);
INSERT INTO vsb_all_wards VALUE (683,'Thị trấn Yên Phú',37);
INSERT INTO vsb_all_wards VALUE (684,'Xã Minh Ngọc',37);
INSERT INTO vsb_all_wards VALUE (685,'Xã Yên Phong',37);
INSERT INTO vsb_all_wards VALUE (686,'Xã Lạc Nông',37);
INSERT INTO vsb_all_wards VALUE (687,'Xã Phú Nam',37);
INSERT INTO vsb_all_wards VALUE (688,'Xã Yên Cường',37);
INSERT INTO vsb_all_wards VALUE (689,'Xã Thượng Tân',37);
INSERT INTO vsb_all_wards VALUE (690,'Xã Đường Âm',37);
INSERT INTO vsb_all_wards VALUE (691,'Xã Đường Hồng',37);
INSERT INTO vsb_all_wards VALUE (692,'Xã Phiêng Luông',37);
INSERT INTO vsb_all_districts VALUE (38,'Huyện Hoàng Su Phì',2);
INSERT INTO vsb_all_wards VALUE (693,'Thị trấn Vinh Quang',38);
INSERT INTO vsb_all_wards VALUE (694,'Xã Bản Máy',38);
INSERT INTO vsb_all_wards VALUE (695,'Xã Thàng Tín',38);
INSERT INTO vsb_all_wards VALUE (696,'Xã Thèn Chu Phìn',38);
INSERT INTO vsb_all_wards VALUE (697,'Xã Pố Lồ',38);
INSERT INTO vsb_all_wards VALUE (698,'Xã Bản Phùng',38);
INSERT INTO vsb_all_wards VALUE (699,'Xã Túng Sán',38);
INSERT INTO vsb_all_wards VALUE (700,'Xã Chiến Phố',38);
INSERT INTO vsb_all_wards VALUE (701,'Xã Đản Ván',38);
INSERT INTO vsb_all_wards VALUE (702,'Xã Tụ Nhân',38);
INSERT INTO vsb_all_wards VALUE (703,'Xã Tân Tiến',38);
INSERT INTO vsb_all_wards VALUE (704,'Xã Nàng Đôn',38);
INSERT INTO vsb_all_wards VALUE (705,'Xã Pờ Ly Ngài',38);
INSERT INTO vsb_all_wards VALUE (706,'Xã Sán Xả Hồ',38);
INSERT INTO vsb_all_wards VALUE (707,'Xã Bản Luốc',38);
INSERT INTO vsb_all_wards VALUE (708,'Xã Ngàm Đăng Vài',38);
INSERT INTO vsb_all_wards VALUE (709,'Xã Bản Nhùng',38);
INSERT INTO vsb_all_wards VALUE (710,'Xã Tả Sử Choóng',38);
INSERT INTO vsb_all_wards VALUE (711,'Xã Nậm Dịch',38);
INSERT INTO vsb_all_wards VALUE (712,'Xã Hồ Thầu',38);
INSERT INTO vsb_all_wards VALUE (713,'Xã Nam Sơn',38);
INSERT INTO vsb_all_wards VALUE (714,'Xã Nậm Tỵ',38);
INSERT INTO vsb_all_wards VALUE (715,'Xã Thông Nguyên',38);
INSERT INTO vsb_all_wards VALUE (716,'Xã Nậm Khòa',38);
INSERT INTO vsb_all_districts VALUE (39,'Huyện Xín Mần',2);
INSERT INTO vsb_all_wards VALUE (717,'Thị trấn Cốc Pài',39);
INSERT INTO vsb_all_wards VALUE (718,'Xã Nàn Xỉn',39);
INSERT INTO vsb_all_wards VALUE (719,'Xã Bản Díu',39);
INSERT INTO vsb_all_wards VALUE (720,'Xã Chí Cà',39);
INSERT INTO vsb_all_wards VALUE (721,'Xã Xín Mần',39);
INSERT INTO vsb_all_wards VALUE (722,'Xã Thèn Phàng',39);
INSERT INTO vsb_all_wards VALUE (723,'Xã Trung Thịnh',39);
INSERT INTO vsb_all_wards VALUE (724,'Xã Pà Vầy Sủ',39);
INSERT INTO vsb_all_wards VALUE (725,'Xã Cốc Rế',39);
INSERT INTO vsb_all_wards VALUE (726,'Xã Thu Tà',39);
INSERT INTO vsb_all_wards VALUE (727,'Xã Nàn Ma',39);
INSERT INTO vsb_all_wards VALUE (728,'Xã Tả Nhìu',39);
INSERT INTO vsb_all_wards VALUE (729,'Xã Bản Ngò',39);
INSERT INTO vsb_all_wards VALUE (730,'Xã Chế Là',39);
INSERT INTO vsb_all_wards VALUE (731,'Xã Nấm Dẩn',39);
INSERT INTO vsb_all_wards VALUE (732,'Xã Quảng Nguyên',39);
INSERT INTO vsb_all_wards VALUE (733,'Xã Nà Chì',39);
INSERT INTO vsb_all_wards VALUE (734,'Xã Khuôn Lùng',39);
INSERT INTO vsb_all_districts VALUE (40,'Huyện Bắc Quang',2);
INSERT INTO vsb_all_wards VALUE (735,'Thị trấn Việt Quang',40);
INSERT INTO vsb_all_wards VALUE (736,'Thị trấn Vĩnh Tuy',40);
INSERT INTO vsb_all_wards VALUE (737,'Xã Tân Lập',40);
INSERT INTO vsb_all_wards VALUE (738,'Xã Tân Thành',40);
INSERT INTO vsb_all_wards VALUE (739,'Xã Đồng Tiến',40);
INSERT INTO vsb_all_wards VALUE (740,'Xã Đồng Tâm',40);
INSERT INTO vsb_all_wards VALUE (741,'Xã Tân Quang',40);
INSERT INTO vsb_all_wards VALUE (742,'Xã Thượng Bình',40);
INSERT INTO vsb_all_wards VALUE (743,'Xã Hữu Sản',40);
INSERT INTO vsb_all_wards VALUE (744,'Xã Kim Ngọc',40);
INSERT INTO vsb_all_wards VALUE (745,'Xã Việt Vinh',40);
INSERT INTO vsb_all_wards VALUE (746,'Xã Bằng Hành',40);
INSERT INTO vsb_all_wards VALUE (747,'Xã Quang Minh',40);
INSERT INTO vsb_all_wards VALUE (748,'Xã Liên Hiệp',40);
INSERT INTO vsb_all_wards VALUE (749,'Xã Vô Điếm',40);
INSERT INTO vsb_all_wards VALUE (750,'Xã Việt Hồng',40);
INSERT INTO vsb_all_wards VALUE (751,'Xã Hùng An',40);
INSERT INTO vsb_all_wards VALUE (752,'Xã Đức Xuân',40);
INSERT INTO vsb_all_wards VALUE (753,'Xã Tiên Kiều',40);
INSERT INTO vsb_all_wards VALUE (754,'Xã Vĩnh Hảo',40);
INSERT INTO vsb_all_wards VALUE (755,'Xã Vĩnh Phúc',40);
INSERT INTO vsb_all_wards VALUE (756,'Xã Đồng Yên',40);
INSERT INTO vsb_all_wards VALUE (757,'Xã Đông Thành',40);
INSERT INTO vsb_all_districts VALUE (41,'Huyện Quang Bình',2);
INSERT INTO vsb_all_wards VALUE (758,'Xã Xuân Minh',41);
INSERT INTO vsb_all_wards VALUE (759,'Xã Tiên Nguyên',41);
INSERT INTO vsb_all_wards VALUE (760,'Xã Tân Nam',41);
INSERT INTO vsb_all_wards VALUE (761,'Xã Bản Rịa',41);
INSERT INTO vsb_all_wards VALUE (762,'Xã Yên Thành',41);
INSERT INTO vsb_all_wards VALUE (763,'Thị trấn Yên Bình',41);
INSERT INTO vsb_all_wards VALUE (764,'Xã Tân Trịnh',41);
INSERT INTO vsb_all_wards VALUE (765,'Xã Tân Bắc',41);
INSERT INTO vsb_all_wards VALUE (766,'Xã Bằng Lang',41);
INSERT INTO vsb_all_wards VALUE (767,'Xã Yên Hà',41);
INSERT INTO vsb_all_wards VALUE (768,'Xã Hương Sơn',41);
INSERT INTO vsb_all_wards VALUE (769,'Xã Xuân Giang',41);
INSERT INTO vsb_all_wards VALUE (770,'Xã Nà Khương',41);
INSERT INTO vsb_all_wards VALUE (771,'Xã Tiên Yên',41);
INSERT INTO vsb_all_wards VALUE (772,'Xã Vĩ Thượng',41);
INSERT INTO vsb_all_provinces VALUE (3,'Tỉnh Cao Bằng');
INSERT INTO vsb_all_districts VALUE (42,'Thành phố Cao Bằng',3);
INSERT INTO vsb_all_wards VALUE (773,'Phường Sông Hiến',42);
INSERT INTO vsb_all_wards VALUE (774,'Phường Sông Bằng',42);
INSERT INTO vsb_all_wards VALUE (775,'Phường Hợp Giang',42);
INSERT INTO vsb_all_wards VALUE (776,'Phường Tân Giang',42);
INSERT INTO vsb_all_wards VALUE (777,'Phường Ngọc Xuân',42);
INSERT INTO vsb_all_wards VALUE (778,'Phường Đề Thám',42);
INSERT INTO vsb_all_wards VALUE (779,'Phường Hoà Chung',42);
INSERT INTO vsb_all_wards VALUE (780,'Phường Duyệt Trung',42);
INSERT INTO vsb_all_wards VALUE (781,'Xã Vĩnh Quang',42);
INSERT INTO vsb_all_wards VALUE (782,'Xã Hưng Đạo',42);
INSERT INTO vsb_all_wards VALUE (783,'Xã Chu Trinh',42);
INSERT INTO vsb_all_districts VALUE (43,'Huyện Bảo Lâm',3);
INSERT INTO vsb_all_wards VALUE (784,'Thị trấn Pác Miầu',43);
INSERT INTO vsb_all_wards VALUE (785,'Xã Đức Hạnh',43);
INSERT INTO vsb_all_wards VALUE (786,'Xã Lý Bôn',43);
INSERT INTO vsb_all_wards VALUE (787,'Xã Nam Cao',43);
INSERT INTO vsb_all_wards VALUE (788,'Xã Nam Quang',43);
INSERT INTO vsb_all_wards VALUE (789,'Xã Vĩnh Quang',43);
INSERT INTO vsb_all_wards VALUE (790,'Xã Quảng Lâm',43);
INSERT INTO vsb_all_wards VALUE (791,'Xã Thạch Lâm',43);
INSERT INTO vsb_all_wards VALUE (792,'Xã Vĩnh Phong',43);
INSERT INTO vsb_all_wards VALUE (793,'Xã Mông Ân',43);
INSERT INTO vsb_all_wards VALUE (794,'Xã Thái Học',43);
INSERT INTO vsb_all_wards VALUE (795,'Xã Thái Sơn',43);
INSERT INTO vsb_all_wards VALUE (796,'Xã Yên Thổ',43);
INSERT INTO vsb_all_districts VALUE (44,'Huyện Bảo Lạc',3);
INSERT INTO vsb_all_wards VALUE (797,'Thị trấn Bảo Lạc',44);
INSERT INTO vsb_all_wards VALUE (798,'Xã Cốc Pàng',44);
INSERT INTO vsb_all_wards VALUE (799,'Xã Thượng Hà',44);
INSERT INTO vsb_all_wards VALUE (800,'Xã Cô Ba',44);
INSERT INTO vsb_all_wards VALUE (801,'Xã Bảo Toàn',44);
INSERT INTO vsb_all_wards VALUE (802,'Xã Khánh Xuân',44);
INSERT INTO vsb_all_wards VALUE (803,'Xã Xuân Trường',44);
INSERT INTO vsb_all_wards VALUE (804,'Xã Hồng Trị',44);
INSERT INTO vsb_all_wards VALUE (805,'Xã Kim Cúc',44);
INSERT INTO vsb_all_wards VALUE (806,'Xã Phan Thanh',44);
INSERT INTO vsb_all_wards VALUE (807,'Xã Hồng An',44);
INSERT INTO vsb_all_wards VALUE (808,'Xã Hưng Đạo',44);
INSERT INTO vsb_all_wards VALUE (809,'Xã Hưng Thịnh',44);
INSERT INTO vsb_all_wards VALUE (810,'Xã Huy Giáp',44);
INSERT INTO vsb_all_wards VALUE (811,'Xã Đình Phùng',44);
INSERT INTO vsb_all_wards VALUE (812,'Xã Sơn Lập',44);
INSERT INTO vsb_all_wards VALUE (813,'Xã Sơn Lộ',44);
INSERT INTO vsb_all_districts VALUE (45,'Huyện Hà Quảng',3);
INSERT INTO vsb_all_wards VALUE (814,'Thị trấn Thông Nông',45);
INSERT INTO vsb_all_wards VALUE (815,'Xã Cần Yên',45);
INSERT INTO vsb_all_wards VALUE (816,'Xã Cần Nông',45);
INSERT INTO vsb_all_wards VALUE (817,'Xã Lương Thông',45);
INSERT INTO vsb_all_wards VALUE (818,'Xã Đa Thông',45);
INSERT INTO vsb_all_wards VALUE (819,'Xã Ngọc Động',45);
INSERT INTO vsb_all_wards VALUE (820,'Xã Yên Sơn',45);
INSERT INTO vsb_all_wards VALUE (821,'Xã Lương Can',45);
INSERT INTO vsb_all_wards VALUE (822,'Xã Thanh Long',45);
INSERT INTO vsb_all_wards VALUE (823,'Thị trấn Xuân Hòa',45);
INSERT INTO vsb_all_wards VALUE (824,'Xã Lũng Nặm',45);
INSERT INTO vsb_all_wards VALUE (825,'Xã Trường Hà',45);
INSERT INTO vsb_all_wards VALUE (826,'Xã Cải Viên',45);
INSERT INTO vsb_all_wards VALUE (827,'Xã Nội Thôn',45);
INSERT INTO vsb_all_wards VALUE (828,'Xã Tổng Cọt',45);
INSERT INTO vsb_all_wards VALUE (829,'Xã Sóc Hà',45);
INSERT INTO vsb_all_wards VALUE (830,'Xã Thượng Thôn',45);
INSERT INTO vsb_all_wards VALUE (831,'Xã Hồng Sỹ',45);
INSERT INTO vsb_all_wards VALUE (832,'Xã Quý Quân',45);
INSERT INTO vsb_all_wards VALUE (833,'Xã Mã Ba',45);
INSERT INTO vsb_all_wards VALUE (834,'Xã Ngọc Đào',45);
INSERT INTO vsb_all_districts VALUE (46,'Huyện Trùng Khánh',3);
INSERT INTO vsb_all_wards VALUE (835,'Thị trấn Trà Lĩnh',46);
INSERT INTO vsb_all_wards VALUE (836,'Xã Tri Phương',46);
INSERT INTO vsb_all_wards VALUE (837,'Xã Quang Hán',46);
INSERT INTO vsb_all_wards VALUE (838,'Xã Xuân Nội',46);
INSERT INTO vsb_all_wards VALUE (839,'Xã Quang Trung',46);
INSERT INTO vsb_all_wards VALUE (840,'Xã Quang Vinh',46);
INSERT INTO vsb_all_wards VALUE (841,'Xã Cao Chương',46);
INSERT INTO vsb_all_wards VALUE (842,'Thị trấn Trùng Khánh',46);
INSERT INTO vsb_all_wards VALUE (843,'Xã Ngọc Khê',46);
INSERT INTO vsb_all_wards VALUE (844,'Xã Ngọc Côn',46);
INSERT INTO vsb_all_wards VALUE (845,'Xã Phong Nậm',46);
INSERT INTO vsb_all_wards VALUE (846,'Xã Đình Phong',46);
INSERT INTO vsb_all_wards VALUE (847,'Xã Đàm Thuỷ',46);
INSERT INTO vsb_all_wards VALUE (848,'Xã Khâm Thành',46);
INSERT INTO vsb_all_wards VALUE (849,'Xã Chí Viễn',46);
INSERT INTO vsb_all_wards VALUE (850,'Xã Lăng Hiếu',46);
INSERT INTO vsb_all_wards VALUE (851,'Xã Phong Châu',46);
INSERT INTO vsb_all_wards VALUE (852,'Xã Trung Phúc',46);
INSERT INTO vsb_all_wards VALUE (853,'Xã Cao Thăng',46);
INSERT INTO vsb_all_wards VALUE (854,'Xã Đức Hồng',46);
INSERT INTO vsb_all_wards VALUE (855,'Xã Đoài Dương',46);
INSERT INTO vsb_all_districts VALUE (47,'Huyện Hạ Lang',3);
INSERT INTO vsb_all_wards VALUE (856,'Xã Minh Long',47);
INSERT INTO vsb_all_wards VALUE (857,'Xã Lý Quốc',47);
INSERT INTO vsb_all_wards VALUE (858,'Xã Thắng Lợi',47);
INSERT INTO vsb_all_wards VALUE (859,'Xã Đồng Loan',47);
INSERT INTO vsb_all_wards VALUE (860,'Xã Đức Quang',47);
INSERT INTO vsb_all_wards VALUE (861,'Xã Kim Loan',47);
INSERT INTO vsb_all_wards VALUE (862,'Xã Quang Long',47);
INSERT INTO vsb_all_wards VALUE (863,'Xã An Lạc',47);
INSERT INTO vsb_all_wards VALUE (864,'Thị trấn Thanh Nhật',47);
INSERT INTO vsb_all_wards VALUE (865,'Xã Vinh Quý',47);
INSERT INTO vsb_all_wards VALUE (866,'Xã Thống Nhất',47);
INSERT INTO vsb_all_wards VALUE (867,'Xã Cô Ngân',47);
INSERT INTO vsb_all_wards VALUE (868,'Xã Thị Hoa',47);
INSERT INTO vsb_all_districts VALUE (48,'Huyện Quảng Hòa',3);
INSERT INTO vsb_all_wards VALUE (869,'Xã Quốc Toản',48);
INSERT INTO vsb_all_wards VALUE (870,'Thị trấn Quảng Uyên',48);
INSERT INTO vsb_all_wards VALUE (871,'Xã Phi Hải',48);
INSERT INTO vsb_all_wards VALUE (872,'Xã Quảng Hưng',48);
INSERT INTO vsb_all_wards VALUE (873,'Xã Độc Lập',48);
INSERT INTO vsb_all_wards VALUE (874,'Xã Cai Bộ',48);
INSERT INTO vsb_all_wards VALUE (875,'Xã Phúc Sen',48);
INSERT INTO vsb_all_wards VALUE (876,'Xã Chí Thảo',48);
INSERT INTO vsb_all_wards VALUE (877,'Xã Tự Do',48);
INSERT INTO vsb_all_wards VALUE (878,'Xã Hồng Quang',48);
INSERT INTO vsb_all_wards VALUE (879,'Xã Ngọc Động',48);
INSERT INTO vsb_all_wards VALUE (880,'Xã Hạnh Phúc',48);
INSERT INTO vsb_all_wards VALUE (881,'Thị trấn Tà Lùng',48);
INSERT INTO vsb_all_wards VALUE (882,'Xã Bế Văn Đàn',48);
INSERT INTO vsb_all_wards VALUE (883,'Xã Cách Linh',48);
INSERT INTO vsb_all_wards VALUE (884,'Xã Đại Sơn',48);
INSERT INTO vsb_all_wards VALUE (885,'Xã Tiên Thành',48);
INSERT INTO vsb_all_wards VALUE (886,'Thị trấn Hoà Thuận',48);
INSERT INTO vsb_all_wards VALUE (887,'Xã Mỹ Hưng',48);
INSERT INTO vsb_all_districts VALUE (49,'Huyện Hoà An',3);
INSERT INTO vsb_all_wards VALUE (888,'Thị trấn Nước Hai',49);
INSERT INTO vsb_all_wards VALUE (889,'Xã Dân Chủ',49);
INSERT INTO vsb_all_wards VALUE (890,'Xã Nam Tuấn',49);
INSERT INTO vsb_all_wards VALUE (891,'Xã Đại Tiến',49);
INSERT INTO vsb_all_wards VALUE (892,'Xã Đức Long',49);
INSERT INTO vsb_all_wards VALUE (893,'Xã Ngũ Lão',49);
INSERT INTO vsb_all_wards VALUE (894,'Xã Trương Lương',49);
INSERT INTO vsb_all_wards VALUE (895,'Xã Hồng Việt',49);
INSERT INTO vsb_all_wards VALUE (896,'Xã Hoàng Tung',49);
INSERT INTO vsb_all_wards VALUE (897,'Xã Nguyễn Huệ',49);
INSERT INTO vsb_all_wards VALUE (898,'Xã Quang Trung',49);
INSERT INTO vsb_all_wards VALUE (899,'Xã Bạch Đằng',49);
INSERT INTO vsb_all_wards VALUE (900,'Xã Bình Dương',49);
INSERT INTO vsb_all_wards VALUE (901,'Xã Lê Chung',49);
INSERT INTO vsb_all_wards VALUE (902,'Xã Hồng Nam',49);
INSERT INTO vsb_all_districts VALUE (50,'Huyện Nguyên Bình',3);
INSERT INTO vsb_all_wards VALUE (903,'Thị trấn Nguyên Bình',50);
INSERT INTO vsb_all_wards VALUE (904,'Thị trấn Tĩnh Túc',50);
INSERT INTO vsb_all_wards VALUE (905,'Xã Yên Lạc',50);
INSERT INTO vsb_all_wards VALUE (906,'Xã Triệu Nguyên',50);
INSERT INTO vsb_all_wards VALUE (907,'Xã Ca Thành',50);
INSERT INTO vsb_all_wards VALUE (908,'Xã Vũ Nông',50);
INSERT INTO vsb_all_wards VALUE (909,'Xã Minh Tâm',50);
INSERT INTO vsb_all_wards VALUE (910,'Xã Thể Dục',50);
INSERT INTO vsb_all_wards VALUE (911,'Xã Mai Long',50);
INSERT INTO vsb_all_wards VALUE (912,'Xã Vũ Minh',50);
INSERT INTO vsb_all_wards VALUE (913,'Xã Hoa Thám',50);
INSERT INTO vsb_all_wards VALUE (914,'Xã Phan Thanh',50);
INSERT INTO vsb_all_wards VALUE (915,'Xã Quang Thành',50);
INSERT INTO vsb_all_wards VALUE (916,'Xã Tam Kim',50);
INSERT INTO vsb_all_wards VALUE (917,'Xã Thành Công',50);
INSERT INTO vsb_all_wards VALUE (918,'Xã Thịnh Vượng',50);
INSERT INTO vsb_all_wards VALUE (919,'Xã Hưng Đạo',50);
INSERT INTO vsb_all_districts VALUE (51,'Huyện Thạch An',3);
INSERT INTO vsb_all_wards VALUE (920,'Thị trấn Đông Khê',51);
INSERT INTO vsb_all_wards VALUE (921,'Xã Canh Tân',51);
INSERT INTO vsb_all_wards VALUE (922,'Xã Kim Đồng',51);
INSERT INTO vsb_all_wards VALUE (923,'Xã Minh Khai',51);
INSERT INTO vsb_all_wards VALUE (924,'Xã Đức Thông',51);
INSERT INTO vsb_all_wards VALUE (925,'Xã Thái Cường',51);
INSERT INTO vsb_all_wards VALUE (926,'Xã Vân Trình',51);
INSERT INTO vsb_all_wards VALUE (927,'Xã Thụy Hùng',51);
INSERT INTO vsb_all_wards VALUE (928,'Xã Quang Trọng',51);
INSERT INTO vsb_all_wards VALUE (929,'Xã Trọng Con',51);
INSERT INTO vsb_all_wards VALUE (930,'Xã Lê Lai',51);
INSERT INTO vsb_all_wards VALUE (931,'Xã Đức Long',51);
INSERT INTO vsb_all_wards VALUE (932,'Xã Lê Lợi',51);
INSERT INTO vsb_all_wards VALUE (933,'Xã Đức Xuân',51);
INSERT INTO vsb_all_provinces VALUE (4,'Tỉnh Bắc Kạn');
INSERT INTO vsb_all_districts VALUE (52,'Thành Phố Bắc Kạn',4);
INSERT INTO vsb_all_wards VALUE (934,'Phường Nguyễn Thị Minh Khai',52);
INSERT INTO vsb_all_wards VALUE (935,'Phường Sông Cầu',52);
INSERT INTO vsb_all_wards VALUE (936,'Phường Đức Xuân',52);
INSERT INTO vsb_all_wards VALUE (937,'Phường Phùng Chí Kiên',52);
INSERT INTO vsb_all_wards VALUE (938,'Phường Huyền Tụng',52);
INSERT INTO vsb_all_wards VALUE (939,'Xã Dương Quang',52);
INSERT INTO vsb_all_wards VALUE (940,'Xã Nông Thượng',52);
INSERT INTO vsb_all_wards VALUE (941,'Phường Xuất Hóa',52);
INSERT INTO vsb_all_districts VALUE (53,'Huyện Pác Nặm',4);
INSERT INTO vsb_all_wards VALUE (942,'Xã Bằng Thành',53);
INSERT INTO vsb_all_wards VALUE (943,'Xã Nhạn Môn',53);
INSERT INTO vsb_all_wards VALUE (944,'Xã Bộc Bố',53);
INSERT INTO vsb_all_wards VALUE (945,'Xã Công Bằng',53);
INSERT INTO vsb_all_wards VALUE (946,'Xã Giáo Hiệu',53);
INSERT INTO vsb_all_wards VALUE (947,'Xã Xuân La',53);
INSERT INTO vsb_all_wards VALUE (948,'Xã An Thắng',53);
INSERT INTO vsb_all_wards VALUE (949,'Xã Cổ Linh',53);
INSERT INTO vsb_all_wards VALUE (950,'Xã Nghiên Loan',53);
INSERT INTO vsb_all_wards VALUE (951,'Xã Cao Tân',53);
INSERT INTO vsb_all_districts VALUE (54,'Huyện Ba Bể',4);
INSERT INTO vsb_all_wards VALUE (952,'Thị trấn Chợ Rã',54);
INSERT INTO vsb_all_wards VALUE (953,'Xã Bành Trạch',54);
INSERT INTO vsb_all_wards VALUE (954,'Xã Phúc Lộc',54);
INSERT INTO vsb_all_wards VALUE (955,'Xã Hà Hiệu',54);
INSERT INTO vsb_all_wards VALUE (956,'Xã Cao Thượng',54);
INSERT INTO vsb_all_wards VALUE (957,'Xã Khang Ninh',54);
INSERT INTO vsb_all_wards VALUE (958,'Xã Nam Mẫu',54);
INSERT INTO vsb_all_wards VALUE (959,'Xã Thượng Giáo',54);
INSERT INTO vsb_all_wards VALUE (960,'Xã Địa Linh',54);
INSERT INTO vsb_all_wards VALUE (961,'Xã Yến Dương',54);
INSERT INTO vsb_all_wards VALUE (962,'Xã Chu Hương',54);
INSERT INTO vsb_all_wards VALUE (963,'Xã Quảng Khê',54);
INSERT INTO vsb_all_wards VALUE (964,'Xã Mỹ Phương',54);
INSERT INTO vsb_all_wards VALUE (965,'Xã Hoàng Trĩ',54);
INSERT INTO vsb_all_wards VALUE (966,'Xã Đồng Phúc',54);
INSERT INTO vsb_all_districts VALUE (55,'Huyện Ngân Sơn',4);
INSERT INTO vsb_all_wards VALUE (967,'Thị trấn Nà Phặc',55);
INSERT INTO vsb_all_wards VALUE (968,'Xã Thượng Ân',55);
INSERT INTO vsb_all_wards VALUE (969,'Xã Bằng Vân',55);
INSERT INTO vsb_all_wards VALUE (970,'Xã Cốc Đán',55);
INSERT INTO vsb_all_wards VALUE (971,'Xã Trung Hoà',55);
INSERT INTO vsb_all_wards VALUE (972,'Xã Đức Vân',55);
INSERT INTO vsb_all_wards VALUE (973,'Thị trấn Vân Tùng',55);
INSERT INTO vsb_all_wards VALUE (974,'Xã Thượng Quan',55);
INSERT INTO vsb_all_wards VALUE (975,'Xã Hiệp Lực',55);
INSERT INTO vsb_all_wards VALUE (976,'Xã Thuần Mang',55);
INSERT INTO vsb_all_districts VALUE (56,'Huyện Bạch Thông',4);
INSERT INTO vsb_all_wards VALUE (977,'Thị trấn Phủ Thông',56);
INSERT INTO vsb_all_wards VALUE (978,'Xã Vi Hương',56);
INSERT INTO vsb_all_wards VALUE (979,'Xã Sĩ Bình',56);
INSERT INTO vsb_all_wards VALUE (980,'Xã Vũ Muộn',56);
INSERT INTO vsb_all_wards VALUE (981,'Xã Đôn Phong',56);
INSERT INTO vsb_all_wards VALUE (982,'Xã Lục Bình',56);
INSERT INTO vsb_all_wards VALUE (983,'Xã Tân Tú',56);
INSERT INTO vsb_all_wards VALUE (984,'Xã Nguyên Phúc',56);
INSERT INTO vsb_all_wards VALUE (985,'Xã Cao Sơn',56);
INSERT INTO vsb_all_wards VALUE (986,'Xã Quân Hà',56);
INSERT INTO vsb_all_wards VALUE (987,'Xã Cẩm Giàng',56);
INSERT INTO vsb_all_wards VALUE (988,'Xã Mỹ Thanh',56);
INSERT INTO vsb_all_wards VALUE (989,'Xã Dương Phong',56);
INSERT INTO vsb_all_wards VALUE (990,'Xã Quang Thuận',56);
INSERT INTO vsb_all_districts VALUE (57,'Huyện Chợ Đồn',4);
INSERT INTO vsb_all_wards VALUE (991,'Thị trấn Bằng Lũng',57);
INSERT INTO vsb_all_wards VALUE (992,'Xã Xuân Lạc',57);
INSERT INTO vsb_all_wards VALUE (993,'Xã Nam Cường',57);
INSERT INTO vsb_all_wards VALUE (994,'Xã Đồng Lạc',57);
INSERT INTO vsb_all_wards VALUE (995,'Xã Tân Lập',57);
INSERT INTO vsb_all_wards VALUE (996,'Xã Bản Thi',57);
INSERT INTO vsb_all_wards VALUE (997,'Xã Quảng Bạch',57);
INSERT INTO vsb_all_wards VALUE (998,'Xã Bằng Phúc',57);
INSERT INTO vsb_all_wards VALUE (999,'Xã Yên Thịnh',57);
INSERT INTO vsb_all_wards VALUE (1000,'Xã Yên Thượng',57);
INSERT INTO vsb_all_wards VALUE (1001,'Xã Phương Viên',57);
INSERT INTO vsb_all_wards VALUE (1002,'Xã Ngọc Phái',57);
INSERT INTO vsb_all_wards VALUE (1003,'Xã Đồng Thắng',57);
INSERT INTO vsb_all_wards VALUE (1004,'Xã Lương Bằng',57);
INSERT INTO vsb_all_wards VALUE (1005,'Xã Bằng Lãng',57);
INSERT INTO vsb_all_wards VALUE (1006,'Xã Đại Sảo',57);
INSERT INTO vsb_all_wards VALUE (1007,'Xã Nghĩa Tá',57);
INSERT INTO vsb_all_wards VALUE (1008,'Xã Yên Mỹ',57);
INSERT INTO vsb_all_wards VALUE (1009,'Xã Bình Trung',57);
INSERT INTO vsb_all_wards VALUE (1010,'Xã Yên Phong',57);
INSERT INTO vsb_all_districts VALUE (58,'Huyện Chợ Mới',4);
INSERT INTO vsb_all_wards VALUE (1011,'Thị trấn Đồng Tâm',58);
INSERT INTO vsb_all_wards VALUE (1012,'Xã Tân Sơn',58);
INSERT INTO vsb_all_wards VALUE (1013,'Xã Thanh Vận',58);
INSERT INTO vsb_all_wards VALUE (1014,'Xã Mai Lạp',58);
INSERT INTO vsb_all_wards VALUE (1015,'Xã Hoà Mục',58);
INSERT INTO vsb_all_wards VALUE (1016,'Xã Thanh Mai',58);
INSERT INTO vsb_all_wards VALUE (1017,'Xã Cao Kỳ',58);
INSERT INTO vsb_all_wards VALUE (1018,'Xã Nông Hạ',58);
INSERT INTO vsb_all_wards VALUE (1019,'Xã Yên Cư',58);
INSERT INTO vsb_all_wards VALUE (1020,'Xã Thanh Thịnh',58);
INSERT INTO vsb_all_wards VALUE (1021,'Xã Yên Hân',58);
INSERT INTO vsb_all_wards VALUE (1022,'Xã Như Cố',58);
INSERT INTO vsb_all_wards VALUE (1023,'Xã Bình Văn',58);
INSERT INTO vsb_all_wards VALUE (1024,'Xã Quảng Chu',58);
INSERT INTO vsb_all_districts VALUE (59,'Huyện Na Rì',4);
INSERT INTO vsb_all_wards VALUE (1025,'Xã Văn Vũ',59);
INSERT INTO vsb_all_wards VALUE (1026,'Xã Văn Lang',59);
INSERT INTO vsb_all_wards VALUE (1027,'Xã Lương Thượng',59);
INSERT INTO vsb_all_wards VALUE (1028,'Xã Kim Hỷ',59);
INSERT INTO vsb_all_wards VALUE (1029,'Xã Cường Lợi',59);
INSERT INTO vsb_all_wards VALUE (1030,'Thị trấn Yến Lạc',59);
INSERT INTO vsb_all_wards VALUE (1031,'Xã Kim Lư',59);
INSERT INTO vsb_all_wards VALUE (1032,'Xã Sơn Thành',59);
INSERT INTO vsb_all_wards VALUE (1033,'Xã Văn Minh',59);
INSERT INTO vsb_all_wards VALUE (1034,'Xã Côn Minh',59);
INSERT INTO vsb_all_wards VALUE (1035,'Xã Cư Lễ',59);
INSERT INTO vsb_all_wards VALUE (1036,'Xã Trần Phú',59);
INSERT INTO vsb_all_wards VALUE (1037,'Xã Quang Phong',59);
INSERT INTO vsb_all_wards VALUE (1038,'Xã Dương Sơn',59);
INSERT INTO vsb_all_wards VALUE (1039,'Xã Xuân Dương',59);
INSERT INTO vsb_all_wards VALUE (1040,'Xã Đổng Xá',59);
INSERT INTO vsb_all_wards VALUE (1041,'Xã Liêm Thuỷ',59);
INSERT INTO vsb_all_provinces VALUE (5,'Tỉnh Tuyên Quang');
INSERT INTO vsb_all_districts VALUE (60,'Thành phố Tuyên Quang',5);
INSERT INTO vsb_all_wards VALUE (1042,'Phường Phan Thiết',60);
INSERT INTO vsb_all_wards VALUE (1043,'Phường Minh Xuân',60);
INSERT INTO vsb_all_wards VALUE (1044,'Phường Tân Quang',60);
INSERT INTO vsb_all_wards VALUE (1045,'Xã Tràng Đà',60);
INSERT INTO vsb_all_wards VALUE (1046,'Phường Nông Tiến',60);
INSERT INTO vsb_all_wards VALUE (1047,'Phường Ỷ La',60);
INSERT INTO vsb_all_wards VALUE (1048,'Phường Tân Hà',60);
INSERT INTO vsb_all_wards VALUE (1049,'Phường Hưng Thành',60);
INSERT INTO vsb_all_wards VALUE (1050,'Xã Kim Phú',60);
INSERT INTO vsb_all_wards VALUE (1051,'Xã An Khang',60);
INSERT INTO vsb_all_wards VALUE (1052,'Phường Mỹ Lâm',60);
INSERT INTO vsb_all_wards VALUE (1053,'Phường An Tường',60);
INSERT INTO vsb_all_wards VALUE (1054,'Xã Lưỡng Vượng',60);
INSERT INTO vsb_all_wards VALUE (1055,'Xã Thái Long',60);
INSERT INTO vsb_all_wards VALUE (1056,'Phường Đội Cấn',60);
INSERT INTO vsb_all_districts VALUE (61,'Huyện Lâm Bình',5);
INSERT INTO vsb_all_wards VALUE (1057,'Xã Phúc Yên',61);
INSERT INTO vsb_all_wards VALUE (1058,'Xã Xuân Lập',61);
INSERT INTO vsb_all_wards VALUE (1059,'Xã Khuôn Hà',61);
INSERT INTO vsb_all_wards VALUE (1060,'Thị trấn Lăng Can',61);
INSERT INTO vsb_all_wards VALUE (1061,'Xã Thượng Lâm',61);
INSERT INTO vsb_all_wards VALUE (1062,'Xã Bình An',61);
INSERT INTO vsb_all_wards VALUE (1063,'Xã Hồng Quang',61);
INSERT INTO vsb_all_wards VALUE (1064,'Xã Thổ Bình',61);
INSERT INTO vsb_all_wards VALUE (1065,'Xã Phúc Sơn',61);
INSERT INTO vsb_all_wards VALUE (1066,'Xã Minh Quang',61);
INSERT INTO vsb_all_districts VALUE (62,'Huyện Na Hang',5);
INSERT INTO vsb_all_wards VALUE (1067,'Thị trấn Na Hang',62);
INSERT INTO vsb_all_wards VALUE (1068,'Xã Sinh Long',62);
INSERT INTO vsb_all_wards VALUE (1069,'Xã Thượng Giáp',62);
INSERT INTO vsb_all_wards VALUE (1070,'Xã Thượng Nông',62);
INSERT INTO vsb_all_wards VALUE (1071,'Xã Côn Lôn',62);
INSERT INTO vsb_all_wards VALUE (1072,'Xã Yên Hoa',62);
INSERT INTO vsb_all_wards VALUE (1073,'Xã Hồng Thái',62);
INSERT INTO vsb_all_wards VALUE (1074,'Xã Đà Vị',62);
INSERT INTO vsb_all_wards VALUE (1075,'Xã Khau Tinh',62);
INSERT INTO vsb_all_wards VALUE (1076,'Xã Sơn Phú',62);
INSERT INTO vsb_all_wards VALUE (1077,'Xã Năng Khả',62);
INSERT INTO vsb_all_wards VALUE (1078,'Xã Thanh Tương',62);
INSERT INTO vsb_all_districts VALUE (63,'Huyện Chiêm Hóa',5);
INSERT INTO vsb_all_wards VALUE (1079,'Thị trấn Vĩnh Lộc',63);
INSERT INTO vsb_all_wards VALUE (1080,'Xã Trung Hà',63);
INSERT INTO vsb_all_wards VALUE (1081,'Xã Tân Mỹ',63);
INSERT INTO vsb_all_wards VALUE (1082,'Xã Hà Lang',63);
INSERT INTO vsb_all_wards VALUE (1083,'Xã Hùng Mỹ',63);
INSERT INTO vsb_all_wards VALUE (1084,'Xã Yên Lập',63);
INSERT INTO vsb_all_wards VALUE (1085,'Xã Tân An',63);
INSERT INTO vsb_all_wards VALUE (1086,'Xã Bình Phú',63);
INSERT INTO vsb_all_wards VALUE (1087,'Xã Xuân Quang',63);
INSERT INTO vsb_all_wards VALUE (1088,'Xã Ngọc Hội',63);
INSERT INTO vsb_all_wards VALUE (1089,'Xã Phú Bình',63);
INSERT INTO vsb_all_wards VALUE (1090,'Xã Hòa Phú',63);
INSERT INTO vsb_all_wards VALUE (1091,'Xã Phúc Thịnh',63);
INSERT INTO vsb_all_wards VALUE (1092,'Xã Kiên Đài',63);
INSERT INTO vsb_all_wards VALUE (1093,'Xã Tân Thịnh',63);
INSERT INTO vsb_all_wards VALUE (1094,'Xã Trung Hòa',63);
INSERT INTO vsb_all_wards VALUE (1095,'Xã Kim Bình',63);
INSERT INTO vsb_all_wards VALUE (1096,'Xã Hòa An',63);
INSERT INTO vsb_all_wards VALUE (1097,'Xã Vinh Quang',63);
INSERT INTO vsb_all_wards VALUE (1098,'Xã Tri Phú',63);
INSERT INTO vsb_all_wards VALUE (1099,'Xã Nhân Lý',63);
INSERT INTO vsb_all_wards VALUE (1100,'Xã Yên Nguyên',63);
INSERT INTO vsb_all_wards VALUE (1101,'Xã Linh Phú',63);
INSERT INTO vsb_all_wards VALUE (1102,'Xã Bình Nhân',63);
INSERT INTO vsb_all_districts VALUE (64,'Huyện Hàm Yên',5);
INSERT INTO vsb_all_wards VALUE (1103,'Thị trấn Tân Yên',64);
INSERT INTO vsb_all_wards VALUE (1104,'Xã Yên Thuận',64);
INSERT INTO vsb_all_wards VALUE (1105,'Xã Bạch Xa',64);
INSERT INTO vsb_all_wards VALUE (1106,'Xã Minh Khương',64);
INSERT INTO vsb_all_wards VALUE (1107,'Xã Yên Lâm',64);
INSERT INTO vsb_all_wards VALUE (1108,'Xã Minh Dân',64);
INSERT INTO vsb_all_wards VALUE (1109,'Xã Phù Lưu',64);
INSERT INTO vsb_all_wards VALUE (1110,'Xã Minh Hương',64);
INSERT INTO vsb_all_wards VALUE (1111,'Xã Yên Phú',64);
INSERT INTO vsb_all_wards VALUE (1112,'Xã Tân Thành',64);
INSERT INTO vsb_all_wards VALUE (1113,'Xã Bình Xa',64);
INSERT INTO vsb_all_wards VALUE (1114,'Xã Thái Sơn',64);
INSERT INTO vsb_all_wards VALUE (1115,'Xã Nhân Mục',64);
INSERT INTO vsb_all_wards VALUE (1116,'Xã Thành Long',64);
INSERT INTO vsb_all_wards VALUE (1117,'Xã Bằng Cốc',64);
INSERT INTO vsb_all_wards VALUE (1118,'Xã Thái Hòa',64);
INSERT INTO vsb_all_wards VALUE (1119,'Xã Đức Ninh',64);
INSERT INTO vsb_all_wards VALUE (1120,'Xã Hùng Đức',64);
INSERT INTO vsb_all_districts VALUE (65,'Huyện Yên Sơn',5);
INSERT INTO vsb_all_wards VALUE (1121,'Xã Quí Quân',65);
INSERT INTO vsb_all_wards VALUE (1122,'Xã Lực Hành',65);
INSERT INTO vsb_all_wards VALUE (1123,'Xã Kiến Thiết',65);
INSERT INTO vsb_all_wards VALUE (1124,'Xã Trung Minh',65);
INSERT INTO vsb_all_wards VALUE (1125,'Xã Chiêu Yên',65);
INSERT INTO vsb_all_wards VALUE (1126,'Xã Trung Trực',65);
INSERT INTO vsb_all_wards VALUE (1127,'Xã Xuân Vân',65);
INSERT INTO vsb_all_wards VALUE (1128,'Xã Phúc Ninh',65);
INSERT INTO vsb_all_wards VALUE (1129,'Xã Hùng Lợi',65);
INSERT INTO vsb_all_wards VALUE (1130,'Xã Trung Sơn',65);
INSERT INTO vsb_all_wards VALUE (1131,'Xã Tân Tiến',65);
INSERT INTO vsb_all_wards VALUE (1132,'Xã Tứ Quận',65);
INSERT INTO vsb_all_wards VALUE (1133,'Xã Đạo Viện',65);
INSERT INTO vsb_all_wards VALUE (1134,'Xã Tân Long',65);
INSERT INTO vsb_all_wards VALUE (1135,'Thị trấn Yên Sơn',65);
INSERT INTO vsb_all_wards VALUE (1136,'Xã Kim Quan',65);
INSERT INTO vsb_all_wards VALUE (1137,'Xã Lang Quán',65);
INSERT INTO vsb_all_wards VALUE (1138,'Xã Phú Thịnh',65);
INSERT INTO vsb_all_wards VALUE (1139,'Xã Công Đa',65);
INSERT INTO vsb_all_wards VALUE (1140,'Xã Trung Môn',65);
INSERT INTO vsb_all_wards VALUE (1141,'Xã Chân Sơn',65);
INSERT INTO vsb_all_wards VALUE (1142,'Xã Thái Bình',65);
INSERT INTO vsb_all_wards VALUE (1143,'Xã Tiến Bộ',65);
INSERT INTO vsb_all_wards VALUE (1144,'Xã Mỹ Bằng',65);
INSERT INTO vsb_all_wards VALUE (1145,'Xã Hoàng Khai',65);
INSERT INTO vsb_all_wards VALUE (1146,'Xã Nhữ Hán',65);
INSERT INTO vsb_all_wards VALUE (1147,'Xã Nhữ Khê',65);
INSERT INTO vsb_all_wards VALUE (1148,'Xã Đội Bình',65);
INSERT INTO vsb_all_districts VALUE (66,'Huyện Sơn Dương',5);
INSERT INTO vsb_all_wards VALUE (1149,'Thị trấn Sơn Dương',66);
INSERT INTO vsb_all_wards VALUE (1150,'Xã Trung Yên',66);
INSERT INTO vsb_all_wards VALUE (1151,'Xã Minh Thanh',66);
INSERT INTO vsb_all_wards VALUE (1152,'Xã Tân Trào',66);
INSERT INTO vsb_all_wards VALUE (1153,'Xã Vĩnh Lợi',66);
INSERT INTO vsb_all_wards VALUE (1154,'Xã Thượng Ấm',66);
INSERT INTO vsb_all_wards VALUE (1155,'Xã Bình Yên',66);
INSERT INTO vsb_all_wards VALUE (1156,'Xã Lương Thiện',66);
INSERT INTO vsb_all_wards VALUE (1157,'Xã Tú Thịnh',66);
INSERT INTO vsb_all_wards VALUE (1158,'Xã Cấp Tiến',66);
INSERT INTO vsb_all_wards VALUE (1159,'Xã Hợp Thành',66);
INSERT INTO vsb_all_wards VALUE (1160,'Xã Phúc Ứng',66);
INSERT INTO vsb_all_wards VALUE (1161,'Xã Đông Thọ',66);
INSERT INTO vsb_all_wards VALUE (1162,'Xã Kháng Nhật',66);
INSERT INTO vsb_all_wards VALUE (1163,'Xã Hợp Hòa',66);
INSERT INTO vsb_all_wards VALUE (1164,'Xã Quyết Thắng',66);
INSERT INTO vsb_all_wards VALUE (1165,'Xã Đồng Quý',66);
INSERT INTO vsb_all_wards VALUE (1166,'Xã Tân Thanh',66);
INSERT INTO vsb_all_wards VALUE (1167,'Xã Vân Sơn',66);
INSERT INTO vsb_all_wards VALUE (1168,'Xã Văn Phú',66);
INSERT INTO vsb_all_wards VALUE (1169,'Xã Chi Thiết',66);
INSERT INTO vsb_all_wards VALUE (1170,'Xã Đông Lợi',66);
INSERT INTO vsb_all_wards VALUE (1171,'Xã Thiện Kế',66);
INSERT INTO vsb_all_wards VALUE (1172,'Xã Hồng Lạc',66);
INSERT INTO vsb_all_wards VALUE (1173,'Xã Phú Lương',66);
INSERT INTO vsb_all_wards VALUE (1174,'Xã Ninh Lai',66);
INSERT INTO vsb_all_wards VALUE (1175,'Xã Đại Phú',66);
INSERT INTO vsb_all_wards VALUE (1176,'Xã Sơn Nam',66);
INSERT INTO vsb_all_wards VALUE (1177,'Xã Hào Phú',66);
INSERT INTO vsb_all_wards VALUE (1178,'Xã Tam Đa',66);
INSERT INTO vsb_all_wards VALUE (1179,'Xã Trường Sinh',66);
INSERT INTO vsb_all_provinces VALUE (6,'Tỉnh Lào Cai');
INSERT INTO vsb_all_districts VALUE (67,'Thành phố Lào Cai',6);
INSERT INTO vsb_all_wards VALUE (1180,'Phường Duyên Hải',67);
INSERT INTO vsb_all_wards VALUE (1181,'Phường Lào Cai',67);
INSERT INTO vsb_all_wards VALUE (1182,'Phường Cốc Lếu',67);
INSERT INTO vsb_all_wards VALUE (1183,'Phường Kim Tân',67);
INSERT INTO vsb_all_wards VALUE (1184,'Phường Bắc Lệnh',67);
INSERT INTO vsb_all_wards VALUE (1185,'Phường Pom Hán',67);
INSERT INTO vsb_all_wards VALUE (1186,'Phường Xuân Tăng',67);
INSERT INTO vsb_all_wards VALUE (1187,'Phường Bình Minh',67);
INSERT INTO vsb_all_wards VALUE (1188,'Xã Thống Nhất',67);
INSERT INTO vsb_all_wards VALUE (1189,'Xã Đồng Tuyển',67);
INSERT INTO vsb_all_wards VALUE (1190,'Xã Vạn Hoà',67);
INSERT INTO vsb_all_wards VALUE (1191,'Phường Bắc Cường',67);
INSERT INTO vsb_all_wards VALUE (1192,'Phường Nam Cường',67);
INSERT INTO vsb_all_wards VALUE (1193,'Xã Cam Đường',67);
INSERT INTO vsb_all_wards VALUE (1194,'Xã Tả Phời',67);
INSERT INTO vsb_all_wards VALUE (1195,'Xã Hợp Thành',67);
INSERT INTO vsb_all_wards VALUE (1196,'Xã Cốc San',67);
INSERT INTO vsb_all_districts VALUE (68,'Huyện Bát Xát',6);
INSERT INTO vsb_all_wards VALUE (1197,'Thị trấn Bát Xát',68);
INSERT INTO vsb_all_wards VALUE (1198,'Xã A Mú Sung',68);
INSERT INTO vsb_all_wards VALUE (1199,'Xã Nậm Chạc',68);
INSERT INTO vsb_all_wards VALUE (1200,'Xã A Lù',68);
INSERT INTO vsb_all_wards VALUE (1201,'Xã Trịnh Tường',68);
INSERT INTO vsb_all_wards VALUE (1202,'Xã Y Tý',68);
INSERT INTO vsb_all_wards VALUE (1203,'Xã Cốc Mỳ',68);
INSERT INTO vsb_all_wards VALUE (1204,'Xã Dền Sáng',68);
INSERT INTO vsb_all_wards VALUE (1205,'Xã Bản Vược',68);
INSERT INTO vsb_all_wards VALUE (1206,'Xã Sàng Ma Sáo',68);
INSERT INTO vsb_all_wards VALUE (1207,'Xã Bản Qua',68);
INSERT INTO vsb_all_wards VALUE (1208,'Xã Mường Vi',68);
INSERT INTO vsb_all_wards VALUE (1209,'Xã Dền Thàng',68);
INSERT INTO vsb_all_wards VALUE (1210,'Xã Bản Xèo',68);
INSERT INTO vsb_all_wards VALUE (1211,'Xã Mường Hum',68);
INSERT INTO vsb_all_wards VALUE (1212,'Xã Trung Lèng Hồ',68);
INSERT INTO vsb_all_wards VALUE (1213,'Xã Quang Kim',68);
INSERT INTO vsb_all_wards VALUE (1214,'Xã Pa Cheo',68);
INSERT INTO vsb_all_wards VALUE (1215,'Xã Nậm Pung',68);
INSERT INTO vsb_all_wards VALUE (1216,'Xã Phìn Ngan',68);
INSERT INTO vsb_all_wards VALUE (1217,'Xã Tòng Sành',68);
INSERT INTO vsb_all_districts VALUE (69,'Huyện Mường Khương',6);
INSERT INTO vsb_all_wards VALUE (1218,'Xã Pha Long',69);
INSERT INTO vsb_all_wards VALUE (1219,'Xã Tả Ngải Chồ',69);
INSERT INTO vsb_all_wards VALUE (1220,'Xã Tung Chung Phố',69);
INSERT INTO vsb_all_wards VALUE (1221,'Thị trấn Mường Khương',69);
INSERT INTO vsb_all_wards VALUE (1222,'Xã Dìn Chin',69);
INSERT INTO vsb_all_wards VALUE (1223,'Xã Tả Gia Khâu',69);
INSERT INTO vsb_all_wards VALUE (1224,'Xã Nậm Chảy',69);
INSERT INTO vsb_all_wards VALUE (1225,'Xã Nấm Lư',69);
INSERT INTO vsb_all_wards VALUE (1226,'Xã Lùng Khấu Nhin',69);
INSERT INTO vsb_all_wards VALUE (1227,'Xã Thanh Bình',69);
INSERT INTO vsb_all_wards VALUE (1228,'Xã Cao Sơn',69);
INSERT INTO vsb_all_wards VALUE (1229,'Xã Lùng Vai',69);
INSERT INTO vsb_all_wards VALUE (1230,'Xã Bản Lầu',69);
INSERT INTO vsb_all_wards VALUE (1231,'Xã La Pan Tẩn',69);
INSERT INTO vsb_all_wards VALUE (1232,'Xã Tả Thàng',69);
INSERT INTO vsb_all_wards VALUE (1233,'Xã Bản Sen',69);
INSERT INTO vsb_all_districts VALUE (70,'Huyện Si Ma Cai',6);
INSERT INTO vsb_all_wards VALUE (1234,'Xã Nàn Sán',70);
INSERT INTO vsb_all_wards VALUE (1235,'Xã Thào Chư Phìn',70);
INSERT INTO vsb_all_wards VALUE (1236,'Xã Bản Mế',70);
INSERT INTO vsb_all_wards VALUE (1237,'Thị trấn Si Ma Cai',70);
INSERT INTO vsb_all_wards VALUE (1238,'Xã Sán Chải',70);
INSERT INTO vsb_all_wards VALUE (1239,'Xã Lùng Thẩn',70);
INSERT INTO vsb_all_wards VALUE (1240,'Xã Cán Cấu',70);
INSERT INTO vsb_all_wards VALUE (1241,'Xã Sín Chéng',70);
INSERT INTO vsb_all_wards VALUE (1242,'Xã Quan Hồ Thẩn',70);
INSERT INTO vsb_all_wards VALUE (1243,'Xã Nàn Xín',70);
INSERT INTO vsb_all_districts VALUE (71,'Huyện Bắc Hà',6);
INSERT INTO vsb_all_wards VALUE (1244,'Thị trấn Bắc Hà',71);
INSERT INTO vsb_all_wards VALUE (1245,'Xã Lùng Cải',71);
INSERT INTO vsb_all_wards VALUE (1246,'Xã Lùng Phình',71);
INSERT INTO vsb_all_wards VALUE (1247,'Xã Tả Van Chư',71);
INSERT INTO vsb_all_wards VALUE (1248,'Xã Tả Củ Tỷ',71);
INSERT INTO vsb_all_wards VALUE (1249,'Xã Thải Giàng Phố',71);
INSERT INTO vsb_all_wards VALUE (1250,'Xã Hoàng Thu Phố',71);
INSERT INTO vsb_all_wards VALUE (1251,'Xã Bản Phố',71);
INSERT INTO vsb_all_wards VALUE (1252,'Xã Bản Liền',71);
INSERT INTO vsb_all_wards VALUE (1253,'Xã Tà Chải',71);
INSERT INTO vsb_all_wards VALUE (1254,'Xã Na Hối',71);
INSERT INTO vsb_all_wards VALUE (1255,'Xã Cốc Ly',71);
INSERT INTO vsb_all_wards VALUE (1256,'Xã Nậm Mòn',71);
INSERT INTO vsb_all_wards VALUE (1257,'Xã Nậm Đét',71);
INSERT INTO vsb_all_wards VALUE (1258,'Xã Nậm Khánh',71);
INSERT INTO vsb_all_wards VALUE (1259,'Xã Bảo Nhai',71);
INSERT INTO vsb_all_wards VALUE (1260,'Xã Nậm Lúc',71);
INSERT INTO vsb_all_wards VALUE (1261,'Xã Cốc Lầu',71);
INSERT INTO vsb_all_wards VALUE (1262,'Xã Bản Cái',71);
INSERT INTO vsb_all_districts VALUE (72,'Huyện Bảo Thắng',6);
INSERT INTO vsb_all_wards VALUE (1263,'Thị trấn N.T Phong Hải',72);
INSERT INTO vsb_all_wards VALUE (1264,'Thị trấn Phố Lu',72);
INSERT INTO vsb_all_wards VALUE (1265,'Thị trấn Tằng Loỏng',72);
INSERT INTO vsb_all_wards VALUE (1266,'Xã Bản Phiệt',72);
INSERT INTO vsb_all_wards VALUE (1267,'Xã Bản Cầm',72);
INSERT INTO vsb_all_wards VALUE (1268,'Xã Thái Niên',72);
INSERT INTO vsb_all_wards VALUE (1269,'Xã Phong Niên',72);
INSERT INTO vsb_all_wards VALUE (1270,'Xã Gia Phú',72);
INSERT INTO vsb_all_wards VALUE (1271,'Xã Xuân Quang',72);
INSERT INTO vsb_all_wards VALUE (1272,'Xã Sơn Hải',72);
INSERT INTO vsb_all_wards VALUE (1273,'Xã Xuân Giao',72);
INSERT INTO vsb_all_wards VALUE (1274,'Xã Trì Quang',72);
INSERT INTO vsb_all_wards VALUE (1275,'Xã Sơn Hà',72);
INSERT INTO vsb_all_wards VALUE (1276,'Xã Phú Nhuận',72);
INSERT INTO vsb_all_districts VALUE (73,'Huyện Bảo Yên',6);
INSERT INTO vsb_all_wards VALUE (1277,'Thị trấn Phố Ràng',73);
INSERT INTO vsb_all_wards VALUE (1278,'Xã Tân Tiến',73);
INSERT INTO vsb_all_wards VALUE (1279,'Xã Nghĩa Đô',73);
INSERT INTO vsb_all_wards VALUE (1280,'Xã Vĩnh Yên',73);
INSERT INTO vsb_all_wards VALUE (1281,'Xã Điện Quan',73);
INSERT INTO vsb_all_wards VALUE (1282,'Xã Xuân Hoà',73);
INSERT INTO vsb_all_wards VALUE (1283,'Xã Tân Dương',73);
INSERT INTO vsb_all_wards VALUE (1284,'Xã Thượng Hà',73);
INSERT INTO vsb_all_wards VALUE (1285,'Xã Kim Sơn',73);
INSERT INTO vsb_all_wards VALUE (1286,'Xã Cam Cọn',73);
INSERT INTO vsb_all_wards VALUE (1287,'Xã Minh Tân',73);
INSERT INTO vsb_all_wards VALUE (1288,'Xã Xuân Thượng',73);
INSERT INTO vsb_all_wards VALUE (1289,'Xã Việt Tiến',73);
INSERT INTO vsb_all_wards VALUE (1290,'Xã Yên Sơn',73);
INSERT INTO vsb_all_wards VALUE (1291,'Xã Bảo Hà',73);
INSERT INTO vsb_all_wards VALUE (1292,'Xã Lương Sơn',73);
INSERT INTO vsb_all_wards VALUE (1293,'Xã Phúc Khánh',73);
INSERT INTO vsb_all_districts VALUE (74,'Thị xã Sa Pa',6);
INSERT INTO vsb_all_wards VALUE (1294,'Phường Sa Pa',74);
INSERT INTO vsb_all_wards VALUE (1295,'Phường Sa Pả',74);
INSERT INTO vsb_all_wards VALUE (1296,'Phường Ô Quý Hồ',74);
INSERT INTO vsb_all_wards VALUE (1297,'Xã Ngũ Chỉ Sơn',74);
INSERT INTO vsb_all_wards VALUE (1298,'Phường Phan Si Păng',74);
INSERT INTO vsb_all_wards VALUE (1299,'Xã Trung Chải',74);
INSERT INTO vsb_all_wards VALUE (1300,'Xã Tả Phìn',74);
INSERT INTO vsb_all_wards VALUE (1301,'Phường Hàm Rồng',74);
INSERT INTO vsb_all_wards VALUE (1302,'Xã Hoàng Liên',74);
INSERT INTO vsb_all_wards VALUE (1303,'Xã Thanh Bình',74);
INSERT INTO vsb_all_wards VALUE (1304,'Phường Cầu Mây',74);
INSERT INTO vsb_all_wards VALUE (1305,'Xã Mường Hoa',74);
INSERT INTO vsb_all_wards VALUE (1306,'Xã Tả Van',74);
INSERT INTO vsb_all_wards VALUE (1307,'Xã Mường Bo',74);
INSERT INTO vsb_all_wards VALUE (1308,'Xã Bản Hồ',74);
INSERT INTO vsb_all_wards VALUE (1309,'Xã Liên Minh',74);
INSERT INTO vsb_all_districts VALUE (75,'Huyện Văn Bàn',6);
INSERT INTO vsb_all_wards VALUE (1310,'Thị trấn Khánh Yên',75);
INSERT INTO vsb_all_wards VALUE (1311,'Xã Võ Lao',75);
INSERT INTO vsb_all_wards VALUE (1312,'Xã Sơn Thuỷ',75);
INSERT INTO vsb_all_wards VALUE (1313,'Xã Nậm Mả',75);
INSERT INTO vsb_all_wards VALUE (1314,'Xã Tân Thượng',75);
INSERT INTO vsb_all_wards VALUE (1315,'Xã Nậm Rạng',75);
INSERT INTO vsb_all_wards VALUE (1316,'Xã Nậm Chầy',75);
INSERT INTO vsb_all_wards VALUE (1317,'Xã Tân An',75);
INSERT INTO vsb_all_wards VALUE (1318,'Xã Khánh Yên Thượng',75);
INSERT INTO vsb_all_wards VALUE (1319,'Xã Nậm Xé',75);
INSERT INTO vsb_all_wards VALUE (1320,'Xã Dần Thàng',75);
INSERT INTO vsb_all_wards VALUE (1321,'Xã Chiềng Ken',75);
INSERT INTO vsb_all_wards VALUE (1322,'Xã Làng Giàng',75);
INSERT INTO vsb_all_wards VALUE (1323,'Xã Hoà Mạc',75);
INSERT INTO vsb_all_wards VALUE (1324,'Xã Khánh Yên Trung',75);
INSERT INTO vsb_all_wards VALUE (1325,'Xã Khánh Yên Hạ',75);
INSERT INTO vsb_all_wards VALUE (1326,'Xã Dương Quỳ',75);
INSERT INTO vsb_all_wards VALUE (1327,'Xã Nậm Tha',75);
INSERT INTO vsb_all_wards VALUE (1328,'Xã Minh Lương',75);
INSERT INTO vsb_all_wards VALUE (1329,'Xã Thẩm Dương',75);
INSERT INTO vsb_all_wards VALUE (1330,'Xã Liêm Phú',75);
INSERT INTO vsb_all_wards VALUE (1331,'Xã Nậm Xây',75);
INSERT INTO vsb_all_provinces VALUE (7,'Tỉnh Điện Biên');
INSERT INTO vsb_all_districts VALUE (76,'Thành phố Điện Biên Phủ',7);
INSERT INTO vsb_all_wards VALUE (1332,'Phường Noong Bua',76);
INSERT INTO vsb_all_wards VALUE (1333,'Phường Him Lam',76);
INSERT INTO vsb_all_wards VALUE (1334,'Phường Thanh Bình',76);
INSERT INTO vsb_all_wards VALUE (1335,'Phường Tân Thanh',76);
INSERT INTO vsb_all_wards VALUE (1336,'Phường Mường Thanh',76);
INSERT INTO vsb_all_wards VALUE (1337,'Phường Nam Thanh',76);
INSERT INTO vsb_all_wards VALUE (1338,'Phường Thanh Trường',76);
INSERT INTO vsb_all_wards VALUE (1339,'Xã Thanh Minh',76);
INSERT INTO vsb_all_wards VALUE (1340,'Xã Nà Tấu',76);
INSERT INTO vsb_all_wards VALUE (1341,'Xã Nà Nhạn',76);
INSERT INTO vsb_all_wards VALUE (1342,'Xã Mường Phăng',76);
INSERT INTO vsb_all_wards VALUE (1343,'Xã Pá Khoang',76);
INSERT INTO vsb_all_districts VALUE (77,'Thị xã Mường Lay',7);
INSERT INTO vsb_all_wards VALUE (1344,'Phường Sông Đà',77);
INSERT INTO vsb_all_wards VALUE (1345,'Phường Na Lay',77);
INSERT INTO vsb_all_wards VALUE (1346,'Xã Lay Nưa',77);
INSERT INTO vsb_all_districts VALUE (78,'Huyện Mường Nhé',7);
INSERT INTO vsb_all_wards VALUE (1347,'Xã Sín Thầu',78);
INSERT INTO vsb_all_wards VALUE (1348,'Xã Sen Thượng',78);
INSERT INTO vsb_all_wards VALUE (1349,'Xã Chung Chải',78);
INSERT INTO vsb_all_wards VALUE (1350,'Xã Leng Su Sìn',78);
INSERT INTO vsb_all_wards VALUE (1351,'Xã Pá Mỳ',78);
INSERT INTO vsb_all_wards VALUE (1352,'Xã Mường Nhé',78);
INSERT INTO vsb_all_wards VALUE (1353,'Xã Nậm Vì',78);
INSERT INTO vsb_all_wards VALUE (1354,'Xã Nậm Kè',78);
INSERT INTO vsb_all_wards VALUE (1355,'Xã Mường Toong',78);
INSERT INTO vsb_all_wards VALUE (1356,'Xã Quảng Lâm',78);
INSERT INTO vsb_all_wards VALUE (1357,'Xã Huổi Lếnh',78);
INSERT INTO vsb_all_districts VALUE (79,'Huyện Mường Chà',7);
INSERT INTO vsb_all_wards VALUE (1358,'Thị trấn Mường Chà',79);
INSERT INTO vsb_all_wards VALUE (1359,'Xã Xá Tổng',79);
INSERT INTO vsb_all_wards VALUE (1360,'Xã Mường Tùng',79);
INSERT INTO vsb_all_wards VALUE (1361,'Xã Hừa Ngài',79);
INSERT INTO vsb_all_wards VALUE (1362,'Xã Huổi Mí',79);
INSERT INTO vsb_all_wards VALUE (1363,'Xã Pa Ham',79);
INSERT INTO vsb_all_wards VALUE (1364,'Xã Nậm Nèn',79);
INSERT INTO vsb_all_wards VALUE (1365,'Xã Huổi Lèng',79);
INSERT INTO vsb_all_wards VALUE (1366,'Xã Sa Lông',79);
INSERT INTO vsb_all_wards VALUE (1367,'Xã Ma Thì Hồ',79);
INSERT INTO vsb_all_wards VALUE (1368,'Xã Na Sang',79);
INSERT INTO vsb_all_wards VALUE (1369,'Xã Mường Mươn',79);
INSERT INTO vsb_all_districts VALUE (80,'Huyện Tủa Chùa',7);
INSERT INTO vsb_all_wards VALUE (1370,'Thị trấn Tủa Chùa',80);
INSERT INTO vsb_all_wards VALUE (1371,'Xã Huổi Só',80);
INSERT INTO vsb_all_wards VALUE (1372,'Xã Xín Chải',80);
INSERT INTO vsb_all_wards VALUE (1373,'Xã Tả Sìn Thàng',80);
INSERT INTO vsb_all_wards VALUE (1374,'Xã Lao Xả Phình',80);
INSERT INTO vsb_all_wards VALUE (1375,'Xã Tả Phìn',80);
INSERT INTO vsb_all_wards VALUE (1376,'Xã Tủa Thàng',80);
INSERT INTO vsb_all_wards VALUE (1377,'Xã Trung Thu',80);
INSERT INTO vsb_all_wards VALUE (1378,'Xã Sính Phình',80);
INSERT INTO vsb_all_wards VALUE (1379,'Xã Sáng Nhè',80);
INSERT INTO vsb_all_wards VALUE (1380,'Xã Mường Đun',80);
INSERT INTO vsb_all_wards VALUE (1381,'Xã Mường Báng',80);
INSERT INTO vsb_all_districts VALUE (81,'Huyện Tuần Giáo',7);
INSERT INTO vsb_all_wards VALUE (1382,'Thị trấn Tuần Giáo',81);
INSERT INTO vsb_all_wards VALUE (1383,'Xã Phình Sáng',81);
INSERT INTO vsb_all_wards VALUE (1384,'Xã Rạng Đông',81);
INSERT INTO vsb_all_wards VALUE (1385,'Xã Mùn Chung',81);
INSERT INTO vsb_all_wards VALUE (1386,'Xã Nà Tòng',81);
INSERT INTO vsb_all_wards VALUE (1387,'Xã Ta Ma',81);
INSERT INTO vsb_all_wards VALUE (1388,'Xã Mường Mùn',81);
INSERT INTO vsb_all_wards VALUE (1389,'Xã Pú Xi',81);
INSERT INTO vsb_all_wards VALUE (1390,'Xã Pú Nhung',81);
INSERT INTO vsb_all_wards VALUE (1391,'Xã Quài Nưa',81);
INSERT INTO vsb_all_wards VALUE (1392,'Xã Mường Thín',81);
INSERT INTO vsb_all_wards VALUE (1393,'Xã Tỏa Tình',81);
INSERT INTO vsb_all_wards VALUE (1394,'Xã Nà Sáy',81);
INSERT INTO vsb_all_wards VALUE (1395,'Xã Mường Khong',81);
INSERT INTO vsb_all_wards VALUE (1396,'Xã Quài Cang',81);
INSERT INTO vsb_all_wards VALUE (1397,'Xã Quài Tở',81);
INSERT INTO vsb_all_wards VALUE (1398,'Xã Chiềng Sinh',81);
INSERT INTO vsb_all_wards VALUE (1399,'Xã Chiềng Đông',81);
INSERT INTO vsb_all_wards VALUE (1400,'Xã Tênh Phông',81);
INSERT INTO vsb_all_districts VALUE (82,'Huyện Điện Biên',7);
INSERT INTO vsb_all_wards VALUE (1401,'Xã Mường Pồn',82);
INSERT INTO vsb_all_wards VALUE (1402,'Xã Thanh Nưa',82);
INSERT INTO vsb_all_wards VALUE (1403,'Xã Hua Thanh',82);
INSERT INTO vsb_all_wards VALUE (1404,'Xã Thanh Luông',82);
INSERT INTO vsb_all_wards VALUE (1405,'Xã Thanh Hưng',82);
INSERT INTO vsb_all_wards VALUE (1406,'Xã Thanh Xương',82);
INSERT INTO vsb_all_wards VALUE (1407,'Xã Thanh Chăn',82);
INSERT INTO vsb_all_wards VALUE (1408,'Xã Pa Thơm',82);
INSERT INTO vsb_all_wards VALUE (1409,'Xã Thanh An',82);
INSERT INTO vsb_all_wards VALUE (1410,'Xã Thanh Yên',82);
INSERT INTO vsb_all_wards VALUE (1411,'Xã Noong Luống',82);
INSERT INTO vsb_all_wards VALUE (1412,'Xã Noọng Hẹt',82);
INSERT INTO vsb_all_wards VALUE (1413,'Xã Sam Mứn',82);
INSERT INTO vsb_all_wards VALUE (1414,'Xã Pom Lót',82);
INSERT INTO vsb_all_wards VALUE (1415,'Xã Núa Ngam',82);
INSERT INTO vsb_all_wards VALUE (1416,'Xã Hẹ Muông',82);
INSERT INTO vsb_all_wards VALUE (1417,'Xã Na Ư',82);
INSERT INTO vsb_all_wards VALUE (1418,'Xã Mường Nhà',82);
INSERT INTO vsb_all_wards VALUE (1419,'Xã Na Tông',82);
INSERT INTO vsb_all_wards VALUE (1420,'Xã Mường Lói',82);
INSERT INTO vsb_all_wards VALUE (1421,'Xã Phu Luông',82);
INSERT INTO vsb_all_districts VALUE (83,'Huyện Điện Biên Đông',7);
INSERT INTO vsb_all_wards VALUE (1422,'Thị trấn Điện Biên Đông',83);
INSERT INTO vsb_all_wards VALUE (1423,'Xã Na Son',83);
INSERT INTO vsb_all_wards VALUE (1424,'Xã Phì Nhừ',83);
INSERT INTO vsb_all_wards VALUE (1425,'Xã Chiềng Sơ',83);
INSERT INTO vsb_all_wards VALUE (1426,'Xã Mường Luân',83);
INSERT INTO vsb_all_wards VALUE (1427,'Xã Pú Nhi',83);
INSERT INTO vsb_all_wards VALUE (1428,'Xã Nong U',83);
INSERT INTO vsb_all_wards VALUE (1429,'Xã Xa Dung',83);
INSERT INTO vsb_all_wards VALUE (1430,'Xã Keo Lôm',83);
INSERT INTO vsb_all_wards VALUE (1431,'Xã Luân Giới',83);
INSERT INTO vsb_all_wards VALUE (1432,'Xã Phình Giàng',83);
INSERT INTO vsb_all_wards VALUE (1433,'Xã Pú Hồng',83);
INSERT INTO vsb_all_wards VALUE (1434,'Xã Tìa Dình',83);
INSERT INTO vsb_all_wards VALUE (1435,'Xã Háng Lìa',83);
INSERT INTO vsb_all_districts VALUE (84,'Huyện Mường Ảng',7);
INSERT INTO vsb_all_wards VALUE (1436,'Thị trấn Mường Ảng',84);
INSERT INTO vsb_all_wards VALUE (1437,'Xã Mường Đăng',84);
INSERT INTO vsb_all_wards VALUE (1438,'Xã Ngối Cáy',84);
INSERT INTO vsb_all_wards VALUE (1439,'Xã Ẳng Tở',84);
INSERT INTO vsb_all_wards VALUE (1440,'Xã Búng Lao',84);
INSERT INTO vsb_all_wards VALUE (1441,'Xã Xuân Lao',84);
INSERT INTO vsb_all_wards VALUE (1442,'Xã Ẳng Nưa',84);
INSERT INTO vsb_all_wards VALUE (1443,'Xã Ẳng Cang',84);
INSERT INTO vsb_all_wards VALUE (1444,'Xã Nặm Lịch',84);
INSERT INTO vsb_all_wards VALUE (1445,'Xã Mường Lạn',84);
INSERT INTO vsb_all_districts VALUE (85,'Huyện Nậm Pồ',7);
INSERT INTO vsb_all_wards VALUE (1446,'Xã Nậm Tin',85);
INSERT INTO vsb_all_wards VALUE (1447,'Xã Pa Tần',85);
INSERT INTO vsb_all_wards VALUE (1448,'Xã Chà Cang',85);
INSERT INTO vsb_all_wards VALUE (1449,'Xã Na Cô Sa',85);
INSERT INTO vsb_all_wards VALUE (1450,'Xã Nà Khoa',85);
INSERT INTO vsb_all_wards VALUE (1451,'Xã Nà Hỳ',85);
INSERT INTO vsb_all_wards VALUE (1452,'Xã Nà Bủng',85);
INSERT INTO vsb_all_wards VALUE (1453,'Xã Nậm Nhừ',85);
INSERT INTO vsb_all_wards VALUE (1454,'Xã Nậm Chua',85);
INSERT INTO vsb_all_wards VALUE (1455,'Xã Nậm Khăn',85);
INSERT INTO vsb_all_wards VALUE (1456,'Xã Chà Tở',85);
INSERT INTO vsb_all_wards VALUE (1457,'Xã Vàng Đán',85);
INSERT INTO vsb_all_wards VALUE (1458,'Xã Chà Nưa',85);
INSERT INTO vsb_all_wards VALUE (1459,'Xã Phìn Hồ',85);
INSERT INTO vsb_all_wards VALUE (1460,'Xã Si Pa Phìn',85);
INSERT INTO vsb_all_provinces VALUE (8,'Tỉnh Lai Châu');
INSERT INTO vsb_all_districts VALUE (86,'Thành phố Lai Châu',8);
INSERT INTO vsb_all_wards VALUE (1461,'Phường Quyết Thắng',86);
INSERT INTO vsb_all_wards VALUE (1462,'Phường Tân Phong',86);
INSERT INTO vsb_all_wards VALUE (1463,'Phường Quyết Tiến',86);
INSERT INTO vsb_all_wards VALUE (1464,'Phường Đoàn Kết',86);
INSERT INTO vsb_all_wards VALUE (1465,'Xã Sùng Phài',86);
INSERT INTO vsb_all_wards VALUE (1466,'Phường Đông Phong',86);
INSERT INTO vsb_all_wards VALUE (1467,'Xã San Thàng',86);
INSERT INTO vsb_all_districts VALUE (87,'Huyện Tam Đường',8);
INSERT INTO vsb_all_wards VALUE (1468,'Thị trấn Tam Đường',87);
INSERT INTO vsb_all_wards VALUE (1469,'Xã Thèn Sin',87);
INSERT INTO vsb_all_wards VALUE (1470,'Xã Tả Lèng',87);
INSERT INTO vsb_all_wards VALUE (1471,'Xã Giang Ma',87);
INSERT INTO vsb_all_wards VALUE (1472,'Xã Hồ Thầu',87);
INSERT INTO vsb_all_wards VALUE (1473,'Xã Bình Lư',87);
INSERT INTO vsb_all_wards VALUE (1474,'Xã Sơn Bình',87);
INSERT INTO vsb_all_wards VALUE (1475,'Xã Nùng Nàng',87);
INSERT INTO vsb_all_wards VALUE (1476,'Xã Bản Giang',87);
INSERT INTO vsb_all_wards VALUE (1477,'Xã Bản Hon',87);
INSERT INTO vsb_all_wards VALUE (1478,'Xã Bản Bo',87);
INSERT INTO vsb_all_wards VALUE (1479,'Xã Nà Tăm',87);
INSERT INTO vsb_all_wards VALUE (1480,'Xã Khun Há',87);
INSERT INTO vsb_all_districts VALUE (88,'Huyện Mường Tè',8);
INSERT INTO vsb_all_wards VALUE (1481,'Thị trấn Mường Tè',88);
INSERT INTO vsb_all_wards VALUE (1482,'Xã Thu Lũm',88);
INSERT INTO vsb_all_wards VALUE (1483,'Xã Ka Lăng',88);
INSERT INTO vsb_all_wards VALUE (1484,'Xã Tá Bạ',88);
INSERT INTO vsb_all_wards VALUE (1485,'Xã Pa ủ',88);
INSERT INTO vsb_all_wards VALUE (1486,'Xã Mường Tè',88);
INSERT INTO vsb_all_wards VALUE (1487,'Xã Pa Vệ Sử',88);
INSERT INTO vsb_all_wards VALUE (1488,'Xã Mù Cả',88);
INSERT INTO vsb_all_wards VALUE (1489,'Xã Bum Tở',88);
INSERT INTO vsb_all_wards VALUE (1490,'Xã Nậm Khao',88);
INSERT INTO vsb_all_wards VALUE (1491,'Xã Tà Tổng',88);
INSERT INTO vsb_all_wards VALUE (1492,'Xã Bum Nưa',88);
INSERT INTO vsb_all_wards VALUE (1493,'Xã Vàng San',88);
INSERT INTO vsb_all_wards VALUE (1494,'Xã Kan Hồ',88);
INSERT INTO vsb_all_districts VALUE (89,'Huyện Sìn Hồ',8);
INSERT INTO vsb_all_wards VALUE (1495,'Thị trấn Sìn Hồ',89);
INSERT INTO vsb_all_wards VALUE (1496,'Xã Chăn Nưa',89);
INSERT INTO vsb_all_wards VALUE (1497,'Xã Pa Tần',89);
INSERT INTO vsb_all_wards VALUE (1498,'Xã Phìn Hồ',89);
INSERT INTO vsb_all_wards VALUE (1499,'Xã Hồng Thu',89);
INSERT INTO vsb_all_wards VALUE (1500,'Xã Phăng Sô Lin',89);
INSERT INTO vsb_all_wards VALUE (1501,'Xã Ma Quai',89);
INSERT INTO vsb_all_wards VALUE (1502,'Xã Lùng Thàng',89);
INSERT INTO vsb_all_wards VALUE (1503,'Xã Tả Phìn',89);
INSERT INTO vsb_all_wards VALUE (1504,'Xã Sà Dề Phìn',89);
INSERT INTO vsb_all_wards VALUE (1505,'Xã Nậm Tăm',89);
INSERT INTO vsb_all_wards VALUE (1506,'Xã Tả Ngảo',89);
INSERT INTO vsb_all_wards VALUE (1507,'Xã Pu Sam Cáp',89);
INSERT INTO vsb_all_wards VALUE (1508,'Xã Nậm Cha',89);
INSERT INTO vsb_all_wards VALUE (1509,'Xã Pa Khoá',89);
INSERT INTO vsb_all_wards VALUE (1510,'Xã Làng Mô',89);
INSERT INTO vsb_all_wards VALUE (1511,'Xã Noong Hẻo',89);
INSERT INTO vsb_all_wards VALUE (1512,'Xã Nậm Mạ',89);
INSERT INTO vsb_all_wards VALUE (1513,'Xã Căn Co',89);
INSERT INTO vsb_all_wards VALUE (1514,'Xã Tủa Sín Chải',89);
INSERT INTO vsb_all_wards VALUE (1515,'Xã Nậm Cuổi',89);
INSERT INTO vsb_all_wards VALUE (1516,'Xã Nậm Hăn',89);
INSERT INTO vsb_all_districts VALUE (90,'Huyện Phong Thổ',8);
INSERT INTO vsb_all_wards VALUE (1517,'Xã Lả Nhì Thàng',90);
INSERT INTO vsb_all_wards VALUE (1518,'Xã Huổi Luông',90);
INSERT INTO vsb_all_wards VALUE (1519,'Thị trấn Phong Thổ',90);
INSERT INTO vsb_all_wards VALUE (1520,'Xã Sì Lở Lầu',90);
INSERT INTO vsb_all_wards VALUE (1521,'Xã Mồ Sì San',90);
INSERT INTO vsb_all_wards VALUE (1522,'Xã Pa Vây Sử',90);
INSERT INTO vsb_all_wards VALUE (1523,'Xã Vàng Ma Chải',90);
INSERT INTO vsb_all_wards VALUE (1524,'Xã Tông Qua Lìn',90);
INSERT INTO vsb_all_wards VALUE (1525,'Xã Mù Sang',90);
INSERT INTO vsb_all_wards VALUE (1526,'Xã Dào San',90);
INSERT INTO vsb_all_wards VALUE (1527,'Xã Ma Ly Pho',90);
INSERT INTO vsb_all_wards VALUE (1528,'Xã Bản Lang',90);
INSERT INTO vsb_all_wards VALUE (1529,'Xã Hoang Thèn',90);
INSERT INTO vsb_all_wards VALUE (1530,'Xã Khổng Lào',90);
INSERT INTO vsb_all_wards VALUE (1531,'Xã Nậm Xe',90);
INSERT INTO vsb_all_wards VALUE (1532,'Xã Mường So',90);
INSERT INTO vsb_all_wards VALUE (1533,'Xã Sin Suối Hồ',90);
INSERT INTO vsb_all_districts VALUE (91,'Huyện Than Uyên',8);
INSERT INTO vsb_all_wards VALUE (1534,'Thị trấn Than Uyên',91);
INSERT INTO vsb_all_wards VALUE (1535,'Xã Phúc Than',91);
INSERT INTO vsb_all_wards VALUE (1536,'Xã Mường Than',91);
INSERT INTO vsb_all_wards VALUE (1537,'Xã Mường Mít',91);
INSERT INTO vsb_all_wards VALUE (1538,'Xã Pha Mu',91);
INSERT INTO vsb_all_wards VALUE (1539,'Xã Mường Cang',91);
INSERT INTO vsb_all_wards VALUE (1540,'Xã Hua Nà',91);
INSERT INTO vsb_all_wards VALUE (1541,'Xã Tà Hừa',91);
INSERT INTO vsb_all_wards VALUE (1542,'Xã Mường Kim',91);
INSERT INTO vsb_all_wards VALUE (1543,'Xã Tà Mung',91);
INSERT INTO vsb_all_wards VALUE (1544,'Xã Tà Gia',91);
INSERT INTO vsb_all_wards VALUE (1545,'Xã Khoen On',91);
INSERT INTO vsb_all_districts VALUE (92,'Huyện Tân Uyên',8);
INSERT INTO vsb_all_wards VALUE (1546,'Thị trấn Tân Uyên',92);
INSERT INTO vsb_all_wards VALUE (1547,'Xã Mường Khoa',92);
INSERT INTO vsb_all_wards VALUE (1548,'Xã Phúc Khoa',92);
INSERT INTO vsb_all_wards VALUE (1549,'Xã Thân Thuộc',92);
INSERT INTO vsb_all_wards VALUE (1550,'Xã Trung Đồng',92);
INSERT INTO vsb_all_wards VALUE (1551,'Xã Hố Mít',92);
INSERT INTO vsb_all_wards VALUE (1552,'Xã Nậm Cần',92);
INSERT INTO vsb_all_wards VALUE (1553,'Xã Nậm Sỏ',92);
INSERT INTO vsb_all_wards VALUE (1554,'Xã Pắc Ta',92);
INSERT INTO vsb_all_wards VALUE (1555,'Xã Tà Mít',92);
INSERT INTO vsb_all_districts VALUE (93,'Huyện Nậm Nhùn',8);
INSERT INTO vsb_all_wards VALUE (1556,'Thị trấn Nậm Nhùn',93);
INSERT INTO vsb_all_wards VALUE (1557,'Xã Hua Bun',93);
INSERT INTO vsb_all_wards VALUE (1558,'Xã Mường Mô',93);
INSERT INTO vsb_all_wards VALUE (1559,'Xã Nậm Chà',93);
INSERT INTO vsb_all_wards VALUE (1560,'Xã Nậm Manh',93);
INSERT INTO vsb_all_wards VALUE (1561,'Xã Nậm Hàng',93);
INSERT INTO vsb_all_wards VALUE (1562,'Xã Lê Lợi',93);
INSERT INTO vsb_all_wards VALUE (1563,'Xã Pú Đao',93);
INSERT INTO vsb_all_wards VALUE (1564,'Xã Nậm Pì',93);
INSERT INTO vsb_all_wards VALUE (1565,'Xã Nậm Ban',93);
INSERT INTO vsb_all_wards VALUE (1566,'Xã Trung Chải',93);
INSERT INTO vsb_all_provinces VALUE (9,'Tỉnh Sơn La');
INSERT INTO vsb_all_districts VALUE (94,'Thành phố Sơn La',9);
INSERT INTO vsb_all_wards VALUE (1567,'Phường Chiềng Lề',94);
INSERT INTO vsb_all_wards VALUE (1568,'Phường Tô Hiệu',94);
INSERT INTO vsb_all_wards VALUE (1569,'Phường Quyết Thắng',94);
INSERT INTO vsb_all_wards VALUE (1570,'Phường Quyết Tâm',94);
INSERT INTO vsb_all_wards VALUE (1571,'Xã Chiềng Cọ',94);
INSERT INTO vsb_all_wards VALUE (1572,'Xã Chiềng Đen',94);
INSERT INTO vsb_all_wards VALUE (1573,'Xã Chiềng Xôm',94);
INSERT INTO vsb_all_wards VALUE (1574,'Phường Chiềng An',94);
INSERT INTO vsb_all_wards VALUE (1575,'Phường Chiềng Cơi',94);
INSERT INTO vsb_all_wards VALUE (1576,'Xã Chiềng Ngần',94);
INSERT INTO vsb_all_wards VALUE (1577,'Xã Hua La',94);
INSERT INTO vsb_all_wards VALUE (1578,'Phường Chiềng Sinh',94);
INSERT INTO vsb_all_districts VALUE (95,'Huyện Quỳnh Nhai',9);
INSERT INTO vsb_all_wards VALUE (1579,'Xã Mường Chiên',95);
INSERT INTO vsb_all_wards VALUE (1580,'Xã Cà Nàng',95);
INSERT INTO vsb_all_wards VALUE (1581,'Xã Chiềng Khay',95);
INSERT INTO vsb_all_wards VALUE (1582,'Xã Mường Giôn',95);
INSERT INTO vsb_all_wards VALUE (1583,'Xã Pá Ma Pha Khinh',95);
INSERT INTO vsb_all_wards VALUE (1584,'Xã Chiềng Ơn',95);
INSERT INTO vsb_all_wards VALUE (1585,'Xã Mường Giàng',95);
INSERT INTO vsb_all_wards VALUE (1586,'Xã Chiềng Bằng',95);
INSERT INTO vsb_all_wards VALUE (1587,'Xã Mường Sại',95);
INSERT INTO vsb_all_wards VALUE (1588,'Xã Nậm ét',95);
INSERT INTO vsb_all_wards VALUE (1589,'Xã Chiềng Khoang',95);
INSERT INTO vsb_all_districts VALUE (96,'Huyện Thuận Châu',9);
INSERT INTO vsb_all_wards VALUE (1590,'Thị trấn Thuận Châu',96);
INSERT INTO vsb_all_wards VALUE (1591,'Xã Phổng Lái',96);
INSERT INTO vsb_all_wards VALUE (1592,'Xã Mường é',96);
INSERT INTO vsb_all_wards VALUE (1593,'Xã Chiềng Pha',96);
INSERT INTO vsb_all_wards VALUE (1594,'Xã Chiềng La',96);
INSERT INTO vsb_all_wards VALUE (1595,'Xã Chiềng Ngàm',96);
INSERT INTO vsb_all_wards VALUE (1596,'Xã Liệp Tè',96);
INSERT INTO vsb_all_wards VALUE (1597,'Xã é Tòng',96);
INSERT INTO vsb_all_wards VALUE (1598,'Xã Phổng Lập',96);
INSERT INTO vsb_all_wards VALUE (1599,'Xã Phổng Lăng',96);
INSERT INTO vsb_all_wards VALUE (1600,'Xã Chiềng Ly',96);
INSERT INTO vsb_all_wards VALUE (1601,'Xã Noong Lay',96);
INSERT INTO vsb_all_wards VALUE (1602,'Xã Mường Khiêng',96);
INSERT INTO vsb_all_wards VALUE (1603,'Xã Mường Bám',96);
INSERT INTO vsb_all_wards VALUE (1604,'Xã Long Hẹ',96);
INSERT INTO vsb_all_wards VALUE (1605,'Xã Chiềng Bôm',96);
INSERT INTO vsb_all_wards VALUE (1606,'Xã Thôm Mòn',96);
INSERT INTO vsb_all_wards VALUE (1607,'Xã Tông Lạnh',96);
INSERT INTO vsb_all_wards VALUE (1608,'Xã Tông Cọ',96);
INSERT INTO vsb_all_wards VALUE (1609,'Xã Bó Mười',96);
INSERT INTO vsb_all_wards VALUE (1610,'Xã Co Mạ',96);
INSERT INTO vsb_all_wards VALUE (1611,'Xã Púng Tra',96);
INSERT INTO vsb_all_wards VALUE (1612,'Xã Chiềng Pấc',96);
INSERT INTO vsb_all_wards VALUE (1613,'Xã Nậm Lầu',96);
INSERT INTO vsb_all_wards VALUE (1614,'Xã Bon Phặng',96);
INSERT INTO vsb_all_wards VALUE (1615,'Xã Co Tòng',96);
INSERT INTO vsb_all_wards VALUE (1616,'Xã Muổi Nọi',96);
INSERT INTO vsb_all_wards VALUE (1617,'Xã Pá Lông',96);
INSERT INTO vsb_all_wards VALUE (1618,'Xã Bản Lầm',96);
INSERT INTO vsb_all_districts VALUE (97,'Huyện Mường La',9);
INSERT INTO vsb_all_wards VALUE (1619,'Thị trấn Ít Ong',97);
INSERT INTO vsb_all_wards VALUE (1620,'Xã Nậm Giôn',97);
INSERT INTO vsb_all_wards VALUE (1621,'Xã Chiềng Lao',97);
INSERT INTO vsb_all_wards VALUE (1622,'Xã Hua Trai',97);
INSERT INTO vsb_all_wards VALUE (1623,'Xã Ngọc Chiến',97);
INSERT INTO vsb_all_wards VALUE (1624,'Xã Mường Trai',97);
INSERT INTO vsb_all_wards VALUE (1625,'Xã Nậm Păm',97);
INSERT INTO vsb_all_wards VALUE (1626,'Xã Chiềng Muôn',97);
INSERT INTO vsb_all_wards VALUE (1627,'Xã Chiềng Ân',97);
INSERT INTO vsb_all_wards VALUE (1628,'Xã Pi Toong',97);
INSERT INTO vsb_all_wards VALUE (1629,'Xã Chiềng Công',97);
INSERT INTO vsb_all_wards VALUE (1630,'Xã Tạ Bú',97);
INSERT INTO vsb_all_wards VALUE (1631,'Xã Chiềng San',97);
INSERT INTO vsb_all_wards VALUE (1632,'Xã Mường Bú',97);
INSERT INTO vsb_all_wards VALUE (1633,'Xã Chiềng Hoa',97);
INSERT INTO vsb_all_wards VALUE (1634,'Xã Mường Chùm',97);
INSERT INTO vsb_all_districts VALUE (98,'Huyện Bắc Yên',9);
INSERT INTO vsb_all_wards VALUE (1635,'Thị trấn Bắc Yên',98);
INSERT INTO vsb_all_wards VALUE (1636,'Xã Phiêng Ban',98);
INSERT INTO vsb_all_wards VALUE (1637,'Xã Hang Chú',98);
INSERT INTO vsb_all_wards VALUE (1638,'Xã Xím Vàng',98);
INSERT INTO vsb_all_wards VALUE (1639,'Xã Tà Xùa',98);
INSERT INTO vsb_all_wards VALUE (1640,'Xã Háng Đồng',98);
INSERT INTO vsb_all_wards VALUE (1641,'Xã Pắc Ngà',98);
INSERT INTO vsb_all_wards VALUE (1642,'Xã Làng Chếu',98);
INSERT INTO vsb_all_wards VALUE (1643,'Xã Chim Vàn',98);
INSERT INTO vsb_all_wards VALUE (1644,'Xã Mường Khoa',98);
INSERT INTO vsb_all_wards VALUE (1645,'Xã Song Pe',98);
INSERT INTO vsb_all_wards VALUE (1646,'Xã Hồng Ngài',98);
INSERT INTO vsb_all_wards VALUE (1647,'Xã Tạ Khoa',98);
INSERT INTO vsb_all_wards VALUE (1648,'Xã Hua Nhàn',98);
INSERT INTO vsb_all_wards VALUE (1649,'Xã Phiêng Côn',98);
INSERT INTO vsb_all_wards VALUE (1650,'Xã Chiềng Sại',98);
INSERT INTO vsb_all_districts VALUE (99,'Huyện Phù Yên',9);
INSERT INTO vsb_all_wards VALUE (1651,'Thị trấn Phù Yên',99);
INSERT INTO vsb_all_wards VALUE (1652,'Xã Suối Tọ',99);
INSERT INTO vsb_all_wards VALUE (1653,'Xã Mường Thải',99);
INSERT INTO vsb_all_wards VALUE (1654,'Xã Mường Cơi',99);
INSERT INTO vsb_all_wards VALUE (1655,'Xã Quang Huy',99);
INSERT INTO vsb_all_wards VALUE (1656,'Xã Huy Bắc',99);
INSERT INTO vsb_all_wards VALUE (1657,'Xã Huy Thượng',99);
INSERT INTO vsb_all_wards VALUE (1658,'Xã Tân Lang',99);
INSERT INTO vsb_all_wards VALUE (1659,'Xã Gia Phù',99);
INSERT INTO vsb_all_wards VALUE (1660,'Xã Tường Phù',99);
INSERT INTO vsb_all_wards VALUE (1661,'Xã Huy Hạ',99);
INSERT INTO vsb_all_wards VALUE (1662,'Xã Huy Tân',99);
INSERT INTO vsb_all_wards VALUE (1663,'Xã Mường Lang',99);
INSERT INTO vsb_all_wards VALUE (1664,'Xã Suối Bau',99);
INSERT INTO vsb_all_wards VALUE (1665,'Xã Huy Tường',99);
INSERT INTO vsb_all_wards VALUE (1666,'Xã Mường Do',99);
INSERT INTO vsb_all_wards VALUE (1667,'Xã Sập Xa',99);
INSERT INTO vsb_all_wards VALUE (1668,'Xã Tường Thượng',99);
INSERT INTO vsb_all_wards VALUE (1669,'Xã Tường Tiến',99);
INSERT INTO vsb_all_wards VALUE (1670,'Xã Tường Phong',99);
INSERT INTO vsb_all_wards VALUE (1671,'Xã Tường Hạ',99);
INSERT INTO vsb_all_wards VALUE (1672,'Xã Kim Bon',99);
INSERT INTO vsb_all_wards VALUE (1673,'Xã Mường Bang',99);
INSERT INTO vsb_all_wards VALUE (1674,'Xã Đá Đỏ',99);
INSERT INTO vsb_all_wards VALUE (1675,'Xã Tân Phong',99);
INSERT INTO vsb_all_wards VALUE (1676,'Xã Nam Phong',99);
INSERT INTO vsb_all_wards VALUE (1677,'Xã Bắc Phong',99);
INSERT INTO vsb_all_districts VALUE (100,'Huyện Mộc Châu',9);
INSERT INTO vsb_all_wards VALUE (1678,'Thị trấn Mộc Châu',100);
INSERT INTO vsb_all_wards VALUE (1679,'Thị trấn NT Mộc Châu',100);
INSERT INTO vsb_all_wards VALUE (1680,'Xã Chiềng Sơn',100);
INSERT INTO vsb_all_wards VALUE (1681,'Xã Tân Hợp',100);
INSERT INTO vsb_all_wards VALUE (1682,'Xã Qui Hướng',100);
INSERT INTO vsb_all_wards VALUE (1683,'Xã Tân Lập',100);
INSERT INTO vsb_all_wards VALUE (1684,'Xã Nà Mường',100);
INSERT INTO vsb_all_wards VALUE (1685,'Xã Tà Lai',100);
INSERT INTO vsb_all_wards VALUE (1686,'Xã Chiềng Hắc',100);
INSERT INTO vsb_all_wards VALUE (1687,'Xã Hua Păng',100);
INSERT INTO vsb_all_wards VALUE (1688,'Xã Chiềng Khừa',100);
INSERT INTO vsb_all_wards VALUE (1689,'Xã Mường Sang',100);
INSERT INTO vsb_all_wards VALUE (1690,'Xã Đông Sang',100);
INSERT INTO vsb_all_wards VALUE (1691,'Xã Phiêng Luông',100);
INSERT INTO vsb_all_wards VALUE (1692,'Xã Lóng Sập',100);
INSERT INTO vsb_all_districts VALUE (101,'Huyện Yên Châu',9);
INSERT INTO vsb_all_wards VALUE (1693,'Thị trấn Yên Châu',101);
INSERT INTO vsb_all_wards VALUE (1694,'Xã Chiềng Đông',101);
INSERT INTO vsb_all_wards VALUE (1695,'Xã Sập Vạt',101);
INSERT INTO vsb_all_wards VALUE (1696,'Xã Chiềng Sàng',101);
INSERT INTO vsb_all_wards VALUE (1697,'Xã Chiềng Pằn',101);
INSERT INTO vsb_all_wards VALUE (1698,'Xã Viêng Lán',101);
INSERT INTO vsb_all_wards VALUE (1699,'Xã Chiềng Hặc',101);
INSERT INTO vsb_all_wards VALUE (1700,'Xã Mường Lựm',101);
INSERT INTO vsb_all_wards VALUE (1701,'Xã Chiềng On',101);
INSERT INTO vsb_all_wards VALUE (1702,'Xã Yên Sơn',101);
INSERT INTO vsb_all_wards VALUE (1703,'Xã Chiềng Khoi',101);
INSERT INTO vsb_all_wards VALUE (1704,'Xã Tú Nang',101);
INSERT INTO vsb_all_wards VALUE (1705,'Xã Lóng Phiêng',101);
INSERT INTO vsb_all_wards VALUE (1706,'Xã Phiêng Khoài',101);
INSERT INTO vsb_all_wards VALUE (1707,'Xã Chiềng Tương',101);
INSERT INTO vsb_all_districts VALUE (102,'Huyện Mai Sơn',9);
INSERT INTO vsb_all_wards VALUE (1708,'Thị trấn Hát Lót',102);
INSERT INTO vsb_all_wards VALUE (1709,'Xã Chiềng Sung',102);
INSERT INTO vsb_all_wards VALUE (1710,'Xã Mường Bằng',102);
INSERT INTO vsb_all_wards VALUE (1711,'Xã Chiềng Chăn',102);
INSERT INTO vsb_all_wards VALUE (1712,'Xã Mương Chanh',102);
INSERT INTO vsb_all_wards VALUE (1713,'Xã Chiềng Ban',102);
INSERT INTO vsb_all_wards VALUE (1714,'Xã Chiềng Mung',102);
INSERT INTO vsb_all_wards VALUE (1715,'Xã Mường Bon',102);
INSERT INTO vsb_all_wards VALUE (1716,'Xã Chiềng Chung',102);
INSERT INTO vsb_all_wards VALUE (1717,'Xã Chiềng Mai',102);
INSERT INTO vsb_all_wards VALUE (1718,'Xã Hát Lót',102);
INSERT INTO vsb_all_wards VALUE (1719,'Xã Nà Pó',102);
INSERT INTO vsb_all_wards VALUE (1720,'Xã Cò Nòi',102);
INSERT INTO vsb_all_wards VALUE (1721,'Xã Chiềng Nơi',102);
INSERT INTO vsb_all_wards VALUE (1722,'Xã Phiêng Cằm',102);
INSERT INTO vsb_all_wards VALUE (1723,'Xã Chiềng Dong',102);
INSERT INTO vsb_all_wards VALUE (1724,'Xã Chiềng Kheo',102);
INSERT INTO vsb_all_wards VALUE (1725,'Xã Chiềng Ve',102);
INSERT INTO vsb_all_wards VALUE (1726,'Xã Chiềng Lương',102);
INSERT INTO vsb_all_wards VALUE (1727,'Xã Phiêng Pằn',102);
INSERT INTO vsb_all_wards VALUE (1728,'Xã Nà Ơt',102);
INSERT INTO vsb_all_wards VALUE (1729,'Xã Tà Hộc',102);
INSERT INTO vsb_all_districts VALUE (103,'Huyện Sông Mã',9);
INSERT INTO vsb_all_wards VALUE (1730,'Thị trấn Sông Mã',103);
INSERT INTO vsb_all_wards VALUE (1731,'Xã Bó Sinh',103);
INSERT INTO vsb_all_wards VALUE (1732,'Xã Pú Pẩu',103);
INSERT INTO vsb_all_wards VALUE (1733,'Xã Chiềng Phung',103);
INSERT INTO vsb_all_wards VALUE (1734,'Xã Chiềng En',103);
INSERT INTO vsb_all_wards VALUE (1735,'Xã Mường Lầm',103);
INSERT INTO vsb_all_wards VALUE (1736,'Xã Nậm Ty',103);
INSERT INTO vsb_all_wards VALUE (1737,'Xã Đứa Mòn',103);
INSERT INTO vsb_all_wards VALUE (1738,'Xã Yên Hưng',103);
INSERT INTO vsb_all_wards VALUE (1739,'Xã Chiềng Sơ',103);
INSERT INTO vsb_all_wards VALUE (1740,'Xã Nà Nghịu',103);
INSERT INTO vsb_all_wards VALUE (1741,'Xã Nậm Mằn',103);
INSERT INTO vsb_all_wards VALUE (1742,'Xã Chiềng Khoong',103);
INSERT INTO vsb_all_wards VALUE (1743,'Xã Chiềng Cang',103);
INSERT INTO vsb_all_wards VALUE (1744,'Xã Huổi Một',103);
INSERT INTO vsb_all_wards VALUE (1745,'Xã Mường Sai',103);
INSERT INTO vsb_all_wards VALUE (1746,'Xã Mường Cai',103);
INSERT INTO vsb_all_wards VALUE (1747,'Xã Mường Hung',103);
INSERT INTO vsb_all_wards VALUE (1748,'Xã Chiềng Khương',103);
INSERT INTO vsb_all_districts VALUE (104,'Huyện Sốp Cộp',9);
INSERT INTO vsb_all_wards VALUE (1749,'Xã Sam Kha',104);
INSERT INTO vsb_all_wards VALUE (1750,'Xã Púng Bánh',104);
INSERT INTO vsb_all_wards VALUE (1751,'Xã Sốp Cộp',104);
INSERT INTO vsb_all_wards VALUE (1752,'Xã Dồm Cang',104);
INSERT INTO vsb_all_wards VALUE (1753,'Xã Nậm Lạnh',104);
INSERT INTO vsb_all_wards VALUE (1754,'Xã Mường Lèo',104);
INSERT INTO vsb_all_wards VALUE (1755,'Xã Mường Và',104);
INSERT INTO vsb_all_wards VALUE (1756,'Xã Mường Lạn',104);
INSERT INTO vsb_all_districts VALUE (105,'Huyện Vân Hồ',9);
INSERT INTO vsb_all_wards VALUE (1757,'Xã Suối Bàng',105);
INSERT INTO vsb_all_wards VALUE (1758,'Xã Song Khủa',105);
INSERT INTO vsb_all_wards VALUE (1759,'Xã Liên Hoà',105);
INSERT INTO vsb_all_wards VALUE (1760,'Xã Tô Múa',105);
INSERT INTO vsb_all_wards VALUE (1761,'Xã Mường Tè',105);
INSERT INTO vsb_all_wards VALUE (1762,'Xã Chiềng Khoa',105);
INSERT INTO vsb_all_wards VALUE (1763,'Xã Mường Men',105);
INSERT INTO vsb_all_wards VALUE (1764,'Xã Quang Minh',105);
INSERT INTO vsb_all_wards VALUE (1765,'Xã Vân Hồ',105);
INSERT INTO vsb_all_wards VALUE (1766,'Xã Lóng Luông',105);
INSERT INTO vsb_all_wards VALUE (1767,'Xã Chiềng Yên',105);
INSERT INTO vsb_all_wards VALUE (1768,'Xã Chiềng Xuân',105);
INSERT INTO vsb_all_wards VALUE (1769,'Xã Xuân Nha',105);
INSERT INTO vsb_all_wards VALUE (1770,'Xã Tân Xuân',105);
INSERT INTO vsb_all_provinces VALUE (10,'Tỉnh Yên Bái');
INSERT INTO vsb_all_districts VALUE (106,'Thành phố Yên Bái',10);
INSERT INTO vsb_all_wards VALUE (1771,'Phường Yên Thịnh',106);
INSERT INTO vsb_all_wards VALUE (1772,'Phường Yên Ninh',106);
INSERT INTO vsb_all_wards VALUE (1773,'Phường Minh Tân',106);
INSERT INTO vsb_all_wards VALUE (1774,'Phường Nguyễn Thái Học',106);
INSERT INTO vsb_all_wards VALUE (1775,'Phường Đồng Tâm',106);
INSERT INTO vsb_all_wards VALUE (1776,'Phường Nguyễn Phúc',106);
INSERT INTO vsb_all_wards VALUE (1777,'Phường Hồng Hà',106);
INSERT INTO vsb_all_wards VALUE (1778,'Xã Minh Bảo',106);
INSERT INTO vsb_all_wards VALUE (1779,'Phường Nam Cường',106);
INSERT INTO vsb_all_wards VALUE (1780,'Xã Tuy Lộc',106);
INSERT INTO vsb_all_wards VALUE (1781,'Xã Tân Thịnh',106);
INSERT INTO vsb_all_wards VALUE (1782,'Xã Âu Lâu',106);
INSERT INTO vsb_all_wards VALUE (1783,'Xã Giới Phiên',106);
INSERT INTO vsb_all_wards VALUE (1784,'Phường Hợp Minh',106);
INSERT INTO vsb_all_wards VALUE (1785,'Xã Văn Phú',106);
INSERT INTO vsb_all_districts VALUE (107,'Thị xã Nghĩa Lộ',10);
INSERT INTO vsb_all_wards VALUE (1786,'Phường Pú Trạng',107);
INSERT INTO vsb_all_wards VALUE (1787,'Phường Trung Tâm',107);
INSERT INTO vsb_all_wards VALUE (1788,'Phường Tân An',107);
INSERT INTO vsb_all_wards VALUE (1789,'Phường Cầu Thia',107);
INSERT INTO vsb_all_wards VALUE (1790,'Xã Nghĩa Lợi',107);
INSERT INTO vsb_all_wards VALUE (1791,'Xã Nghĩa Phúc',107);
INSERT INTO vsb_all_wards VALUE (1792,'Xã Nghĩa An',107);
INSERT INTO vsb_all_wards VALUE (1793,'Xã Nghĩa Lộ',107);
INSERT INTO vsb_all_wards VALUE (1794,'Xã Sơn A',107);
INSERT INTO vsb_all_wards VALUE (1795,'Xã Phù Nham',107);
INSERT INTO vsb_all_wards VALUE (1796,'Xã Thanh Lương',107);
INSERT INTO vsb_all_wards VALUE (1797,'Xã Hạnh Sơn',107);
INSERT INTO vsb_all_wards VALUE (1798,'Xã Phúc Sơn',107);
INSERT INTO vsb_all_wards VALUE (1799,'Xã Thạch Lương',107);
INSERT INTO vsb_all_districts VALUE (108,'Huyện Lục Yên',10);
INSERT INTO vsb_all_wards VALUE (1800,'Thị trấn Yên Thế',108);
INSERT INTO vsb_all_wards VALUE (1801,'Xã Tân Phượng',108);
INSERT INTO vsb_all_wards VALUE (1802,'Xã Lâm Thượng',108);
INSERT INTO vsb_all_wards VALUE (1803,'Xã Khánh Thiện',108);
INSERT INTO vsb_all_wards VALUE (1804,'Xã Minh Chuẩn',108);
INSERT INTO vsb_all_wards VALUE (1805,'Xã Mai Sơn',108);
INSERT INTO vsb_all_wards VALUE (1806,'Xã Khai Trung',108);
INSERT INTO vsb_all_wards VALUE (1807,'Xã Mường Lai',108);
INSERT INTO vsb_all_wards VALUE (1808,'Xã An Lạc',108);
INSERT INTO vsb_all_wards VALUE (1809,'Xã Minh Xuân',108);
INSERT INTO vsb_all_wards VALUE (1810,'Xã Tô Mậu',108);
INSERT INTO vsb_all_wards VALUE (1811,'Xã Tân Lĩnh',108);
INSERT INTO vsb_all_wards VALUE (1812,'Xã Yên Thắng',108);
INSERT INTO vsb_all_wards VALUE (1813,'Xã Khánh Hoà',108);
INSERT INTO vsb_all_wards VALUE (1814,'Xã Vĩnh Lạc',108);
INSERT INTO vsb_all_wards VALUE (1815,'Xã Liễu Đô',108);
INSERT INTO vsb_all_wards VALUE (1816,'Xã Động Quan',108);
INSERT INTO vsb_all_wards VALUE (1817,'Xã Tân Lập',108);
INSERT INTO vsb_all_wards VALUE (1818,'Xã Minh Tiến',108);
INSERT INTO vsb_all_wards VALUE (1819,'Xã Trúc Lâu',108);
INSERT INTO vsb_all_wards VALUE (1820,'Xã Phúc Lợi',108);
INSERT INTO vsb_all_wards VALUE (1821,'Xã Phan Thanh',108);
INSERT INTO vsb_all_wards VALUE (1822,'Xã An Phú',108);
INSERT INTO vsb_all_wards VALUE (1823,'Xã Trung Tâm',108);
INSERT INTO vsb_all_districts VALUE (109,'Huyện Văn Yên',10);
INSERT INTO vsb_all_wards VALUE (1824,'Thị trấn Mậu A',109);
INSERT INTO vsb_all_wards VALUE (1825,'Xã Lang Thíp',109);
INSERT INTO vsb_all_wards VALUE (1826,'Xã Lâm Giang',109);
INSERT INTO vsb_all_wards VALUE (1827,'Xã Châu Quế Thượng',109);
INSERT INTO vsb_all_wards VALUE (1828,'Xã Châu Quế Hạ',109);
INSERT INTO vsb_all_wards VALUE (1829,'Xã An Bình',109);
INSERT INTO vsb_all_wards VALUE (1830,'Xã Quang Minh',109);
INSERT INTO vsb_all_wards VALUE (1831,'Xã Đông An',109);
INSERT INTO vsb_all_wards VALUE (1832,'Xã Đông Cuông',109);
INSERT INTO vsb_all_wards VALUE (1833,'Xã Phong Dụ Hạ',109);
INSERT INTO vsb_all_wards VALUE (1834,'Xã Mậu Đông',109);
INSERT INTO vsb_all_wards VALUE (1835,'Xã Ngòi A',109);
INSERT INTO vsb_all_wards VALUE (1836,'Xã Xuân Tầm',109);
INSERT INTO vsb_all_wards VALUE (1837,'Xã Tân Hợp',109);
INSERT INTO vsb_all_wards VALUE (1838,'Xã An Thịnh',109);
INSERT INTO vsb_all_wards VALUE (1839,'Xã Yên Thái',109);
INSERT INTO vsb_all_wards VALUE (1840,'Xã Phong Dụ Thượng',109);
INSERT INTO vsb_all_wards VALUE (1841,'Xã Yên Hợp',109);
INSERT INTO vsb_all_wards VALUE (1842,'Xã Đại Sơn',109);
INSERT INTO vsb_all_wards VALUE (1843,'Xã Đại Phác',109);
INSERT INTO vsb_all_wards VALUE (1844,'Xã Yên Phú',109);
INSERT INTO vsb_all_wards VALUE (1845,'Xã Xuân Ái',109);
INSERT INTO vsb_all_wards VALUE (1846,'Xã Viễn Sơn',109);
INSERT INTO vsb_all_wards VALUE (1847,'Xã Mỏ Vàng',109);
INSERT INTO vsb_all_wards VALUE (1848,'Xã Nà Hẩu',109);
INSERT INTO vsb_all_districts VALUE (110,'Huyện Mù Căng Chải',10);
INSERT INTO vsb_all_wards VALUE (1849,'Thị trấn Mù Căng Chải',110);
INSERT INTO vsb_all_wards VALUE (1850,'Xã Hồ Bốn',110);
INSERT INTO vsb_all_wards VALUE (1851,'Xã Nậm Có',110);
INSERT INTO vsb_all_wards VALUE (1852,'Xã Khao Mang',110);
INSERT INTO vsb_all_wards VALUE (1853,'Xã Mồ Dề',110);
INSERT INTO vsb_all_wards VALUE (1854,'Xã Chế Cu Nha',110);
INSERT INTO vsb_all_wards VALUE (1855,'Xã Lao Chải',110);
INSERT INTO vsb_all_wards VALUE (1856,'Xã Kim Nọi',110);
INSERT INTO vsb_all_wards VALUE (1857,'Xã Cao Phạ',110);
INSERT INTO vsb_all_wards VALUE (1858,'Xã La Pán Tẩn',110);
INSERT INTO vsb_all_wards VALUE (1859,'Xã Dế Su Phình',110);
INSERT INTO vsb_all_wards VALUE (1860,'Xã Chế Tạo',110);
INSERT INTO vsb_all_wards VALUE (1861,'Xã Púng Luông',110);
INSERT INTO vsb_all_wards VALUE (1862,'Xã Nậm Khắt',110);
INSERT INTO vsb_all_districts VALUE (111,'Huyện Trấn Yên',10);
INSERT INTO vsb_all_wards VALUE (1863,'Thị trấn Cổ Phúc',111);
INSERT INTO vsb_all_wards VALUE (1864,'Xã Tân Đồng',111);
INSERT INTO vsb_all_wards VALUE (1865,'Xã Báo Đáp',111);
INSERT INTO vsb_all_wards VALUE (1866,'Xã Đào Thịnh',111);
INSERT INTO vsb_all_wards VALUE (1867,'Xã Việt Thành',111);
INSERT INTO vsb_all_wards VALUE (1868,'Xã Hòa Cuông',111);
INSERT INTO vsb_all_wards VALUE (1869,'Xã Minh Quán',111);
INSERT INTO vsb_all_wards VALUE (1870,'Xã Quy Mông',111);
INSERT INTO vsb_all_wards VALUE (1871,'Xã Cường Thịnh',111);
INSERT INTO vsb_all_wards VALUE (1872,'Xã Kiên Thành',111);
INSERT INTO vsb_all_wards VALUE (1873,'Xã Nga Quán',111);
INSERT INTO vsb_all_wards VALUE (1874,'Xã Y Can',111);
INSERT INTO vsb_all_wards VALUE (1875,'Xã Lương Thịnh',111);
INSERT INTO vsb_all_wards VALUE (1876,'Xã Bảo Hưng',111);
INSERT INTO vsb_all_wards VALUE (1877,'Xã Việt Cường',111);
INSERT INTO vsb_all_wards VALUE (1878,'Xã Minh Quân',111);
INSERT INTO vsb_all_wards VALUE (1879,'Xã Hồng Ca',111);
INSERT INTO vsb_all_wards VALUE (1880,'Xã Hưng Thịnh',111);
INSERT INTO vsb_all_wards VALUE (1881,'Xã Hưng Khánh',111);
INSERT INTO vsb_all_wards VALUE (1882,'Xã Việt Hồng',111);
INSERT INTO vsb_all_wards VALUE (1883,'Xã Vân Hội',111);
INSERT INTO vsb_all_districts VALUE (112,'Huyện Trạm Tấu',10);
INSERT INTO vsb_all_wards VALUE (1884,'Thị trấn Trạm Tấu',112);
INSERT INTO vsb_all_wards VALUE (1885,'Xã Túc Đán',112);
INSERT INTO vsb_all_wards VALUE (1886,'Xã Pá Lau',112);
INSERT INTO vsb_all_wards VALUE (1887,'Xã Xà Hồ',112);
INSERT INTO vsb_all_wards VALUE (1888,'Xã Phình Hồ',112);
INSERT INTO vsb_all_wards VALUE (1889,'Xã Trạm Tấu',112);
INSERT INTO vsb_all_wards VALUE (1890,'Xã Tà Si Láng',112);
INSERT INTO vsb_all_wards VALUE (1891,'Xã Pá Hu',112);
INSERT INTO vsb_all_wards VALUE (1892,'Xã Làng Nhì',112);
INSERT INTO vsb_all_wards VALUE (1893,'Xã Bản Công',112);
INSERT INTO vsb_all_wards VALUE (1894,'Xã Bản Mù',112);
INSERT INTO vsb_all_wards VALUE (1895,'Xã Hát Lìu',112);
INSERT INTO vsb_all_districts VALUE (113,'Huyện Văn Chấn',10);
INSERT INTO vsb_all_wards VALUE (1896,'Thị trấn NT Liên Sơn',113);
INSERT INTO vsb_all_wards VALUE (1897,'Thị trấn NT Trần Phú',113);
INSERT INTO vsb_all_wards VALUE (1898,'Xã Tú Lệ',113);
INSERT INTO vsb_all_wards VALUE (1899,'Xã Nậm Búng',113);
INSERT INTO vsb_all_wards VALUE (1900,'Xã Gia Hội',113);
INSERT INTO vsb_all_wards VALUE (1901,'Xã Sùng Đô',113);
INSERT INTO vsb_all_wards VALUE (1902,'Xã Nậm Mười',113);
INSERT INTO vsb_all_wards VALUE (1903,'Xã An Lương',113);
INSERT INTO vsb_all_wards VALUE (1904,'Xã Nậm Lành',113);
INSERT INTO vsb_all_wards VALUE (1905,'Xã Sơn Lương',113);
INSERT INTO vsb_all_wards VALUE (1906,'Xã Suối Quyền',113);
INSERT INTO vsb_all_wards VALUE (1907,'Xã Suối Giàng',113);
INSERT INTO vsb_all_wards VALUE (1908,'Xã Nghĩa Sơn',113);
INSERT INTO vsb_all_wards VALUE (1909,'Xã Suối Bu',113);
INSERT INTO vsb_all_wards VALUE (1910,'Thị trấn Sơn Thịnh',113);
INSERT INTO vsb_all_wards VALUE (1911,'Xã Đại Lịch',113);
INSERT INTO vsb_all_wards VALUE (1912,'Xã Đồng Khê',113);
INSERT INTO vsb_all_wards VALUE (1913,'Xã Cát Thịnh',113);
INSERT INTO vsb_all_wards VALUE (1914,'Xã Tân Thịnh',113);
INSERT INTO vsb_all_wards VALUE (1915,'Xã Chấn Thịnh',113);
INSERT INTO vsb_all_wards VALUE (1916,'Xã Bình Thuận',113);
INSERT INTO vsb_all_wards VALUE (1917,'Xã Thượng Bằng La',113);
INSERT INTO vsb_all_wards VALUE (1918,'Xã Minh An',113);
INSERT INTO vsb_all_wards VALUE (1919,'Xã Nghĩa Tâm',113);
INSERT INTO vsb_all_districts VALUE (114,'Huyện Yên Bình',10);
INSERT INTO vsb_all_wards VALUE (1920,'Thị trấn Yên Bình',114);
INSERT INTO vsb_all_wards VALUE (1921,'Thị trấn Thác Bà',114);
INSERT INTO vsb_all_wards VALUE (1922,'Xã Xuân Long',114);
INSERT INTO vsb_all_wards VALUE (1923,'Xã Cảm Nhân',114);
INSERT INTO vsb_all_wards VALUE (1924,'Xã Ngọc Chấn',114);
INSERT INTO vsb_all_wards VALUE (1925,'Xã Tân Nguyên',114);
INSERT INTO vsb_all_wards VALUE (1926,'Xã Phúc Ninh',114);
INSERT INTO vsb_all_wards VALUE (1927,'Xã Bảo Ái',114);
INSERT INTO vsb_all_wards VALUE (1928,'Xã Mỹ Gia',114);
INSERT INTO vsb_all_wards VALUE (1929,'Xã Xuân Lai',114);
INSERT INTO vsb_all_wards VALUE (1930,'Xã Mông Sơn',114);
INSERT INTO vsb_all_wards VALUE (1931,'Xã Cảm Ân',114);
INSERT INTO vsb_all_wards VALUE (1932,'Xã Yên Thành',114);
INSERT INTO vsb_all_wards VALUE (1933,'Xã Tân Hương',114);
INSERT INTO vsb_all_wards VALUE (1934,'Xã Phúc An',114);
INSERT INTO vsb_all_wards VALUE (1935,'Xã Bạch Hà',114);
INSERT INTO vsb_all_wards VALUE (1936,'Xã Vũ Linh',114);
INSERT INTO vsb_all_wards VALUE (1937,'Xã Đại Đồng',114);
INSERT INTO vsb_all_wards VALUE (1938,'Xã Vĩnh Kiên',114);
INSERT INTO vsb_all_wards VALUE (1939,'Xã Yên Bình',114);
INSERT INTO vsb_all_wards VALUE (1940,'Xã Thịnh Hưng',114);
INSERT INTO vsb_all_wards VALUE (1941,'Xã Hán Đà',114);
INSERT INTO vsb_all_wards VALUE (1942,'Xã Phú Thịnh',114);
INSERT INTO vsb_all_wards VALUE (1943,'Xã Đại Minh',114);
INSERT INTO vsb_all_provinces VALUE (11,'Tỉnh Hoà Bình');
INSERT INTO vsb_all_districts VALUE (115,'Thành phố Hòa Bình',11);
INSERT INTO vsb_all_wards VALUE (1944,'Phường Thái Bình',115);
INSERT INTO vsb_all_wards VALUE (1945,'Phường Tân Hòa',115);
INSERT INTO vsb_all_wards VALUE (1946,'Phường Thịnh Lang',115);
INSERT INTO vsb_all_wards VALUE (1947,'Phường Hữu Nghị',115);
INSERT INTO vsb_all_wards VALUE (1948,'Phường Tân Thịnh',115);
INSERT INTO vsb_all_wards VALUE (1949,'Phường Đồng Tiến',115);
INSERT INTO vsb_all_wards VALUE (1950,'Phường Phương Lâm',115);
INSERT INTO vsb_all_wards VALUE (1951,'Xã Yên Mông',115);
INSERT INTO vsb_all_wards VALUE (1952,'Phường Quỳnh Lâm',115);
INSERT INTO vsb_all_wards VALUE (1953,'Phường Dân Chủ',115);
INSERT INTO vsb_all_wards VALUE (1954,'Xã Hòa Bình',115);
INSERT INTO vsb_all_wards VALUE (1955,'Phường Thống Nhất',115);
INSERT INTO vsb_all_wards VALUE (1956,'Phường Kỳ Sơn',115);
INSERT INTO vsb_all_wards VALUE (1957,'Xã Thịnh Minh',115);
INSERT INTO vsb_all_wards VALUE (1958,'Xã Hợp Thành',115);
INSERT INTO vsb_all_wards VALUE (1959,'Xã Quang Tiến',115);
INSERT INTO vsb_all_wards VALUE (1960,'Xã Mông Hóa',115);
INSERT INTO vsb_all_wards VALUE (1961,'Phường Trung Minh',115);
INSERT INTO vsb_all_wards VALUE (1962,'Xã Độc Lập',115);
INSERT INTO vsb_all_districts VALUE (116,'Huyện Đà Bắc',11);
INSERT INTO vsb_all_wards VALUE (1963,'Thị trấn Đà Bắc',116);
INSERT INTO vsb_all_wards VALUE (1964,'Xã Nánh Nghê',116);
INSERT INTO vsb_all_wards VALUE (1965,'Xã Giáp Đắt',116);
INSERT INTO vsb_all_wards VALUE (1966,'Xã Mường Chiềng',116);
INSERT INTO vsb_all_wards VALUE (1967,'Xã Tân Pheo',116);
INSERT INTO vsb_all_wards VALUE (1968,'Xã Đồng Chum',116);
INSERT INTO vsb_all_wards VALUE (1969,'Xã Tân Minh',116);
INSERT INTO vsb_all_wards VALUE (1970,'Xã Đoàn Kết',116);
INSERT INTO vsb_all_wards VALUE (1971,'Xã Đồng Ruộng',116);
INSERT INTO vsb_all_wards VALUE (1972,'Xã Tú Lý',116);
INSERT INTO vsb_all_wards VALUE (1973,'Xã Trung Thành',116);
INSERT INTO vsb_all_wards VALUE (1974,'Xã Yên Hòa',116);
INSERT INTO vsb_all_wards VALUE (1975,'Xã Cao Sơn',116);
INSERT INTO vsb_all_wards VALUE (1976,'Xã Toàn Sơn',116);
INSERT INTO vsb_all_wards VALUE (1977,'Xã Hiền Lương',116);
INSERT INTO vsb_all_wards VALUE (1978,'Xã Tiền Phong',116);
INSERT INTO vsb_all_wards VALUE (1979,'Xã Vầy Nưa',116);
INSERT INTO vsb_all_districts VALUE (117,'Huyện Lương Sơn',11);
INSERT INTO vsb_all_wards VALUE (1980,'Thị trấn Lương Sơn',117);
INSERT INTO vsb_all_wards VALUE (1981,'Xã Lâm Sơn',117);
INSERT INTO vsb_all_wards VALUE (1982,'Xã Hòa Sơn',117);
INSERT INTO vsb_all_wards VALUE (1983,'Xã Tân Vinh',117);
INSERT INTO vsb_all_wards VALUE (1984,'Xã Nhuận Trạch',117);
INSERT INTO vsb_all_wards VALUE (1985,'Xã Cao Sơn',117);
INSERT INTO vsb_all_wards VALUE (1986,'Xã Cư Yên',117);
INSERT INTO vsb_all_wards VALUE (1987,'Xã Liên Sơn',117);
INSERT INTO vsb_all_wards VALUE (1988,'Xã Cao Dương',117);
INSERT INTO vsb_all_wards VALUE (1989,'Xã Thanh Sơn',117);
INSERT INTO vsb_all_wards VALUE (1990,'Xã Thanh Cao',117);
INSERT INTO vsb_all_districts VALUE (118,'Huyện Kim Bôi',11);
INSERT INTO vsb_all_wards VALUE (1991,'Thị trấn Bo',118);
INSERT INTO vsb_all_wards VALUE (1992,'Xã Đú Sáng',118);
INSERT INTO vsb_all_wards VALUE (1993,'Xã Hùng Sơn',118);
INSERT INTO vsb_all_wards VALUE (1994,'Xã Bình Sơn',118);
INSERT INTO vsb_all_wards VALUE (1995,'Xã Tú Sơn',118);
INSERT INTO vsb_all_wards VALUE (1996,'Xã Vĩnh Tiến',118);
INSERT INTO vsb_all_wards VALUE (1997,'Xã Đông Bắc',118);
INSERT INTO vsb_all_wards VALUE (1998,'Xã Xuân Thủy',118);
INSERT INTO vsb_all_wards VALUE (1999,'Xã Vĩnh Đồng',118);
INSERT INTO vsb_all_wards VALUE (2000,'Xã Kim Lập',118);
INSERT INTO vsb_all_wards VALUE (2001,'Xã Hợp Tiến',118);
INSERT INTO vsb_all_wards VALUE (2002,'Xã Kim Bôi',118);
INSERT INTO vsb_all_wards VALUE (2003,'Xã Nam Thượng',118);
INSERT INTO vsb_all_wards VALUE (2004,'Xã Cuối Hạ',118);
INSERT INTO vsb_all_wards VALUE (2005,'Xã Sào Báy',118);
INSERT INTO vsb_all_wards VALUE (2006,'Xã Mi Hòa',118);
INSERT INTO vsb_all_wards VALUE (2007,'Xã Nuông Dăm',118);
INSERT INTO vsb_all_districts VALUE (119,'Huyện Cao Phong',11);
INSERT INTO vsb_all_wards VALUE (2008,'Thị trấn Cao Phong',119);
INSERT INTO vsb_all_wards VALUE (2009,'Xã Bình Thanh',119);
INSERT INTO vsb_all_wards VALUE (2010,'Xã Thung Nai',119);
INSERT INTO vsb_all_wards VALUE (2011,'Xã Bắc Phong',119);
INSERT INTO vsb_all_wards VALUE (2012,'Xã Thu Phong',119);
INSERT INTO vsb_all_wards VALUE (2013,'Xã Hợp Phong',119);
INSERT INTO vsb_all_wards VALUE (2014,'Xã Tây Phong',119);
INSERT INTO vsb_all_wards VALUE (2015,'Xã Dũng Phong',119);
INSERT INTO vsb_all_wards VALUE (2016,'Xã Nam Phong',119);
INSERT INTO vsb_all_wards VALUE (2017,'Xã Thạch Yên',119);
INSERT INTO vsb_all_districts VALUE (120,'Huyện Tân Lạc',11);
INSERT INTO vsb_all_wards VALUE (2018,'Thị trấn Mãn Đức',120);
INSERT INTO vsb_all_wards VALUE (2019,'Xã Suối Hoa',120);
INSERT INTO vsb_all_wards VALUE (2020,'Xã Phú Vinh',120);
INSERT INTO vsb_all_wards VALUE (2021,'Xã Phú Cường',120);
INSERT INTO vsb_all_wards VALUE (2022,'Xã Mỹ Hòa',120);
INSERT INTO vsb_all_wards VALUE (2023,'Xã Quyết Chiến',120);
INSERT INTO vsb_all_wards VALUE (2024,'Xã Phong Phú',120);
INSERT INTO vsb_all_wards VALUE (2025,'Xã Tử Nê',120);
INSERT INTO vsb_all_wards VALUE (2026,'Xã Thanh Hối',120);
INSERT INTO vsb_all_wards VALUE (2027,'Xã Ngọc Mỹ',120);
INSERT INTO vsb_all_wards VALUE (2028,'Xã Đông Lai',120);
INSERT INTO vsb_all_wards VALUE (2029,'Xã Vân Sơn',120);
INSERT INTO vsb_all_wards VALUE (2030,'Xã Nhân Mỹ',120);
INSERT INTO vsb_all_wards VALUE (2031,'Xã Lỗ Sơn',120);
INSERT INTO vsb_all_wards VALUE (2032,'Xã Ngổ Luông',120);
INSERT INTO vsb_all_wards VALUE (2033,'Xã Gia Mô',120);
INSERT INTO vsb_all_districts VALUE (121,'Huyện Mai Châu',11);
INSERT INTO vsb_all_wards VALUE (2034,'Xã Tân Thành',121);
INSERT INTO vsb_all_wards VALUE (2035,'Thị trấn Mai Châu',121);
INSERT INTO vsb_all_wards VALUE (2036,'Xã Sơn Thủy',121);
INSERT INTO vsb_all_wards VALUE (2037,'Xã Pà Cò',121);
INSERT INTO vsb_all_wards VALUE (2038,'Xã Hang Kia',121);
INSERT INTO vsb_all_wards VALUE (2039,'Xã Đồng Tân',121);
INSERT INTO vsb_all_wards VALUE (2040,'Xã Cun Pheo',121);
INSERT INTO vsb_all_wards VALUE (2041,'Xã Bao La',121);
INSERT INTO vsb_all_wards VALUE (2042,'Xã Tòng Đậu',121);
INSERT INTO vsb_all_wards VALUE (2043,'Xã Nà Phòn',121);
INSERT INTO vsb_all_wards VALUE (2044,'Xã Săm Khóe',121);
INSERT INTO vsb_all_wards VALUE (2045,'Xã Chiềng Châu',121);
INSERT INTO vsb_all_wards VALUE (2046,'Xã Mai Hạ',121);
INSERT INTO vsb_all_wards VALUE (2047,'Xã Thành Sơn',121);
INSERT INTO vsb_all_wards VALUE (2048,'Xã Mai Hịch',121);
INSERT INTO vsb_all_wards VALUE (2049,'Xã Vạn Mai',121);
INSERT INTO vsb_all_districts VALUE (122,'Huyện Lạc Sơn',11);
INSERT INTO vsb_all_wards VALUE (2050,'Thị trấn Vụ Bản',122);
INSERT INTO vsb_all_wards VALUE (2051,'Xã Quý Hòa',122);
INSERT INTO vsb_all_wards VALUE (2052,'Xã Miền Đồi',122);
INSERT INTO vsb_all_wards VALUE (2053,'Xã Mỹ Thành',122);
INSERT INTO vsb_all_wards VALUE (2054,'Xã Tuân Đạo',122);
INSERT INTO vsb_all_wards VALUE (2055,'Xã Văn Nghĩa',122);
INSERT INTO vsb_all_wards VALUE (2056,'Xã Văn Sơn',122);
INSERT INTO vsb_all_wards VALUE (2057,'Xã Tân Lập',122);
INSERT INTO vsb_all_wards VALUE (2058,'Xã Nhân Nghĩa',122);
INSERT INTO vsb_all_wards VALUE (2059,'Xã Thượng Cốc',122);
INSERT INTO vsb_all_wards VALUE (2060,'Xã Quyết Thắng',122);
INSERT INTO vsb_all_wards VALUE (2061,'Xã Xuất Hóa',122);
INSERT INTO vsb_all_wards VALUE (2062,'Xã Yên Phú',122);
INSERT INTO vsb_all_wards VALUE (2063,'Xã Bình Hẻm',122);
INSERT INTO vsb_all_wards VALUE (2064,'Xã Định Cư',122);
INSERT INTO vsb_all_wards VALUE (2065,'Xã Chí Đạo',122);
INSERT INTO vsb_all_wards VALUE (2066,'Xã Ngọc Sơn',122);
INSERT INTO vsb_all_wards VALUE (2067,'Xã Hương Nhượng',122);
INSERT INTO vsb_all_wards VALUE (2068,'Xã Vũ Bình',122);
INSERT INTO vsb_all_wards VALUE (2069,'Xã Tự Do',122);
INSERT INTO vsb_all_wards VALUE (2070,'Xã Yên Nghiệp',122);
INSERT INTO vsb_all_wards VALUE (2071,'Xã Tân Mỹ',122);
INSERT INTO vsb_all_wards VALUE (2072,'Xã Ân Nghĩa',122);
INSERT INTO vsb_all_wards VALUE (2073,'Xã Ngọc Lâu',122);
INSERT INTO vsb_all_districts VALUE (123,'Huyện Yên Thủy',11);
INSERT INTO vsb_all_wards VALUE (2074,'Thị trấn Hàng Trạm',123);
INSERT INTO vsb_all_wards VALUE (2075,'Xã Lạc Sỹ',123);
INSERT INTO vsb_all_wards VALUE (2076,'Xã Lạc Lương',123);
INSERT INTO vsb_all_wards VALUE (2077,'Xã Bảo Hiệu',123);
INSERT INTO vsb_all_wards VALUE (2078,'Xã Đa Phúc',123);
INSERT INTO vsb_all_wards VALUE (2079,'Xã Hữu Lợi',123);
INSERT INTO vsb_all_wards VALUE (2080,'Xã Lạc Thịnh',123);
INSERT INTO vsb_all_wards VALUE (2081,'Xã Đoàn Kết',123);
INSERT INTO vsb_all_wards VALUE (2082,'Xã Phú Lai',123);
INSERT INTO vsb_all_wards VALUE (2083,'Xã Yên Trị',123);
INSERT INTO vsb_all_wards VALUE (2084,'Xã Ngọc Lương',123);
INSERT INTO vsb_all_districts VALUE (124,'Huyện Lạc Thủy',11);
INSERT INTO vsb_all_wards VALUE (2085,'Thị trấn Ba Hàng Đồi',124);
INSERT INTO vsb_all_wards VALUE (2086,'Thị trấn Chi Nê',124);
INSERT INTO vsb_all_wards VALUE (2087,'Xã Phú Nghĩa',124);
INSERT INTO vsb_all_wards VALUE (2088,'Xã Phú Thành',124);
INSERT INTO vsb_all_wards VALUE (2089,'Xã Hưng Thi',124);
INSERT INTO vsb_all_wards VALUE (2090,'Xã Khoan Dụ',124);
INSERT INTO vsb_all_wards VALUE (2091,'Xã Đồng Tâm',124);
INSERT INTO vsb_all_wards VALUE (2092,'Xã Yên Bồng',124);
INSERT INTO vsb_all_wards VALUE (2093,'Xã Thống Nhất',124);
INSERT INTO vsb_all_wards VALUE (2094,'Xã An Bình',124);
INSERT INTO vsb_all_provinces VALUE (12,'Tỉnh Thái Nguyên');
INSERT INTO vsb_all_districts VALUE (125,'Thành phố Thái Nguyên',12);
INSERT INTO vsb_all_wards VALUE (2095,'Phường Quán Triều',125);
INSERT INTO vsb_all_wards VALUE (2096,'Phường Quang Vinh',125);
INSERT INTO vsb_all_wards VALUE (2097,'Phường Túc Duyên',125);
INSERT INTO vsb_all_wards VALUE (2098,'Phường Hoàng Văn Thụ',125);
INSERT INTO vsb_all_wards VALUE (2099,'Phường Trưng Vương',125);
INSERT INTO vsb_all_wards VALUE (2100,'Phường Quang Trung',125);
INSERT INTO vsb_all_wards VALUE (2101,'Phường Phan Đình Phùng',125);
INSERT INTO vsb_all_wards VALUE (2102,'Phường Tân Thịnh',125);
INSERT INTO vsb_all_wards VALUE (2103,'Phường Thịnh Đán',125);
INSERT INTO vsb_all_wards VALUE (2104,'Phường Đồng Quang',125);
INSERT INTO vsb_all_wards VALUE (2105,'Phường Gia Sàng',125);
INSERT INTO vsb_all_wards VALUE (2106,'Phường Tân Lập',125);
INSERT INTO vsb_all_wards VALUE (2107,'Phường Cam Giá',125);
INSERT INTO vsb_all_wards VALUE (2108,'Phường Phú Xá',125);
INSERT INTO vsb_all_wards VALUE (2109,'Phường Hương Sơn',125);
INSERT INTO vsb_all_wards VALUE (2110,'Phường Trung Thành',125);
INSERT INTO vsb_all_wards VALUE (2111,'Phường Tân Thành',125);
INSERT INTO vsb_all_wards VALUE (2112,'Phường Tân Long',125);
INSERT INTO vsb_all_wards VALUE (2113,'Xã Phúc Hà',125);
INSERT INTO vsb_all_wards VALUE (2114,'Xã Phúc Xuân',125);
INSERT INTO vsb_all_wards VALUE (2115,'Xã Quyết Thắng',125);
INSERT INTO vsb_all_wards VALUE (2116,'Xã Phúc Trìu',125);
INSERT INTO vsb_all_wards VALUE (2117,'Xã Thịnh Đức',125);
INSERT INTO vsb_all_wards VALUE (2118,'Phường Tích Lương',125);
INSERT INTO vsb_all_wards VALUE (2119,'Xã Tân Cương',125);
INSERT INTO vsb_all_wards VALUE (2120,'Xã Sơn Cẩm',125);
INSERT INTO vsb_all_wards VALUE (2121,'Phường Chùa Hang',125);
INSERT INTO vsb_all_wards VALUE (2122,'Xã Cao Ngạn',125);
INSERT INTO vsb_all_wards VALUE (2123,'Xã Linh Sơn',125);
INSERT INTO vsb_all_wards VALUE (2124,'Phường Đồng Bẩm',125);
INSERT INTO vsb_all_wards VALUE (2125,'Xã Huống Thượng',125);
INSERT INTO vsb_all_wards VALUE (2126,'Xã Đồng Liên',125);
INSERT INTO vsb_all_districts VALUE (126,'Thành phố Sông Công',12);
INSERT INTO vsb_all_wards VALUE (2127,'Phường Lương Sơn',126);
INSERT INTO vsb_all_wards VALUE (2128,'Phường Châu Sơn',126);
INSERT INTO vsb_all_wards VALUE (2129,'Phường Mỏ Chè',126);
INSERT INTO vsb_all_wards VALUE (2130,'Phường Cải Đan',126);
INSERT INTO vsb_all_wards VALUE (2131,'Phường Thắng Lợi',126);
INSERT INTO vsb_all_wards VALUE (2132,'Phường Phố Cò',126);
INSERT INTO vsb_all_wards VALUE (2133,'Xã Tân Quang',126);
INSERT INTO vsb_all_wards VALUE (2134,'Phường Bách Quang',126);
INSERT INTO vsb_all_wards VALUE (2135,'Xã Bình Sơn',126);
INSERT INTO vsb_all_wards VALUE (2136,'Xã Bá Xuyên',126);
INSERT INTO vsb_all_districts VALUE (127,'Huyện Định Hóa',12);
INSERT INTO vsb_all_wards VALUE (2137,'Thị trấn Chợ Chu',127);
INSERT INTO vsb_all_wards VALUE (2138,'Xã Linh Thông',127);
INSERT INTO vsb_all_wards VALUE (2139,'Xã Lam Vỹ',127);
INSERT INTO vsb_all_wards VALUE (2140,'Xã Quy Kỳ',127);
INSERT INTO vsb_all_wards VALUE (2141,'Xã Tân Thịnh',127);
INSERT INTO vsb_all_wards VALUE (2142,'Xã Kim Phượng',127);
INSERT INTO vsb_all_wards VALUE (2143,'Xã Bảo Linh',127);
INSERT INTO vsb_all_wards VALUE (2144,'Xã Phúc Chu',127);
INSERT INTO vsb_all_wards VALUE (2145,'Xã Tân Dương',127);
INSERT INTO vsb_all_wards VALUE (2146,'Xã Phượng Tiến',127);
INSERT INTO vsb_all_wards VALUE (2147,'Xã Bảo Cường',127);
INSERT INTO vsb_all_wards VALUE (2148,'Xã Đồng Thịnh',127);
INSERT INTO vsb_all_wards VALUE (2149,'Xã Định Biên',127);
INSERT INTO vsb_all_wards VALUE (2150,'Xã Thanh Định',127);
INSERT INTO vsb_all_wards VALUE (2151,'Xã Trung Hội',127);
INSERT INTO vsb_all_wards VALUE (2152,'Xã Trung Lương',127);
INSERT INTO vsb_all_wards VALUE (2153,'Xã Bình Yên',127);
INSERT INTO vsb_all_wards VALUE (2154,'Xã Điềm Mặc',127);
INSERT INTO vsb_all_wards VALUE (2155,'Xã Phú Tiến',127);
INSERT INTO vsb_all_wards VALUE (2156,'Xã Bộc Nhiêu',127);
INSERT INTO vsb_all_wards VALUE (2157,'Xã Sơn Phú',127);
INSERT INTO vsb_all_wards VALUE (2158,'Xã Phú Đình',127);
INSERT INTO vsb_all_wards VALUE (2159,'Xã Bình Thành',127);
INSERT INTO vsb_all_districts VALUE (128,'Huyện Phú Lương',12);
INSERT INTO vsb_all_wards VALUE (2160,'Thị trấn Giang Tiên',128);
INSERT INTO vsb_all_wards VALUE (2161,'Thị trấn Đu',128);
INSERT INTO vsb_all_wards VALUE (2162,'Xã Yên Ninh',128);
INSERT INTO vsb_all_wards VALUE (2163,'Xã Yên Trạch',128);
INSERT INTO vsb_all_wards VALUE (2164,'Xã Yên Đổ',128);
INSERT INTO vsb_all_wards VALUE (2165,'Xã Yên Lạc',128);
INSERT INTO vsb_all_wards VALUE (2166,'Xã Ôn Lương',128);
INSERT INTO vsb_all_wards VALUE (2167,'Xã Động Đạt',128);
INSERT INTO vsb_all_wards VALUE (2168,'Xã Phủ Lý',128);
INSERT INTO vsb_all_wards VALUE (2169,'Xã Phú Đô',128);
INSERT INTO vsb_all_wards VALUE (2170,'Xã Hợp Thành',128);
INSERT INTO vsb_all_wards VALUE (2171,'Xã Tức Tranh',128);
INSERT INTO vsb_all_wards VALUE (2172,'Xã Phấn Mễ',128);
INSERT INTO vsb_all_wards VALUE (2173,'Xã Vô Tranh',128);
INSERT INTO vsb_all_wards VALUE (2174,'Xã Cổ Lũng',128);
INSERT INTO vsb_all_districts VALUE (129,'Huyện Đồng Hỷ',12);
INSERT INTO vsb_all_wards VALUE (2175,'Thị trấn Sông Cầu',129);
INSERT INTO vsb_all_wards VALUE (2176,'Thị trấn Trại Cau',129);
INSERT INTO vsb_all_wards VALUE (2177,'Xã Văn Lăng',129);
INSERT INTO vsb_all_wards VALUE (2178,'Xã Tân Long',129);
INSERT INTO vsb_all_wards VALUE (2179,'Xã Hòa Bình',129);
INSERT INTO vsb_all_wards VALUE (2180,'Xã Quang Sơn',129);
INSERT INTO vsb_all_wards VALUE (2181,'Xã Minh Lập',129);
INSERT INTO vsb_all_wards VALUE (2182,'Xã Văn Hán',129);
INSERT INTO vsb_all_wards VALUE (2183,'Xã Hóa Trung',129);
INSERT INTO vsb_all_wards VALUE (2184,'Xã Khe Mo',129);
INSERT INTO vsb_all_wards VALUE (2185,'Xã Cây Thị',129);
INSERT INTO vsb_all_wards VALUE (2186,'Thị trấn Hóa Thượng',129);
INSERT INTO vsb_all_wards VALUE (2187,'Xã Hợp Tiến',129);
INSERT INTO vsb_all_wards VALUE (2188,'Xã Tân Lợi',129);
INSERT INTO vsb_all_wards VALUE (2189,'Xã Nam Hòa',129);
INSERT INTO vsb_all_districts VALUE (130,'Huyện Võ Nhai',12);
INSERT INTO vsb_all_wards VALUE (2190,'Thị trấn Đình Cả',130);
INSERT INTO vsb_all_wards VALUE (2191,'Xã Sảng Mộc',130);
INSERT INTO vsb_all_wards VALUE (2192,'Xã Nghinh Tường',130);
INSERT INTO vsb_all_wards VALUE (2193,'Xã Thần Xa',130);
INSERT INTO vsb_all_wards VALUE (2194,'Xã Vũ Chấn',130);
INSERT INTO vsb_all_wards VALUE (2195,'Xã Thượng Nung',130);
INSERT INTO vsb_all_wards VALUE (2196,'Xã Phú Thượng',130);
INSERT INTO vsb_all_wards VALUE (2197,'Xã Cúc Đường',130);
INSERT INTO vsb_all_wards VALUE (2198,'Xã La Hiên',130);
INSERT INTO vsb_all_wards VALUE (2199,'Xã Lâu Thượng',130);
INSERT INTO vsb_all_wards VALUE (2200,'Xã Tràng Xá',130);
INSERT INTO vsb_all_wards VALUE (2201,'Xã Phương Giao',130);
INSERT INTO vsb_all_wards VALUE (2202,'Xã Liên Minh',130);
INSERT INTO vsb_all_wards VALUE (2203,'Xã Dân Tiến',130);
INSERT INTO vsb_all_wards VALUE (2204,'Xã Bình Long',130);
INSERT INTO vsb_all_districts VALUE (131,'Huyện Đại Từ',12);
INSERT INTO vsb_all_wards VALUE (2205,'Thị trấn Hùng Sơn',131);
INSERT INTO vsb_all_wards VALUE (2206,'Xã Phúc Lương',131);
INSERT INTO vsb_all_wards VALUE (2207,'Xã Minh Tiến',131);
INSERT INTO vsb_all_wards VALUE (2208,'Xã Yên Lãng',131);
INSERT INTO vsb_all_wards VALUE (2209,'Xã Đức Lương',131);
INSERT INTO vsb_all_wards VALUE (2210,'Xã Phú Cường',131);
INSERT INTO vsb_all_wards VALUE (2211,'Xã Na Mao',131);
INSERT INTO vsb_all_wards VALUE (2212,'Xã Phú Lạc',131);
INSERT INTO vsb_all_wards VALUE (2213,'Xã Tân Linh',131);
INSERT INTO vsb_all_wards VALUE (2214,'Xã Phú Thịnh',131);
INSERT INTO vsb_all_wards VALUE (2215,'Xã Phục Linh',131);
INSERT INTO vsb_all_wards VALUE (2216,'Xã Phú Xuyên',131);
INSERT INTO vsb_all_wards VALUE (2217,'Xã Bản Ngoại',131);
INSERT INTO vsb_all_wards VALUE (2218,'Xã Tiên Hội',131);
INSERT INTO vsb_all_wards VALUE (2219,'Xã Cù Vân',131);
INSERT INTO vsb_all_wards VALUE (2220,'Xã Hà Thượng',131);
INSERT INTO vsb_all_wards VALUE (2221,'Xã La Bằng',131);
INSERT INTO vsb_all_wards VALUE (2222,'Xã Hoàng Nông',131);
INSERT INTO vsb_all_wards VALUE (2223,'Xã Khôi Kỳ',131);
INSERT INTO vsb_all_wards VALUE (2224,'Xã An Khánh',131);
INSERT INTO vsb_all_wards VALUE (2225,'Xã Tân Thái',131);
INSERT INTO vsb_all_wards VALUE (2226,'Xã Bình Thuận',131);
INSERT INTO vsb_all_wards VALUE (2227,'Xã Lục Ba',131);
INSERT INTO vsb_all_wards VALUE (2228,'Xã Mỹ Yên',131);
INSERT INTO vsb_all_wards VALUE (2229,'Xã Vạn Thọ',131);
INSERT INTO vsb_all_wards VALUE (2230,'Xã Văn Yên',131);
INSERT INTO vsb_all_wards VALUE (2231,'Xã Ký Phú',131);
INSERT INTO vsb_all_wards VALUE (2232,'Xã Cát Nê',131);
INSERT INTO vsb_all_wards VALUE (2233,'Thị trấn Quân Chu',131);
INSERT INTO vsb_all_districts VALUE (132,'Thành phố Phổ Yên',12);
INSERT INTO vsb_all_wards VALUE (2234,'Phường Bãi Bông',132);
INSERT INTO vsb_all_wards VALUE (2235,'Phường Bắc Sơn',132);
INSERT INTO vsb_all_wards VALUE (2236,'Phường Ba Hàng',132);
INSERT INTO vsb_all_wards VALUE (2237,'Xã Phúc Tân',132);
INSERT INTO vsb_all_wards VALUE (2238,'Xã Phúc Thuận',132);
INSERT INTO vsb_all_wards VALUE (2239,'Phường Hồng Tiến',132);
INSERT INTO vsb_all_wards VALUE (2240,'Xã Minh Đức',132);
INSERT INTO vsb_all_wards VALUE (2241,'Phường Đắc Sơn',132);
INSERT INTO vsb_all_wards VALUE (2242,'Phường Đồng Tiến',132);
INSERT INTO vsb_all_wards VALUE (2243,'Xã Thành Công',132);
INSERT INTO vsb_all_wards VALUE (2244,'Phường Tiên Phong',132);
INSERT INTO vsb_all_wards VALUE (2245,'Xã Vạn Phái',132);
INSERT INTO vsb_all_wards VALUE (2246,'Phường Nam Tiến',132);
INSERT INTO vsb_all_wards VALUE (2247,'Phường Tân Hương',132);
INSERT INTO vsb_all_wards VALUE (2248,'Phường Đông Cao',132);
INSERT INTO vsb_all_wards VALUE (2249,'Phường Trung Thành',132);
INSERT INTO vsb_all_wards VALUE (2250,'Phường Tân Phú',132);
INSERT INTO vsb_all_wards VALUE (2251,'Phường Thuận Thành',132);
INSERT INTO vsb_all_districts VALUE (133,'Huyện Phú Bình',12);
INSERT INTO vsb_all_wards VALUE (2252,'Thị trấn Hương Sơn',133);
INSERT INTO vsb_all_wards VALUE (2253,'Xã Bàn Đạt',133);
INSERT INTO vsb_all_wards VALUE (2254,'Xã Tân Khánh',133);
INSERT INTO vsb_all_wards VALUE (2255,'Xã Tân Kim',133);
INSERT INTO vsb_all_wards VALUE (2256,'Xã Tân Thành',133);
INSERT INTO vsb_all_wards VALUE (2257,'Xã Đào Xá',133);
INSERT INTO vsb_all_wards VALUE (2258,'Xã Bảo Lý',133);
INSERT INTO vsb_all_wards VALUE (2259,'Xã Thượng Đình',133);
INSERT INTO vsb_all_wards VALUE (2260,'Xã Tân Hòa',133);
INSERT INTO vsb_all_wards VALUE (2261,'Xã Nhã Lộng',133);
INSERT INTO vsb_all_wards VALUE (2262,'Xã Điềm Thụy',133);
INSERT INTO vsb_all_wards VALUE (2263,'Xã Xuân Phương',133);
INSERT INTO vsb_all_wards VALUE (2264,'Xã Tân Đức',133);
INSERT INTO vsb_all_wards VALUE (2265,'Xã Úc Kỳ',133);
INSERT INTO vsb_all_wards VALUE (2266,'Xã Lương Phú',133);
INSERT INTO vsb_all_wards VALUE (2267,'Xã Nga My',133);
INSERT INTO vsb_all_wards VALUE (2268,'Xã Kha Sơn',133);
INSERT INTO vsb_all_wards VALUE (2269,'Xã Thanh Ninh',133);
INSERT INTO vsb_all_wards VALUE (2270,'Xã Dương Thành',133);
INSERT INTO vsb_all_wards VALUE (2271,'Xã Hà Châu',133);
INSERT INTO vsb_all_provinces VALUE (13,'Tỉnh Lạng Sơn');
INSERT INTO vsb_all_districts VALUE (134,'Thành phố Lạng Sơn',13);
INSERT INTO vsb_all_wards VALUE (2272,'Phường Hoàng Văn Thụ',134);
INSERT INTO vsb_all_wards VALUE (2273,'Phường Tam Thanh',134);
INSERT INTO vsb_all_wards VALUE (2274,'Phường Vĩnh Trại',134);
INSERT INTO vsb_all_wards VALUE (2275,'Phường Đông Kinh',134);
INSERT INTO vsb_all_wards VALUE (2276,'Phường Chi Lăng',134);
INSERT INTO vsb_all_wards VALUE (2277,'Xã Hoàng Đồng',134);
INSERT INTO vsb_all_wards VALUE (2278,'Xã Quảng Lạc',134);
INSERT INTO vsb_all_wards VALUE (2279,'Xã Mai Pha',134);
INSERT INTO vsb_all_districts VALUE (135,'Huyện Tràng Định',13);
INSERT INTO vsb_all_wards VALUE (2280,'Thị trấn Thất Khê',135);
INSERT INTO vsb_all_wards VALUE (2281,'Xã Khánh Long',135);
INSERT INTO vsb_all_wards VALUE (2282,'Xã Đoàn Kết',135);
INSERT INTO vsb_all_wards VALUE (2283,'Xã Quốc Khánh',135);
INSERT INTO vsb_all_wards VALUE (2284,'Xã Vĩnh Tiến',135);
INSERT INTO vsb_all_wards VALUE (2285,'Xã Cao Minh',135);
INSERT INTO vsb_all_wards VALUE (2286,'Xã Chí Minh',135);
INSERT INTO vsb_all_wards VALUE (2287,'Xã Tri Phương',135);
INSERT INTO vsb_all_wards VALUE (2288,'Xã Tân Tiến',135);
INSERT INTO vsb_all_wards VALUE (2289,'Xã Tân Yên',135);
INSERT INTO vsb_all_wards VALUE (2290,'Xã Đội Cấn',135);
INSERT INTO vsb_all_wards VALUE (2291,'Xã Tân Minh',135);
INSERT INTO vsb_all_wards VALUE (2292,'Xã Kim Đồng',135);
INSERT INTO vsb_all_wards VALUE (2293,'Xã Chi Lăng',135);
INSERT INTO vsb_all_wards VALUE (2294,'Xã Trung Thành',135);
INSERT INTO vsb_all_wards VALUE (2295,'Xã Đại Đồng',135);
INSERT INTO vsb_all_wards VALUE (2296,'Xã Đào Viên',135);
INSERT INTO vsb_all_wards VALUE (2297,'Xã Đề Thám',135);
INSERT INTO vsb_all_wards VALUE (2298,'Xã Kháng Chiến',135);
INSERT INTO vsb_all_wards VALUE (2299,'Xã Hùng Sơn',135);
INSERT INTO vsb_all_wards VALUE (2300,'Xã Quốc Việt',135);
INSERT INTO vsb_all_wards VALUE (2301,'Xã Hùng Việt',135);
INSERT INTO vsb_all_districts VALUE (136,'Huyện Bình Gia',13);
INSERT INTO vsb_all_wards VALUE (2302,'Xã Hưng Đạo',136);
INSERT INTO vsb_all_wards VALUE (2303,'Xã Vĩnh Yên',136);
INSERT INTO vsb_all_wards VALUE (2304,'Xã Hoa Thám',136);
INSERT INTO vsb_all_wards VALUE (2305,'Xã Quý Hòa',136);
INSERT INTO vsb_all_wards VALUE (2306,'Xã Hồng Phong',136);
INSERT INTO vsb_all_wards VALUE (2307,'Xã Yên Lỗ',136);
INSERT INTO vsb_all_wards VALUE (2308,'Xã Thiện Hòa',136);
INSERT INTO vsb_all_wards VALUE (2309,'Xã Quang Trung',136);
INSERT INTO vsb_all_wards VALUE (2310,'Xã Thiện Thuật',136);
INSERT INTO vsb_all_wards VALUE (2311,'Xã Minh Khai',136);
INSERT INTO vsb_all_wards VALUE (2312,'Xã Thiện Long',136);
INSERT INTO vsb_all_wards VALUE (2313,'Xã Hoàng Văn Thụ',136);
INSERT INTO vsb_all_wards VALUE (2314,'Xã Hòa Bình',136);
INSERT INTO vsb_all_wards VALUE (2315,'Xã Mông Ân',136);
INSERT INTO vsb_all_wards VALUE (2316,'Xã Tân Hòa',136);
INSERT INTO vsb_all_wards VALUE (2317,'Thị trấn Bình Gia',136);
INSERT INTO vsb_all_wards VALUE (2318,'Xã Hồng Thái',136);
INSERT INTO vsb_all_wards VALUE (2319,'Xã Bình La',136);
INSERT INTO vsb_all_wards VALUE (2320,'Xã Tân Văn',136);
INSERT INTO vsb_all_districts VALUE (137,'Huyện Văn Lãng',13);
INSERT INTO vsb_all_wards VALUE (2321,'Thị trấn Na Sầm',137);
INSERT INTO vsb_all_wards VALUE (2322,'Xã Trùng Khánh',137);
INSERT INTO vsb_all_wards VALUE (2323,'Xã Bắc La',137);
INSERT INTO vsb_all_wards VALUE (2324,'Xã Thụy Hùng',137);
INSERT INTO vsb_all_wards VALUE (2325,'Xã Bắc Hùng',137);
INSERT INTO vsb_all_wards VALUE (2326,'Xã Tân Tác',137);
INSERT INTO vsb_all_wards VALUE (2327,'Xã Thanh Long',137);
INSERT INTO vsb_all_wards VALUE (2328,'Xã Hội Hoan',137);
INSERT INTO vsb_all_wards VALUE (2329,'Xã Bắc Việt',137);
INSERT INTO vsb_all_wards VALUE (2330,'Xã Hoàng Việt',137);
INSERT INTO vsb_all_wards VALUE (2331,'Xã Gia Miễn',137);
INSERT INTO vsb_all_wards VALUE (2332,'Xã Thành Hòa',137);
INSERT INTO vsb_all_wards VALUE (2333,'Xã Tân Thanh',137);
INSERT INTO vsb_all_wards VALUE (2334,'Xã Tân Mỹ',137);
INSERT INTO vsb_all_wards VALUE (2335,'Xã Hồng Thái',137);
INSERT INTO vsb_all_wards VALUE (2336,'Xã Hoàng Văn Thụ',137);
INSERT INTO vsb_all_wards VALUE (2337,'Xã Nhạc Kỳ',137);
INSERT INTO vsb_all_districts VALUE (138,'Huyện Cao Lộc',13);
INSERT INTO vsb_all_wards VALUE (2338,'Thị trấn Đồng Đăng',138);
INSERT INTO vsb_all_wards VALUE (2339,'Thị trấn Cao Lộc',138);
INSERT INTO vsb_all_wards VALUE (2340,'Xã Bảo Lâm',138);
INSERT INTO vsb_all_wards VALUE (2341,'Xã Thanh Lòa',138);
INSERT INTO vsb_all_wards VALUE (2342,'Xã Cao Lâu',138);
INSERT INTO vsb_all_wards VALUE (2343,'Xã Thạch Đạn',138);
INSERT INTO vsb_all_wards VALUE (2344,'Xã Xuất Lễ',138);
INSERT INTO vsb_all_wards VALUE (2345,'Xã Hồng Phong',138);
INSERT INTO vsb_all_wards VALUE (2346,'Xã Thụy Hùng',138);
INSERT INTO vsb_all_wards VALUE (2347,'Xã Lộc Yên',138);
INSERT INTO vsb_all_wards VALUE (2348,'Xã Phú Xá',138);
INSERT INTO vsb_all_wards VALUE (2349,'Xã Bình Trung',138);
INSERT INTO vsb_all_wards VALUE (2350,'Xã Hải Yến',138);
INSERT INTO vsb_all_wards VALUE (2351,'Xã Hòa Cư',138);
INSERT INTO vsb_all_wards VALUE (2352,'Xã Hợp Thành',138);
INSERT INTO vsb_all_wards VALUE (2353,'Xã Công Sơn',138);
INSERT INTO vsb_all_wards VALUE (2354,'Xã Gia Cát',138);
INSERT INTO vsb_all_wards VALUE (2355,'Xã Mẫu Sơn',138);
INSERT INTO vsb_all_wards VALUE (2356,'Xã Xuân Long',138);
INSERT INTO vsb_all_wards VALUE (2357,'Xã Tân Liên',138);
INSERT INTO vsb_all_wards VALUE (2358,'Xã Yên Trạch',138);
INSERT INTO vsb_all_wards VALUE (2359,'Xã Tân Thành',138);
INSERT INTO vsb_all_districts VALUE (139,'Huyện Văn Quan',13);
INSERT INTO vsb_all_wards VALUE (2360,'Thị trấn Văn Quan',139);
INSERT INTO vsb_all_wards VALUE (2361,'Xã Trấn Ninh',139);
INSERT INTO vsb_all_wards VALUE (2362,'Xã Liên Hội',139);
INSERT INTO vsb_all_wards VALUE (2363,'Xã Hòa Bình',139);
INSERT INTO vsb_all_wards VALUE (2364,'Xã Tú Xuyên',139);
INSERT INTO vsb_all_wards VALUE (2365,'Xã Điềm He',139);
INSERT INTO vsb_all_wards VALUE (2366,'Xã An Sơn',139);
INSERT INTO vsb_all_wards VALUE (2367,'Xã Khánh Khê',139);
INSERT INTO vsb_all_wards VALUE (2368,'Xã Lương Năng',139);
INSERT INTO vsb_all_wards VALUE (2369,'Xã Đồng Giáp',139);
INSERT INTO vsb_all_wards VALUE (2370,'Xã Bình Phúc',139);
INSERT INTO vsb_all_wards VALUE (2371,'Xã Tràng Các',139);
INSERT INTO vsb_all_wards VALUE (2372,'Xã Tân Đoàn',139);
INSERT INTO vsb_all_wards VALUE (2373,'Xã Tri Lễ',139);
INSERT INTO vsb_all_wards VALUE (2374,'Xã Tràng Phái',139);
INSERT INTO vsb_all_wards VALUE (2375,'Xã Yên Phúc',139);
INSERT INTO vsb_all_wards VALUE (2376,'Xã Hữu Lễ',139);
INSERT INTO vsb_all_districts VALUE (140,'Huyện Bắc Sơn',13);
INSERT INTO vsb_all_wards VALUE (2377,'Thị trấn Bắc Sơn',140);
INSERT INTO vsb_all_wards VALUE (2378,'Xã Long Đống',140);
INSERT INTO vsb_all_wards VALUE (2379,'Xã Vạn Thủy',140);
INSERT INTO vsb_all_wards VALUE (2380,'Xã Đồng ý',140);
INSERT INTO vsb_all_wards VALUE (2381,'Xã Tân Tri',140);
INSERT INTO vsb_all_wards VALUE (2382,'Xã Bắc Quỳnh',140);
INSERT INTO vsb_all_wards VALUE (2383,'Xã Hưng Vũ',140);
INSERT INTO vsb_all_wards VALUE (2384,'Xã Tân Lập',140);
INSERT INTO vsb_all_wards VALUE (2385,'Xã Vũ Sơn',140);
INSERT INTO vsb_all_wards VALUE (2386,'Xã Chiêu Vũ',140);
INSERT INTO vsb_all_wards VALUE (2387,'Xã Tân Hương',140);
INSERT INTO vsb_all_wards VALUE (2388,'Xã Chiến Thắng',140);
INSERT INTO vsb_all_wards VALUE (2389,'Xã Vũ Lăng',140);
INSERT INTO vsb_all_wards VALUE (2390,'Xã Trấn Yên',140);
INSERT INTO vsb_all_wards VALUE (2391,'Xã Vũ Lễ',140);
INSERT INTO vsb_all_wards VALUE (2392,'Xã Nhất Hòa',140);
INSERT INTO vsb_all_wards VALUE (2393,'Xã Tân Thành',140);
INSERT INTO vsb_all_wards VALUE (2394,'Xã Nhất Tiến',140);
INSERT INTO vsb_all_districts VALUE (141,'Huyện Hữu Lũng',13);
INSERT INTO vsb_all_wards VALUE (2395,'Thị trấn Hữu Lũng',141);
INSERT INTO vsb_all_wards VALUE (2396,'Xã Hữu Liên',141);
INSERT INTO vsb_all_wards VALUE (2397,'Xã Yên Bình',141);
INSERT INTO vsb_all_wards VALUE (2398,'Xã Quyết Thắng',141);
INSERT INTO vsb_all_wards VALUE (2399,'Xã Hòa Bình',141);
INSERT INTO vsb_all_wards VALUE (2400,'Xã Yên Thịnh',141);
INSERT INTO vsb_all_wards VALUE (2401,'Xã Yên Sơn',141);
INSERT INTO vsb_all_wards VALUE (2402,'Xã Thiện Tân',141);
INSERT INTO vsb_all_wards VALUE (2403,'Xã Yên Vượng',141);
INSERT INTO vsb_all_wards VALUE (2404,'Xã Minh Tiến',141);
INSERT INTO vsb_all_wards VALUE (2405,'Xã Nhật Tiến',141);
INSERT INTO vsb_all_wards VALUE (2406,'Xã Thanh Sơn',141);
INSERT INTO vsb_all_wards VALUE (2407,'Xã Đồng Tân',141);
INSERT INTO vsb_all_wards VALUE (2408,'Xã Cai Kinh',141);
INSERT INTO vsb_all_wards VALUE (2409,'Xã Hòa Lạc',141);
INSERT INTO vsb_all_wards VALUE (2410,'Xã Vân Nham',141);
INSERT INTO vsb_all_wards VALUE (2411,'Xã Đồng Tiến',141);
INSERT INTO vsb_all_wards VALUE (2412,'Xã Tân Thành',141);
INSERT INTO vsb_all_wards VALUE (2413,'Xã Hòa Sơn',141);
INSERT INTO vsb_all_wards VALUE (2414,'Xã Minh Sơn',141);
INSERT INTO vsb_all_wards VALUE (2415,'Xã Hồ Sơn',141);
INSERT INTO vsb_all_wards VALUE (2416,'Xã Sơn Hà',141);
INSERT INTO vsb_all_wards VALUE (2417,'Xã Minh Hòa',141);
INSERT INTO vsb_all_wards VALUE (2418,'Xã Hòa Thắng',141);
INSERT INTO vsb_all_districts VALUE (142,'Huyện Chi Lăng',13);
INSERT INTO vsb_all_wards VALUE (2419,'Thị trấn Đồng Mỏ',142);
INSERT INTO vsb_all_wards VALUE (2420,'Thị trấn Chi Lăng',142);
INSERT INTO vsb_all_wards VALUE (2421,'Xã Vân An',142);
INSERT INTO vsb_all_wards VALUE (2422,'Xã Vân Thủy',142);
INSERT INTO vsb_all_wards VALUE (2423,'Xã Gia Lộc',142);
INSERT INTO vsb_all_wards VALUE (2424,'Xã Bắc Thủy',142);
INSERT INTO vsb_all_wards VALUE (2425,'Xã Chiến Thắng',142);
INSERT INTO vsb_all_wards VALUE (2426,'Xã Mai Sao',142);
INSERT INTO vsb_all_wards VALUE (2427,'Xã Bằng Hữu',142);
INSERT INTO vsb_all_wards VALUE (2428,'Xã Thượng Cường',142);
INSERT INTO vsb_all_wards VALUE (2429,'Xã Bằng Mạc',142);
INSERT INTO vsb_all_wards VALUE (2430,'Xã Nhân Lý',142);
INSERT INTO vsb_all_wards VALUE (2431,'Xã Lâm Sơn',142);
INSERT INTO vsb_all_wards VALUE (2432,'Xã Liên Sơn',142);
INSERT INTO vsb_all_wards VALUE (2433,'Xã Vạn Linh',142);
INSERT INTO vsb_all_wards VALUE (2434,'Xã Hòa Bình',142);
INSERT INTO vsb_all_wards VALUE (2435,'Xã Hữu Kiên',142);
INSERT INTO vsb_all_wards VALUE (2436,'Xã Quan Sơn',142);
INSERT INTO vsb_all_wards VALUE (2437,'Xã Y Tịch',142);
INSERT INTO vsb_all_wards VALUE (2438,'Xã Chi Lăng',142);
INSERT INTO vsb_all_districts VALUE (143,'Huyện Lộc Bình',13);
INSERT INTO vsb_all_wards VALUE (2439,'Thị trấn Na Dương',143);
INSERT INTO vsb_all_wards VALUE (2440,'Thị trấn Lộc Bình',143);
INSERT INTO vsb_all_wards VALUE (2441,'Xã Mẫu Sơn',143);
INSERT INTO vsb_all_wards VALUE (2442,'Xã Yên Khoái',143);
INSERT INTO vsb_all_wards VALUE (2443,'Xã Khánh Xuân',143);
INSERT INTO vsb_all_wards VALUE (2444,'Xã Tú Mịch',143);
INSERT INTO vsb_all_wards VALUE (2445,'Xã Hữu Khánh',143);
INSERT INTO vsb_all_wards VALUE (2446,'Xã Đồng Bục',143);
INSERT INTO vsb_all_wards VALUE (2447,'Xã Tam Gia',143);
INSERT INTO vsb_all_wards VALUE (2448,'Xã Tú Đoạn',143);
INSERT INTO vsb_all_wards VALUE (2449,'Xã Khuất Xá',143);
INSERT INTO vsb_all_wards VALUE (2450,'Xã Tĩnh Bắc',143);
INSERT INTO vsb_all_wards VALUE (2451,'Xã Thống Nhất',143);
INSERT INTO vsb_all_wards VALUE (2452,'Xã Sàn Viên',143);
INSERT INTO vsb_all_wards VALUE (2453,'Xã Đông Quan',143);
INSERT INTO vsb_all_wards VALUE (2454,'Xã Minh Hiệp',143);
INSERT INTO vsb_all_wards VALUE (2455,'Xã Hữu Lân',143);
INSERT INTO vsb_all_wards VALUE (2456,'Xã Lợi Bác',143);
INSERT INTO vsb_all_wards VALUE (2457,'Xã Nam Quan',143);
INSERT INTO vsb_all_wards VALUE (2458,'Xã Xuân Dương',143);
INSERT INTO vsb_all_wards VALUE (2459,'Xã Ái Quốc',143);
INSERT INTO vsb_all_districts VALUE (144,'Huyện Đình Lập',13);
INSERT INTO vsb_all_wards VALUE (2460,'Thị trấn Đình Lập',144);
INSERT INTO vsb_all_wards VALUE (2461,'Thị trấn NT Thái Bình',144);
INSERT INTO vsb_all_wards VALUE (2462,'Xã Bắc Xa',144);
INSERT INTO vsb_all_wards VALUE (2463,'Xã Bính Xá',144);
INSERT INTO vsb_all_wards VALUE (2464,'Xã Kiên Mộc',144);
INSERT INTO vsb_all_wards VALUE (2465,'Xã Đình Lập',144);
INSERT INTO vsb_all_wards VALUE (2466,'Xã Thái Bình',144);
INSERT INTO vsb_all_wards VALUE (2467,'Xã Cường Lợi',144);
INSERT INTO vsb_all_wards VALUE (2468,'Xã Châu Sơn',144);
INSERT INTO vsb_all_wards VALUE (2469,'Xã Lâm Ca',144);
INSERT INTO vsb_all_wards VALUE (2470,'Xã Đồng Thắng',144);
INSERT INTO vsb_all_wards VALUE (2471,'Xã Bắc Lãng',144);
INSERT INTO vsb_all_provinces VALUE (14,'Tỉnh Quảng Ninh');
INSERT INTO vsb_all_districts VALUE (145,'Thành phố Hạ Long',14);
INSERT INTO vsb_all_wards VALUE (2472,'Phường Hà Khánh',145);
INSERT INTO vsb_all_wards VALUE (2473,'Phường Hà Phong',145);
INSERT INTO vsb_all_wards VALUE (2474,'Phường Hà Khẩu',145);
INSERT INTO vsb_all_wards VALUE (2475,'Phường Cao Xanh',145);
INSERT INTO vsb_all_wards VALUE (2476,'Phường Giếng Đáy',145);
INSERT INTO vsb_all_wards VALUE (2477,'Phường Hà Tu',145);
INSERT INTO vsb_all_wards VALUE (2478,'Phường Hà Trung',145);
INSERT INTO vsb_all_wards VALUE (2479,'Phường Hà Lầm',145);
INSERT INTO vsb_all_wards VALUE (2480,'Phường Bãi Cháy',145);
INSERT INTO vsb_all_wards VALUE (2481,'Phường Cao Thắng',145);
INSERT INTO vsb_all_wards VALUE (2482,'Phường Hùng Thắng',145);
INSERT INTO vsb_all_wards VALUE (2483,'Phường Yết Kiêu',145);
INSERT INTO vsb_all_wards VALUE (2484,'Phường Trần Hưng Đạo',145);
INSERT INTO vsb_all_wards VALUE (2485,'Phường Hồng Hải',145);
INSERT INTO vsb_all_wards VALUE (2486,'Phường Hồng Gai',145);
INSERT INTO vsb_all_wards VALUE (2487,'Phường Bạch Đằng',145);
INSERT INTO vsb_all_wards VALUE (2488,'Phường Hồng Hà',145);
INSERT INTO vsb_all_wards VALUE (2489,'Phường Tuần Châu',145);
INSERT INTO vsb_all_wards VALUE (2490,'Phường Việt Hưng',145);
INSERT INTO vsb_all_wards VALUE (2491,'Phường Đại Yên',145);
INSERT INTO vsb_all_wards VALUE (2492,'Phường Hoành Bồ',145);
INSERT INTO vsb_all_wards VALUE (2493,'Xã Kỳ Thượng',145);
INSERT INTO vsb_all_wards VALUE (2494,'Xã Đồng Sơn',145);
INSERT INTO vsb_all_wards VALUE (2495,'Xã Tân Dân',145);
INSERT INTO vsb_all_wards VALUE (2496,'Xã Đồng Lâm',145);
INSERT INTO vsb_all_wards VALUE (2497,'Xã Hòa Bình',145);
INSERT INTO vsb_all_wards VALUE (2498,'Xã Vũ Oai',145);
INSERT INTO vsb_all_wards VALUE (2499,'Xã Dân Chủ',145);
INSERT INTO vsb_all_wards VALUE (2500,'Xã Quảng La',145);
INSERT INTO vsb_all_wards VALUE (2501,'Xã Bằng Cả',145);
INSERT INTO vsb_all_wards VALUE (2502,'Xã Thống Nhất',145);
INSERT INTO vsb_all_wards VALUE (2503,'Xã Sơn Dương',145);
INSERT INTO vsb_all_wards VALUE (2504,'Xã Lê Lợi',145);
INSERT INTO vsb_all_districts VALUE (146,'Thành phố Móng Cái',14);
INSERT INTO vsb_all_wards VALUE (2505,'Phường Ka Long',146);
INSERT INTO vsb_all_wards VALUE (2506,'Phường Trần Phú',146);
INSERT INTO vsb_all_wards VALUE (2507,'Phường Ninh Dương',146);
INSERT INTO vsb_all_wards VALUE (2508,'Phường Hoà Lạc',146);
INSERT INTO vsb_all_wards VALUE (2509,'Phường Trà Cổ',146);
INSERT INTO vsb_all_wards VALUE (2510,'Xã Hải Sơn',146);
INSERT INTO vsb_all_wards VALUE (2511,'Xã Bắc Sơn',146);
INSERT INTO vsb_all_wards VALUE (2512,'Xã Hải Đông',146);
INSERT INTO vsb_all_wards VALUE (2513,'Xã Hải Tiến',146);
INSERT INTO vsb_all_wards VALUE (2514,'Phường Hải Yên',146);
INSERT INTO vsb_all_wards VALUE (2515,'Xã Quảng Nghĩa',146);
INSERT INTO vsb_all_wards VALUE (2516,'Phường Hải Hoà',146);
INSERT INTO vsb_all_wards VALUE (2517,'Xã Hải Xuân',146);
INSERT INTO vsb_all_wards VALUE (2518,'Xã Vạn Ninh',146);
INSERT INTO vsb_all_wards VALUE (2519,'Phường Bình Ngọc',146);
INSERT INTO vsb_all_wards VALUE (2520,'Xã Vĩnh Trung',146);
INSERT INTO vsb_all_wards VALUE (2521,'Xã Vĩnh Thực',146);
INSERT INTO vsb_all_districts VALUE (147,'Thành phố Cẩm Phả',14);
INSERT INTO vsb_all_wards VALUE (2522,'Phường Mông Dương',147);
INSERT INTO vsb_all_wards VALUE (2523,'Phường Cửa Ông',147);
INSERT INTO vsb_all_wards VALUE (2524,'Phường Cẩm Sơn',147);
INSERT INTO vsb_all_wards VALUE (2525,'Phường Cẩm Đông',147);
INSERT INTO vsb_all_wards VALUE (2526,'Phường Cẩm Phú',147);
INSERT INTO vsb_all_wards VALUE (2527,'Phường Cẩm Tây',147);
INSERT INTO vsb_all_wards VALUE (2528,'Phường Quang Hanh',147);
INSERT INTO vsb_all_wards VALUE (2529,'Phường Cẩm Thịnh',147);
INSERT INTO vsb_all_wards VALUE (2530,'Phường Cẩm Thủy',147);
INSERT INTO vsb_all_wards VALUE (2531,'Phường Cẩm Thạch',147);
INSERT INTO vsb_all_wards VALUE (2532,'Phường Cẩm Thành',147);
INSERT INTO vsb_all_wards VALUE (2533,'Phường Cẩm Trung',147);
INSERT INTO vsb_all_wards VALUE (2534,'Phường Cẩm Bình',147);
INSERT INTO vsb_all_wards VALUE (2535,'Xã Cộng Hòa',147);
INSERT INTO vsb_all_wards VALUE (2536,'Xã Cẩm Hải',147);
INSERT INTO vsb_all_wards VALUE (2537,'Xã Dương Huy',147);
INSERT INTO vsb_all_districts VALUE (148,'Thành phố Uông Bí',14);
INSERT INTO vsb_all_wards VALUE (2538,'Phường Vàng Danh',148);
INSERT INTO vsb_all_wards VALUE (2539,'Phường Thanh Sơn',148);
INSERT INTO vsb_all_wards VALUE (2540,'Phường Bắc Sơn',148);
INSERT INTO vsb_all_wards VALUE (2541,'Phường Quang Trung',148);
INSERT INTO vsb_all_wards VALUE (2542,'Phường Trưng Vương',148);
INSERT INTO vsb_all_wards VALUE (2543,'Phường Nam Khê',148);
INSERT INTO vsb_all_wards VALUE (2544,'Phường Yên Thanh',148);
INSERT INTO vsb_all_wards VALUE (2545,'Xã Thượng Yên Công',148);
INSERT INTO vsb_all_wards VALUE (2546,'Phường Phương Đông',148);
INSERT INTO vsb_all_wards VALUE (2547,'Phường Phương Nam',148);
INSERT INTO vsb_all_districts VALUE (149,'Huyện Bình Liêu',14);
INSERT INTO vsb_all_wards VALUE (2548,'Thị trấn Bình Liêu',149);
INSERT INTO vsb_all_wards VALUE (2549,'Xã Hoành Mô',149);
INSERT INTO vsb_all_wards VALUE (2550,'Xã Đồng Tâm',149);
INSERT INTO vsb_all_wards VALUE (2551,'Xã Đồng Văn',149);
INSERT INTO vsb_all_wards VALUE (2552,'Xã Vô Ngại',149);
INSERT INTO vsb_all_wards VALUE (2553,'Xã Lục Hồn',149);
INSERT INTO vsb_all_wards VALUE (2554,'Xã Húc Động',149);
INSERT INTO vsb_all_districts VALUE (150,'Huyện Tiên Yên',14);
INSERT INTO vsb_all_wards VALUE (2555,'Thị trấn Tiên Yên',150);
INSERT INTO vsb_all_wards VALUE (2556,'Xã Hà Lâu',150);
INSERT INTO vsb_all_wards VALUE (2557,'Xã Đại Dực',150);
INSERT INTO vsb_all_wards VALUE (2558,'Xã Phong Dụ',150);
INSERT INTO vsb_all_wards VALUE (2559,'Xã Điền Xá',150);
INSERT INTO vsb_all_wards VALUE (2560,'Xã Đông Ngũ',150);
INSERT INTO vsb_all_wards VALUE (2561,'Xã Yên Than',150);
INSERT INTO vsb_all_wards VALUE (2562,'Xã Đông Hải',150);
INSERT INTO vsb_all_wards VALUE (2563,'Xã Hải Lạng',150);
INSERT INTO vsb_all_wards VALUE (2564,'Xã Tiên Lãng',150);
INSERT INTO vsb_all_wards VALUE (2565,'Xã Đồng Rui',150);
INSERT INTO vsb_all_districts VALUE (151,'Huyện Đầm Hà',14);
INSERT INTO vsb_all_wards VALUE (2566,'Thị trấn Đầm Hà',151);
INSERT INTO vsb_all_wards VALUE (2567,'Xã Quảng Lâm',151);
INSERT INTO vsb_all_wards VALUE (2568,'Xã Quảng An',151);
INSERT INTO vsb_all_wards VALUE (2569,'Xã Tân Bình',151);
INSERT INTO vsb_all_wards VALUE (2570,'Xã Dực Yên',151);
INSERT INTO vsb_all_wards VALUE (2571,'Xã Quảng Tân',151);
INSERT INTO vsb_all_wards VALUE (2572,'Xã Đầm Hà',151);
INSERT INTO vsb_all_wards VALUE (2573,'Xã Tân Lập',151);
INSERT INTO vsb_all_wards VALUE (2574,'Xã Đại Bình',151);
INSERT INTO vsb_all_districts VALUE (152,'Huyện Hải Hà',14);
INSERT INTO vsb_all_wards VALUE (2575,'Thị trấn Quảng Hà',152);
INSERT INTO vsb_all_wards VALUE (2576,'Xã Quảng Đức',152);
INSERT INTO vsb_all_wards VALUE (2577,'Xã Quảng Sơn',152);
INSERT INTO vsb_all_wards VALUE (2578,'Xã Quảng Thành',152);
INSERT INTO vsb_all_wards VALUE (2579,'Xã Quảng Thịnh',152);
INSERT INTO vsb_all_wards VALUE (2580,'Xã Quảng Minh',152);
INSERT INTO vsb_all_wards VALUE (2581,'Xã Quảng Chính',152);
INSERT INTO vsb_all_wards VALUE (2582,'Xã Quảng Long',152);
INSERT INTO vsb_all_wards VALUE (2583,'Xã Đường Hoa',152);
INSERT INTO vsb_all_wards VALUE (2584,'Xã Quảng Phong',152);
INSERT INTO vsb_all_wards VALUE (2585,'Xã Cái Chiên',152);
INSERT INTO vsb_all_districts VALUE (153,'Huyện Ba Chẽ',14);
INSERT INTO vsb_all_wards VALUE (2586,'Thị trấn Ba Chẽ',153);
INSERT INTO vsb_all_wards VALUE (2587,'Xã Thanh Sơn',153);
INSERT INTO vsb_all_wards VALUE (2588,'Xã Thanh Lâm',153);
INSERT INTO vsb_all_wards VALUE (2589,'Xã Đạp Thanh',153);
INSERT INTO vsb_all_wards VALUE (2590,'Xã Nam Sơn',153);
INSERT INTO vsb_all_wards VALUE (2591,'Xã Lương Mông',153);
INSERT INTO vsb_all_wards VALUE (2592,'Xã Đồn Đạc',153);
INSERT INTO vsb_all_wards VALUE (2593,'Xã Minh Cầm',153);
INSERT INTO vsb_all_districts VALUE (154,'Huyện Vân Đồn',14);
INSERT INTO vsb_all_wards VALUE (2594,'Thị trấn Cái Rồng',154);
INSERT INTO vsb_all_wards VALUE (2595,'Xã Đài Xuyên',154);
INSERT INTO vsb_all_wards VALUE (2596,'Xã Bình Dân',154);
INSERT INTO vsb_all_wards VALUE (2597,'Xã Vạn Yên',154);
INSERT INTO vsb_all_wards VALUE (2598,'Xã Minh Châu',154);
INSERT INTO vsb_all_wards VALUE (2599,'Xã Đoàn Kết',154);
INSERT INTO vsb_all_wards VALUE (2600,'Xã Hạ Long',154);
INSERT INTO vsb_all_wards VALUE (2601,'Xã Đông Xá',154);
INSERT INTO vsb_all_wards VALUE (2602,'Xã Bản Sen',154);
INSERT INTO vsb_all_wards VALUE (2603,'Xã Thắng Lợi',154);
INSERT INTO vsb_all_wards VALUE (2604,'Xã Quan Lạn',154);
INSERT INTO vsb_all_wards VALUE (2605,'Xã Ngọc Vừng',154);
INSERT INTO vsb_all_districts VALUE (155,'Thị xã Đông Triều',14);
INSERT INTO vsb_all_wards VALUE (2606,'Phường Mạo Khê',155);
INSERT INTO vsb_all_wards VALUE (2607,'Phường Đông Triều',155);
INSERT INTO vsb_all_wards VALUE (2608,'Xã An Sinh',155);
INSERT INTO vsb_all_wards VALUE (2609,'Xã Tràng Lương',155);
INSERT INTO vsb_all_wards VALUE (2610,'Xã Bình Khê',155);
INSERT INTO vsb_all_wards VALUE (2611,'Xã Việt Dân',155);
INSERT INTO vsb_all_wards VALUE (2612,'Xã Tân Việt',155);
INSERT INTO vsb_all_wards VALUE (2613,'Xã Bình Dương',155);
INSERT INTO vsb_all_wards VALUE (2614,'Phường Đức Chính',155);
INSERT INTO vsb_all_wards VALUE (2615,'Phường Tràng An',155);
INSERT INTO vsb_all_wards VALUE (2616,'Xã Nguyễn Huệ',155);
INSERT INTO vsb_all_wards VALUE (2617,'Xã Thủy An',155);
INSERT INTO vsb_all_wards VALUE (2618,'Phường Xuân Sơn',155);
INSERT INTO vsb_all_wards VALUE (2619,'Xã Hồng Thái Tây',155);
INSERT INTO vsb_all_wards VALUE (2620,'Xã Hồng Thái Đông',155);
INSERT INTO vsb_all_wards VALUE (2621,'Phường Hoàng Quế',155);
INSERT INTO vsb_all_wards VALUE (2622,'Phường Yên Thọ',155);
INSERT INTO vsb_all_wards VALUE (2623,'Phường Hồng Phong',155);
INSERT INTO vsb_all_wards VALUE (2624,'Phường Kim Sơn',155);
INSERT INTO vsb_all_wards VALUE (2625,'Phường Hưng Đạo',155);
INSERT INTO vsb_all_wards VALUE (2626,'Xã Yên Đức',155);
INSERT INTO vsb_all_districts VALUE (156,'Thị xã Quảng Yên',14);
INSERT INTO vsb_all_wards VALUE (2627,'Phường Quảng Yên',156);
INSERT INTO vsb_all_wards VALUE (2628,'Phường Đông Mai',156);
INSERT INTO vsb_all_wards VALUE (2629,'Phường Minh Thành',156);
INSERT INTO vsb_all_wards VALUE (2630,'Xã Sông Khoai',156);
INSERT INTO vsb_all_wards VALUE (2631,'Xã Hiệp Hòa',156);
INSERT INTO vsb_all_wards VALUE (2632,'Phường Cộng Hòa',156);
INSERT INTO vsb_all_wards VALUE (2633,'Xã Tiền An',156);
INSERT INTO vsb_all_wards VALUE (2634,'Xã Hoàng Tân',156);
INSERT INTO vsb_all_wards VALUE (2635,'Phường Tân An',156);
INSERT INTO vsb_all_wards VALUE (2636,'Phường Yên Giang',156);
INSERT INTO vsb_all_wards VALUE (2637,'Phường Nam Hoà',156);
INSERT INTO vsb_all_wards VALUE (2638,'Phường Hà An',156);
INSERT INTO vsb_all_wards VALUE (2639,'Xã Cẩm La',156);
INSERT INTO vsb_all_wards VALUE (2640,'Phường Phong Hải',156);
INSERT INTO vsb_all_wards VALUE (2641,'Phường Yên Hải',156);
INSERT INTO vsb_all_wards VALUE (2642,'Xã Liên Hòa',156);
INSERT INTO vsb_all_wards VALUE (2643,'Phường Phong Cốc',156);
INSERT INTO vsb_all_wards VALUE (2644,'Xã Liên Vị',156);
INSERT INTO vsb_all_wards VALUE (2645,'Xã Tiền Phong',156);
INSERT INTO vsb_all_districts VALUE (157,'Huyện Cô Tô',14);
INSERT INTO vsb_all_wards VALUE (2646,'Thị trấn Cô Tô',157);
INSERT INTO vsb_all_wards VALUE (2647,'Xã Đồng Tiến',157);
INSERT INTO vsb_all_wards VALUE (2648,'Xã Thanh Lân',157);
INSERT INTO vsb_all_provinces VALUE (15,'Tỉnh Bắc Giang');
INSERT INTO vsb_all_districts VALUE (158,'Thành phố Bắc Giang',15);
INSERT INTO vsb_all_wards VALUE (2649,'Phường Thọ Xương',158);
INSERT INTO vsb_all_wards VALUE (2650,'Phường Trần Nguyên Hãn',158);
INSERT INTO vsb_all_wards VALUE (2651,'Phường Ngô Quyền',158);
INSERT INTO vsb_all_wards VALUE (2652,'Phường Hoàng Văn Thụ',158);
INSERT INTO vsb_all_wards VALUE (2653,'Phường Trần Phú',158);
INSERT INTO vsb_all_wards VALUE (2654,'Phường Mỹ Độ',158);
INSERT INTO vsb_all_wards VALUE (2655,'Phường Lê Lợi',158);
INSERT INTO vsb_all_wards VALUE (2656,'Xã Song Mai',158);
INSERT INTO vsb_all_wards VALUE (2657,'Phường Xương Giang',158);
INSERT INTO vsb_all_wards VALUE (2658,'Phường Đa Mai',158);
INSERT INTO vsb_all_wards VALUE (2659,'Phường Dĩnh Kế',158);
INSERT INTO vsb_all_wards VALUE (2660,'Xã Dĩnh Trì',158);
INSERT INTO vsb_all_wards VALUE (2661,'Xã Tân Mỹ',158);
INSERT INTO vsb_all_wards VALUE (2662,'Xã Đồng Sơn',158);
INSERT INTO vsb_all_wards VALUE (2663,'Xã Tân Tiến',158);
INSERT INTO vsb_all_wards VALUE (2664,'Xã Song Khê',158);
INSERT INTO vsb_all_districts VALUE (159,'Huyện Yên Thế',15);
INSERT INTO vsb_all_wards VALUE (2665,'Xã Đồng Tiến',159);
INSERT INTO vsb_all_wards VALUE (2666,'Xã Canh Nậu',159);
INSERT INTO vsb_all_wards VALUE (2667,'Xã Xuân Lương',159);
INSERT INTO vsb_all_wards VALUE (2668,'Xã Tam Tiến',159);
INSERT INTO vsb_all_wards VALUE (2669,'Xã Đồng Vương',159);
INSERT INTO vsb_all_wards VALUE (2670,'Xã Đồng Hưu',159);
INSERT INTO vsb_all_wards VALUE (2671,'Xã Đồng Tâm',159);
INSERT INTO vsb_all_wards VALUE (2672,'Xã Tam Hiệp',159);
INSERT INTO vsb_all_wards VALUE (2673,'Xã Tiến Thắng',159);
INSERT INTO vsb_all_wards VALUE (2674,'Xã Hồng Kỳ',159);
INSERT INTO vsb_all_wards VALUE (2675,'Xã Đồng Lạc',159);
INSERT INTO vsb_all_wards VALUE (2676,'Xã Đông Sơn',159);
INSERT INTO vsb_all_wards VALUE (2677,'Xã Tân Hiệp',159);
INSERT INTO vsb_all_wards VALUE (2678,'Xã Hương Vĩ',159);
INSERT INTO vsb_all_wards VALUE (2679,'Xã Đồng Kỳ',159);
INSERT INTO vsb_all_wards VALUE (2680,'Xã An Thượng',159);
INSERT INTO vsb_all_wards VALUE (2681,'Thị trấn Phồn Xương',159);
INSERT INTO vsb_all_wards VALUE (2682,'Xã Tân Sỏi',159);
INSERT INTO vsb_all_wards VALUE (2683,'Thị trấn Bố Hạ',159);
INSERT INTO vsb_all_districts VALUE (160,'Huyện Tân Yên',15);
INSERT INTO vsb_all_wards VALUE (2684,'Xã Lan Giới',160);
INSERT INTO vsb_all_wards VALUE (2685,'Thị trấn Nhã Nam',160);
INSERT INTO vsb_all_wards VALUE (2686,'Xã Tân Trung',160);
INSERT INTO vsb_all_wards VALUE (2687,'Xã Đại Hóa',160);
INSERT INTO vsb_all_wards VALUE (2688,'Xã Quang Tiến',160);
INSERT INTO vsb_all_wards VALUE (2689,'Xã Phúc Sơn',160);
INSERT INTO vsb_all_wards VALUE (2690,'Xã An Dương',160);
INSERT INTO vsb_all_wards VALUE (2691,'Xã Phúc Hòa',160);
INSERT INTO vsb_all_wards VALUE (2692,'Xã Liên Sơn',160);
INSERT INTO vsb_all_wards VALUE (2693,'Xã Hợp Đức',160);
INSERT INTO vsb_all_wards VALUE (2694,'Xã Lam Cốt',160);
INSERT INTO vsb_all_wards VALUE (2695,'Xã Cao Xá',160);
INSERT INTO vsb_all_wards VALUE (2696,'Thị trấn Cao Thượng',160);
INSERT INTO vsb_all_wards VALUE (2697,'Xã Việt Ngọc',160);
INSERT INTO vsb_all_wards VALUE (2698,'Xã Song Vân',160);
INSERT INTO vsb_all_wards VALUE (2699,'Xã Ngọc Châu',160);
INSERT INTO vsb_all_wards VALUE (2700,'Xã Ngọc Vân',160);
INSERT INTO vsb_all_wards VALUE (2701,'Xã Việt Lập',160);
INSERT INTO vsb_all_wards VALUE (2702,'Xã Liên Chung',160);
INSERT INTO vsb_all_wards VALUE (2703,'Xã Ngọc Thiện',160);
INSERT INTO vsb_all_wards VALUE (2704,'Xã Ngọc Lý',160);
INSERT INTO vsb_all_wards VALUE (2705,'Xã Quế Nham',160);
INSERT INTO vsb_all_districts VALUE (161,'Huyện Lạng Giang',15);
INSERT INTO vsb_all_wards VALUE (2706,'Thị trấn Vôi',161);
INSERT INTO vsb_all_wards VALUE (2707,'Xã Nghĩa Hòa',161);
INSERT INTO vsb_all_wards VALUE (2708,'Xã Nghĩa Hưng',161);
INSERT INTO vsb_all_wards VALUE (2709,'Xã Quang Thịnh',161);
INSERT INTO vsb_all_wards VALUE (2710,'Xã Hương Sơn',161);
INSERT INTO vsb_all_wards VALUE (2711,'Xã Đào Mỹ',161);
INSERT INTO vsb_all_wards VALUE (2712,'Xã Tiên Lục',161);
INSERT INTO vsb_all_wards VALUE (2713,'Xã An Hà',161);
INSERT INTO vsb_all_wards VALUE (2714,'Thị trấn Kép',161);
INSERT INTO vsb_all_wards VALUE (2715,'Xã Mỹ Hà',161);
INSERT INTO vsb_all_wards VALUE (2716,'Xã Hương Lạc',161);
INSERT INTO vsb_all_wards VALUE (2717,'Xã Dương Đức',161);
INSERT INTO vsb_all_wards VALUE (2718,'Xã Tân Thanh',161);
INSERT INTO vsb_all_wards VALUE (2719,'Xã Yên Mỹ',161);
INSERT INTO vsb_all_wards VALUE (2720,'Xã Tân Hưng',161);
INSERT INTO vsb_all_wards VALUE (2721,'Xã Mỹ Thái',161);
INSERT INTO vsb_all_wards VALUE (2722,'Xã Xương Lâm',161);
INSERT INTO vsb_all_wards VALUE (2723,'Xã Xuân Hương',161);
INSERT INTO vsb_all_wards VALUE (2724,'Xã Tân Dĩnh',161);
INSERT INTO vsb_all_wards VALUE (2725,'Xã Đại Lâm',161);
INSERT INTO vsb_all_wards VALUE (2726,'Xã Thái Đào',161);
INSERT INTO vsb_all_districts VALUE (162,'Huyện Lục Nam',15);
INSERT INTO vsb_all_wards VALUE (2727,'Thị trấn Đồi Ngô',162);
INSERT INTO vsb_all_wards VALUE (2728,'Xã Đông Hưng',162);
INSERT INTO vsb_all_wards VALUE (2729,'Xã Đông Phú',162);
INSERT INTO vsb_all_wards VALUE (2730,'Xã Tam Dị',162);
INSERT INTO vsb_all_wards VALUE (2731,'Xã Bảo Sơn',162);
INSERT INTO vsb_all_wards VALUE (2732,'Xã Bảo Đài',162);
INSERT INTO vsb_all_wards VALUE (2733,'Xã Thanh Lâm',162);
INSERT INTO vsb_all_wards VALUE (2734,'Xã Tiên Nha',162);
INSERT INTO vsb_all_wards VALUE (2735,'Xã Trường Giang',162);
INSERT INTO vsb_all_wards VALUE (2736,'Thị trấn Phương Sơn',162);
INSERT INTO vsb_all_wards VALUE (2737,'Xã Chu Điện',162);
INSERT INTO vsb_all_wards VALUE (2738,'Xã Cương Sơn',162);
INSERT INTO vsb_all_wards VALUE (2739,'Xã Nghĩa Phương',162);
INSERT INTO vsb_all_wards VALUE (2740,'Xã Vô Tranh',162);
INSERT INTO vsb_all_wards VALUE (2741,'Xã Bình Sơn',162);
INSERT INTO vsb_all_wards VALUE (2742,'Xã Lan Mẫu',162);
INSERT INTO vsb_all_wards VALUE (2743,'Xã Yên Sơn',162);
INSERT INTO vsb_all_wards VALUE (2744,'Xã Khám Lạng',162);
INSERT INTO vsb_all_wards VALUE (2745,'Xã Huyền Sơn',162);
INSERT INTO vsb_all_wards VALUE (2746,'Xã Trường Sơn',162);
INSERT INTO vsb_all_wards VALUE (2747,'Xã Lục Sơn',162);
INSERT INTO vsb_all_wards VALUE (2748,'Xã Bắc Lũng',162);
INSERT INTO vsb_all_wards VALUE (2749,'Xã Vũ Xá',162);
INSERT INTO vsb_all_wards VALUE (2750,'Xã Cẩm Lý',162);
INSERT INTO vsb_all_wards VALUE (2751,'Xã Đan Hội',162);
INSERT INTO vsb_all_districts VALUE (163,'Huyện Lục Ngạn',15);
INSERT INTO vsb_all_wards VALUE (2752,'Thị trấn Chũ',163);
INSERT INTO vsb_all_wards VALUE (2753,'Xã Cấm Sơn',163);
INSERT INTO vsb_all_wards VALUE (2754,'Xã Tân Sơn',163);
INSERT INTO vsb_all_wards VALUE (2755,'Xã Phong Minh',163);
INSERT INTO vsb_all_wards VALUE (2756,'Xã Phong Vân',163);
INSERT INTO vsb_all_wards VALUE (2757,'Xã Xa Lý',163);
INSERT INTO vsb_all_wards VALUE (2758,'Xã Hộ Đáp',163);
INSERT INTO vsb_all_wards VALUE (2759,'Xã Sơn Hải',163);
INSERT INTO vsb_all_wards VALUE (2760,'Xã Thanh Hải',163);
INSERT INTO vsb_all_wards VALUE (2761,'Xã Kiên Lao',163);
INSERT INTO vsb_all_wards VALUE (2762,'Xã Biên Sơn',163);
INSERT INTO vsb_all_wards VALUE (2763,'Xã Kiên Thành',163);
INSERT INTO vsb_all_wards VALUE (2764,'Xã Hồng Giang',163);
INSERT INTO vsb_all_wards VALUE (2765,'Xã Kim Sơn',163);
INSERT INTO vsb_all_wards VALUE (2766,'Xã Tân Hoa',163);
INSERT INTO vsb_all_wards VALUE (2767,'Xã Giáp Sơn',163);
INSERT INTO vsb_all_wards VALUE (2768,'Xã Biển Động',163);
INSERT INTO vsb_all_wards VALUE (2769,'Xã Quý Sơn',163);
INSERT INTO vsb_all_wards VALUE (2770,'Xã Trù Hựu',163);
INSERT INTO vsb_all_wards VALUE (2771,'Xã Phì Điền',163);
INSERT INTO vsb_all_wards VALUE (2772,'Xã Tân Quang',163);
INSERT INTO vsb_all_wards VALUE (2773,'Xã Đồng Cốc',163);
INSERT INTO vsb_all_wards VALUE (2774,'Xã Tân Lập',163);
INSERT INTO vsb_all_wards VALUE (2775,'Xã Phú Nhuận',163);
INSERT INTO vsb_all_wards VALUE (2776,'Xã Mỹ An',163);
INSERT INTO vsb_all_wards VALUE (2777,'Xã Nam Dương',163);
INSERT INTO vsb_all_wards VALUE (2778,'Xã Tân Mộc',163);
INSERT INTO vsb_all_wards VALUE (2779,'Xã Đèo Gia',163);
INSERT INTO vsb_all_wards VALUE (2780,'Xã Phượng Sơn',163);
INSERT INTO vsb_all_districts VALUE (164,'Huyện Sơn Động',15);
INSERT INTO vsb_all_wards VALUE (2781,'Thị trấn An Châu',164);
INSERT INTO vsb_all_wards VALUE (2782,'Thị trấn Tây Yên Tử',164);
INSERT INTO vsb_all_wards VALUE (2783,'Xã Vân Sơn',164);
INSERT INTO vsb_all_wards VALUE (2784,'Xã Hữu Sản',164);
INSERT INTO vsb_all_wards VALUE (2785,'Xã Đại Sơn',164);
INSERT INTO vsb_all_wards VALUE (2786,'Xã Phúc Sơn',164);
INSERT INTO vsb_all_wards VALUE (2787,'Xã Giáo Liêm',164);
INSERT INTO vsb_all_wards VALUE (2788,'Xã Cẩm Đàn',164);
INSERT INTO vsb_all_wards VALUE (2789,'Xã An Lạc',164);
INSERT INTO vsb_all_wards VALUE (2790,'Xã Vĩnh An',164);
INSERT INTO vsb_all_wards VALUE (2791,'Xã Yên Định',164);
INSERT INTO vsb_all_wards VALUE (2792,'Xã Lệ Viễn',164);
INSERT INTO vsb_all_wards VALUE (2793,'Xã An Bá',164);
INSERT INTO vsb_all_wards VALUE (2794,'Xã Tuấn Đạo',164);
INSERT INTO vsb_all_wards VALUE (2795,'Xã Dương Hưu',164);
INSERT INTO vsb_all_wards VALUE (2796,'Xã Long Sơn',164);
INSERT INTO vsb_all_wards VALUE (2797,'Xã Thanh Luận',164);
INSERT INTO vsb_all_districts VALUE (165,'Huyện Yên Dũng',15);
INSERT INTO vsb_all_wards VALUE (2798,'Thị trấn Nham Biền',165);
INSERT INTO vsb_all_wards VALUE (2799,'Thị trấn Tân An',165);
INSERT INTO vsb_all_wards VALUE (2800,'Xã Lão Hộ',165);
INSERT INTO vsb_all_wards VALUE (2801,'Xã Hương Gián',165);
INSERT INTO vsb_all_wards VALUE (2802,'Xã Quỳnh Sơn',165);
INSERT INTO vsb_all_wards VALUE (2803,'Xã Nội Hoàng',165);
INSERT INTO vsb_all_wards VALUE (2804,'Xã Tiền Phong',165);
INSERT INTO vsb_all_wards VALUE (2805,'Xã Xuân Phú',165);
INSERT INTO vsb_all_wards VALUE (2806,'Xã Tân Liễu',165);
INSERT INTO vsb_all_wards VALUE (2807,'Xã Trí Yên',165);
INSERT INTO vsb_all_wards VALUE (2808,'Xã Lãng Sơn',165);
INSERT INTO vsb_all_wards VALUE (2809,'Xã Yên Lư',165);
INSERT INTO vsb_all_wards VALUE (2810,'Xã Tiến Dũng',165);
INSERT INTO vsb_all_wards VALUE (2811,'Xã Đức Giang',165);
INSERT INTO vsb_all_wards VALUE (2812,'Xã Cảnh Thụy',165);
INSERT INTO vsb_all_wards VALUE (2813,'Xã Tư Mại',165);
INSERT INTO vsb_all_wards VALUE (2814,'Xã Đồng Việt',165);
INSERT INTO vsb_all_wards VALUE (2815,'Xã Đồng Phúc',165);
INSERT INTO vsb_all_districts VALUE (166,'Huyện Việt Yên',15);
INSERT INTO vsb_all_wards VALUE (2816,'Xã Thượng Lan',166);
INSERT INTO vsb_all_wards VALUE (2817,'Xã Việt Tiến',166);
INSERT INTO vsb_all_wards VALUE (2818,'Xã Nghĩa Trung',166);
INSERT INTO vsb_all_wards VALUE (2819,'Xã Minh Đức',166);
INSERT INTO vsb_all_wards VALUE (2820,'Xã Hương Mai',166);
INSERT INTO vsb_all_wards VALUE (2821,'Xã Tự Lạn',166);
INSERT INTO vsb_all_wards VALUE (2822,'Thị trấn Bích Động',166);
INSERT INTO vsb_all_wards VALUE (2823,'Xã Trung Sơn',166);
INSERT INTO vsb_all_wards VALUE (2824,'Xã Hồng Thái',166);
INSERT INTO vsb_all_wards VALUE (2825,'Xã Tiên Sơn',166);
INSERT INTO vsb_all_wards VALUE (2826,'Xã Tăng Tiến',166);
INSERT INTO vsb_all_wards VALUE (2827,'Xã Quảng Minh',166);
INSERT INTO vsb_all_wards VALUE (2828,'Thị trấn Nếnh',166);
INSERT INTO vsb_all_wards VALUE (2829,'Xã Ninh Sơn',166);
INSERT INTO vsb_all_wards VALUE (2830,'Xã Vân Trung',166);
INSERT INTO vsb_all_wards VALUE (2831,'Xã Vân Hà',166);
INSERT INTO vsb_all_wards VALUE (2832,'Xã Quang Châu',166);
INSERT INTO vsb_all_districts VALUE (167,'Huyện Hiệp Hòa',15);
INSERT INTO vsb_all_wards VALUE (2833,'Xã Đồng Tân',167);
INSERT INTO vsb_all_wards VALUE (2834,'Xã Thanh Vân',167);
INSERT INTO vsb_all_wards VALUE (2835,'Xã Hoàng Lương',167);
INSERT INTO vsb_all_wards VALUE (2836,'Xã Hoàng Vân',167);
INSERT INTO vsb_all_wards VALUE (2837,'Xã Hoàng Thanh',167);
INSERT INTO vsb_all_wards VALUE (2838,'Xã Hoàng An',167);
INSERT INTO vsb_all_wards VALUE (2839,'Xã Ngọc Sơn',167);
INSERT INTO vsb_all_wards VALUE (2840,'Xã Thái Sơn',167);
INSERT INTO vsb_all_wards VALUE (2841,'Xã Hòa Sơn',167);
INSERT INTO vsb_all_wards VALUE (2842,'Thị trấn Thắng',167);
INSERT INTO vsb_all_wards VALUE (2843,'Xã Quang Minh',167);
INSERT INTO vsb_all_wards VALUE (2844,'Xã Lương Phong',167);
INSERT INTO vsb_all_wards VALUE (2845,'Xã Hùng Sơn',167);
INSERT INTO vsb_all_wards VALUE (2846,'Xã Đại Thành',167);
INSERT INTO vsb_all_wards VALUE (2847,'Xã Thường Thắng',167);
INSERT INTO vsb_all_wards VALUE (2848,'Xã Hợp Thịnh',167);
INSERT INTO vsb_all_wards VALUE (2849,'Xã Danh Thắng',167);
INSERT INTO vsb_all_wards VALUE (2850,'Xã Mai Trung',167);
INSERT INTO vsb_all_wards VALUE (2851,'Xã Đoan Bái',167);
INSERT INTO vsb_all_wards VALUE (2852,'Thị trấn Bắc Lý',167);
INSERT INTO vsb_all_wards VALUE (2853,'Xã Xuân Cẩm',167);
INSERT INTO vsb_all_wards VALUE (2854,'Xã Hương Lâm',167);
INSERT INTO vsb_all_wards VALUE (2855,'Xã Đông Lỗ',167);
INSERT INTO vsb_all_wards VALUE (2856,'Xã Châu Minh',167);
INSERT INTO vsb_all_wards VALUE (2857,'Xã Mai Đình',167);
INSERT INTO vsb_all_provinces VALUE (16,'Tỉnh Phú Thọ');
INSERT INTO vsb_all_districts VALUE (168,'Thành phố Việt Trì',16);
INSERT INTO vsb_all_wards VALUE (2858,'Phường Dữu Lâu',168);
INSERT INTO vsb_all_wards VALUE (2859,'Phường Vân Cơ',168);
INSERT INTO vsb_all_wards VALUE (2860,'Phường Nông Trang',168);
INSERT INTO vsb_all_wards VALUE (2861,'Phường Tân Dân',168);
INSERT INTO vsb_all_wards VALUE (2862,'Phường Gia Cẩm',168);
INSERT INTO vsb_all_wards VALUE (2863,'Phường Tiên Cát',168);
INSERT INTO vsb_all_wards VALUE (2864,'Phường Thọ Sơn',168);
INSERT INTO vsb_all_wards VALUE (2865,'Phường Thanh Miếu',168);
INSERT INTO vsb_all_wards VALUE (2866,'Phường Bạch Hạc',168);
INSERT INTO vsb_all_wards VALUE (2867,'Phường Bến Gót',168);
INSERT INTO vsb_all_wards VALUE (2868,'Phường Vân Phú',168);
INSERT INTO vsb_all_wards VALUE (2869,'Xã Phượng Lâu',168);
INSERT INTO vsb_all_wards VALUE (2870,'Xã Thụy Vân',168);
INSERT INTO vsb_all_wards VALUE (2871,'Phường Minh Phương',168);
INSERT INTO vsb_all_wards VALUE (2872,'Xã Trưng Vương',168);
INSERT INTO vsb_all_wards VALUE (2873,'Phường Minh Nông',168);
INSERT INTO vsb_all_wards VALUE (2874,'Xã Sông Lô',168);
INSERT INTO vsb_all_wards VALUE (2875,'Xã Kim Đức',168);
INSERT INTO vsb_all_wards VALUE (2876,'Xã Hùng Lô',168);
INSERT INTO vsb_all_wards VALUE (2877,'Xã Hy Cương',168);
INSERT INTO vsb_all_wards VALUE (2878,'Xã Chu Hóa',168);
INSERT INTO vsb_all_wards VALUE (2879,'Xã Thanh Đình',168);
INSERT INTO vsb_all_districts VALUE (169,'Thị xã Phú Thọ',16);
INSERT INTO vsb_all_wards VALUE (2880,'Phường Hùng Vương',169);
INSERT INTO vsb_all_wards VALUE (2881,'Phường Phong Châu',169);
INSERT INTO vsb_all_wards VALUE (2882,'Phường Âu Cơ',169);
INSERT INTO vsb_all_wards VALUE (2883,'Xã Hà Lộc',169);
INSERT INTO vsb_all_wards VALUE (2884,'Xã Phú Hộ',169);
INSERT INTO vsb_all_wards VALUE (2885,'Xã Văn Lung',169);
INSERT INTO vsb_all_wards VALUE (2886,'Xã Thanh Minh',169);
INSERT INTO vsb_all_wards VALUE (2887,'Xã Hà Thạch',169);
INSERT INTO vsb_all_wards VALUE (2888,'Phường Thanh Vinh',169);
INSERT INTO vsb_all_districts VALUE (170,'Huyện Đoan Hùng',16);
INSERT INTO vsb_all_wards VALUE (2889,'Thị trấn Đoan Hùng',170);
INSERT INTO vsb_all_wards VALUE (2890,'Xã Hùng Xuyên',170);
INSERT INTO vsb_all_wards VALUE (2891,'Xã Bằng Luân',170);
INSERT INTO vsb_all_wards VALUE (2892,'Xã Vân Du',170);
INSERT INTO vsb_all_wards VALUE (2893,'Xã Phú Lâm',170);
INSERT INTO vsb_all_wards VALUE (2894,'Xã Minh Lương',170);
INSERT INTO vsb_all_wards VALUE (2895,'Xã Bằng Doãn',170);
INSERT INTO vsb_all_wards VALUE (2896,'Xã Chí Đám',170);
INSERT INTO vsb_all_wards VALUE (2897,'Xã Phúc Lai',170);
INSERT INTO vsb_all_wards VALUE (2898,'Xã Ngọc Quan',170);
INSERT INTO vsb_all_wards VALUE (2899,'Xã Hợp Nhất',170);
INSERT INTO vsb_all_wards VALUE (2900,'Xã Sóc Đăng',170);
INSERT INTO vsb_all_wards VALUE (2901,'Xã Tây Cốc',170);
INSERT INTO vsb_all_wards VALUE (2902,'Xã Yên Kiện',170);
INSERT INTO vsb_all_wards VALUE (2903,'Xã Hùng Long',170);
INSERT INTO vsb_all_wards VALUE (2904,'Xã Vụ Quang',170);
INSERT INTO vsb_all_wards VALUE (2905,'Xã Vân Đồn',170);
INSERT INTO vsb_all_wards VALUE (2906,'Xã Tiêu Sơn',170);
INSERT INTO vsb_all_wards VALUE (2907,'Xã Minh Tiến',170);
INSERT INTO vsb_all_wards VALUE (2908,'Xã Minh Phú',170);
INSERT INTO vsb_all_wards VALUE (2909,'Xã Chân Mộng',170);
INSERT INTO vsb_all_wards VALUE (2910,'Xã Ca Đình',170);
INSERT INTO vsb_all_districts VALUE (171,'Huyện Hạ Hoà',16);
INSERT INTO vsb_all_wards VALUE (2911,'Thị trấn Hạ Hoà',171);
INSERT INTO vsb_all_wards VALUE (2912,'Xã Đại Phạm',171);
INSERT INTO vsb_all_wards VALUE (2913,'Xã Đan Thượng',171);
INSERT INTO vsb_all_wards VALUE (2914,'Xã Hà Lương',171);
INSERT INTO vsb_all_wards VALUE (2915,'Xã Tứ Hiệp',171);
INSERT INTO vsb_all_wards VALUE (2916,'Xã Hiền Lương',171);
INSERT INTO vsb_all_wards VALUE (2917,'Xã Phương Viên',171);
INSERT INTO vsb_all_wards VALUE (2918,'Xã Gia Điền',171);
INSERT INTO vsb_all_wards VALUE (2919,'Xã Ấm Hạ',171);
INSERT INTO vsb_all_wards VALUE (2920,'Xã Hương Xạ',171);
INSERT INTO vsb_all_wards VALUE (2921,'Xã Xuân Áng',171);
INSERT INTO vsb_all_wards VALUE (2922,'Xã Yên Kỳ',171);
INSERT INTO vsb_all_wards VALUE (2923,'Xã Minh Hạc',171);
INSERT INTO vsb_all_wards VALUE (2924,'Xã Lang Sơn',171);
INSERT INTO vsb_all_wards VALUE (2925,'Xã Bằng Giã',171);
INSERT INTO vsb_all_wards VALUE (2926,'Xã Yên Luật',171);
INSERT INTO vsb_all_wards VALUE (2927,'Xã Vô Tranh',171);
INSERT INTO vsb_all_wards VALUE (2928,'Xã Văn Lang',171);
INSERT INTO vsb_all_wards VALUE (2929,'Xã Minh Côi',171);
INSERT INTO vsb_all_wards VALUE (2930,'Xã Vĩnh Chân',171);
INSERT INTO vsb_all_districts VALUE (172,'Huyện Thanh Ba',16);
INSERT INTO vsb_all_wards VALUE (2931,'Thị trấn Thanh Ba',172);
INSERT INTO vsb_all_wards VALUE (2932,'Xã Vân Lĩnh',172);
INSERT INTO vsb_all_wards VALUE (2933,'Xã Đông Lĩnh',172);
INSERT INTO vsb_all_wards VALUE (2934,'Xã Đại An',172);
INSERT INTO vsb_all_wards VALUE (2935,'Xã Hanh Cù',172);
INSERT INTO vsb_all_wards VALUE (2936,'Xã Đồng Xuân',172);
INSERT INTO vsb_all_wards VALUE (2937,'Xã Quảng Yên',172);
INSERT INTO vsb_all_wards VALUE (2938,'Xã Ninh Dân',172);
INSERT INTO vsb_all_wards VALUE (2939,'Xã Võ Lao',172);
INSERT INTO vsb_all_wards VALUE (2940,'Xã Khải Xuân',172);
INSERT INTO vsb_all_wards VALUE (2941,'Xã Mạn Lạn',172);
INSERT INTO vsb_all_wards VALUE (2942,'Xã Hoàng Cương',172);
INSERT INTO vsb_all_wards VALUE (2943,'Xã Chí Tiên',172);
INSERT INTO vsb_all_wards VALUE (2944,'Xã Đông Thành',172);
INSERT INTO vsb_all_wards VALUE (2945,'Xã Sơn Cương',172);
INSERT INTO vsb_all_wards VALUE (2946,'Xã Thanh Hà',172);
INSERT INTO vsb_all_wards VALUE (2947,'Xã Đỗ Sơn',172);
INSERT INTO vsb_all_wards VALUE (2948,'Xã Đỗ Xuyên',172);
INSERT INTO vsb_all_wards VALUE (2949,'Xã Lương Lỗ',172);
INSERT INTO vsb_all_districts VALUE (173,'Huyện Phù Ninh',16);
INSERT INTO vsb_all_wards VALUE (2950,'Thị trấn Phong Châu',173);
INSERT INTO vsb_all_wards VALUE (2951,'Xã Phú Mỹ',173);
INSERT INTO vsb_all_wards VALUE (2952,'Xã Lệ Mỹ',173);
INSERT INTO vsb_all_wards VALUE (2953,'Xã Liên Hoa',173);
INSERT INTO vsb_all_wards VALUE (2954,'Xã Trạm Thản',173);
INSERT INTO vsb_all_wards VALUE (2955,'Xã Trị Quận',173);
INSERT INTO vsb_all_wards VALUE (2956,'Xã Trung Giáp',173);
INSERT INTO vsb_all_wards VALUE (2957,'Xã Tiên Phú',173);
INSERT INTO vsb_all_wards VALUE (2958,'Xã Hạ Giáp',173);
INSERT INTO vsb_all_wards VALUE (2959,'Xã Bảo Thanh',173);
INSERT INTO vsb_all_wards VALUE (2960,'Xã Phú Lộc',173);
INSERT INTO vsb_all_wards VALUE (2961,'Xã Gia Thanh',173);
INSERT INTO vsb_all_wards VALUE (2962,'Xã Tiên Du',173);
INSERT INTO vsb_all_wards VALUE (2963,'Xã Phú Nham',173);
INSERT INTO vsb_all_wards VALUE (2964,'Xã An Đạo',173);
INSERT INTO vsb_all_wards VALUE (2965,'Xã Bình Phú',173);
INSERT INTO vsb_all_wards VALUE (2966,'Xã Phù Ninh',173);
INSERT INTO vsb_all_districts VALUE (174,'Huyện Yên Lập',16);
INSERT INTO vsb_all_wards VALUE (2967,'Thị trấn Yên Lập',174);
INSERT INTO vsb_all_wards VALUE (2968,'Xã Mỹ Lung',174);
INSERT INTO vsb_all_wards VALUE (2969,'Xã Mỹ Lương',174);
INSERT INTO vsb_all_wards VALUE (2970,'Xã Lương Sơn',174);
INSERT INTO vsb_all_wards VALUE (2971,'Xã Xuân An',174);
INSERT INTO vsb_all_wards VALUE (2972,'Xã Xuân Viên',174);
INSERT INTO vsb_all_wards VALUE (2973,'Xã Xuân Thủy',174);
INSERT INTO vsb_all_wards VALUE (2974,'Xã Trung Sơn',174);
INSERT INTO vsb_all_wards VALUE (2975,'Xã Hưng Long',174);
INSERT INTO vsb_all_wards VALUE (2976,'Xã Nga Hoàng',174);
INSERT INTO vsb_all_wards VALUE (2977,'Xã Đồng Lạc',174);
INSERT INTO vsb_all_wards VALUE (2978,'Xã Thượng Long',174);
INSERT INTO vsb_all_wards VALUE (2979,'Xã Đồng Thịnh',174);
INSERT INTO vsb_all_wards VALUE (2980,'Xã Phúc Khánh',174);
INSERT INTO vsb_all_wards VALUE (2981,'Xã Minh Hòa',174);
INSERT INTO vsb_all_wards VALUE (2982,'Xã Ngọc Lập',174);
INSERT INTO vsb_all_wards VALUE (2983,'Xã Ngọc Đồng',174);
INSERT INTO vsb_all_districts VALUE (175,'Huyện Cẩm Khê',16);
INSERT INTO vsb_all_wards VALUE (2984,'Thị trấn Cẩm Khê',175);
INSERT INTO vsb_all_wards VALUE (2985,'Xã Tiên Lương',175);
INSERT INTO vsb_all_wards VALUE (2986,'Xã Tuy Lộc',175);
INSERT INTO vsb_all_wards VALUE (2987,'Xã Ngô Xá',175);
INSERT INTO vsb_all_wards VALUE (2988,'Xã Minh Tân',175);
INSERT INTO vsb_all_wards VALUE (2989,'Xã Phượng Vĩ',175);
INSERT INTO vsb_all_wards VALUE (2990,'Xã Thụy Liễu',175);
INSERT INTO vsb_all_wards VALUE (2991,'Xã Tùng Khê',175);
INSERT INTO vsb_all_wards VALUE (2992,'Xã Tam Sơn',175);
INSERT INTO vsb_all_wards VALUE (2993,'Xã Văn Bán',175);
INSERT INTO vsb_all_wards VALUE (2994,'Xã Cấp Dẫn',175);
INSERT INTO vsb_all_wards VALUE (2995,'Xã Xương Thịnh',175);
INSERT INTO vsb_all_wards VALUE (2996,'Xã Phú Khê',175);
INSERT INTO vsb_all_wards VALUE (2997,'Xã Sơn Tình',175);
INSERT INTO vsb_all_wards VALUE (2998,'Xã Yên Tập',175);
INSERT INTO vsb_all_wards VALUE (2999,'Xã Hương Lung',175);
INSERT INTO vsb_all_wards VALUE (3000,'Xã Tạ Xá',175);
INSERT INTO vsb_all_wards VALUE (3001,'Xã Phú Lạc',175);
INSERT INTO vsb_all_wards VALUE (3002,'Xã Chương Xá',175);
INSERT INTO vsb_all_wards VALUE (3003,'Xã Hùng Việt',175);
INSERT INTO vsb_all_wards VALUE (3004,'Xã Văn Khúc',175);
INSERT INTO vsb_all_wards VALUE (3005,'Xã Yên Dưỡng',175);
INSERT INTO vsb_all_wards VALUE (3006,'Xã Điêu Lương',175);
INSERT INTO vsb_all_wards VALUE (3007,'Xã Đồng Lương',175);
INSERT INTO vsb_all_districts VALUE (176,'Huyện Tam Nông',16);
INSERT INTO vsb_all_wards VALUE (3008,'Thị trấn Hưng Hoá',176);
INSERT INTO vsb_all_wards VALUE (3009,'Xã Hiền Quan',176);
INSERT INTO vsb_all_wards VALUE (3010,'Xã Bắc Sơn',176);
INSERT INTO vsb_all_wards VALUE (3011,'Xã Thanh Uyên',176);
INSERT INTO vsb_all_wards VALUE (3012,'Xã Lam Sơn',176);
INSERT INTO vsb_all_wards VALUE (3013,'Xã Vạn Xuân',176);
INSERT INTO vsb_all_wards VALUE (3014,'Xã Quang Húc',176);
INSERT INTO vsb_all_wards VALUE (3015,'Xã Hương Nộn',176);
INSERT INTO vsb_all_wards VALUE (3016,'Xã Tề Lễ',176);
INSERT INTO vsb_all_wards VALUE (3017,'Xã Thọ Văn',176);
INSERT INTO vsb_all_wards VALUE (3018,'Xã Dị Nậu',176);
INSERT INTO vsb_all_wards VALUE (3019,'Xã Dân Quyền',176);
INSERT INTO vsb_all_districts VALUE (177,'Huyện Lâm Thao',16);
INSERT INTO vsb_all_wards VALUE (3020,'Thị trấn Lâm Thao',177);
INSERT INTO vsb_all_wards VALUE (3021,'Xã Tiên Kiên',177);
INSERT INTO vsb_all_wards VALUE (3022,'Thị trấn Hùng Sơn',177);
INSERT INTO vsb_all_wards VALUE (3023,'Xã Xuân Lũng',177);
INSERT INTO vsb_all_wards VALUE (3024,'Xã Xuân Huy',177);
INSERT INTO vsb_all_wards VALUE (3025,'Xã Thạch Sơn',177);
INSERT INTO vsb_all_wards VALUE (3026,'Xã Sơn Vi',177);
INSERT INTO vsb_all_wards VALUE (3027,'Xã Phùng Nguyên',177);
INSERT INTO vsb_all_wards VALUE (3028,'Xã Cao Xá',177);
INSERT INTO vsb_all_wards VALUE (3029,'Xã Vĩnh Lại',177);
INSERT INTO vsb_all_wards VALUE (3030,'Xã Tứ Xã',177);
INSERT INTO vsb_all_wards VALUE (3031,'Xã Bản Nguyên',177);
INSERT INTO vsb_all_districts VALUE (178,'Huyện Thanh Sơn',16);
INSERT INTO vsb_all_wards VALUE (3032,'Thị trấn Thanh Sơn',178);
INSERT INTO vsb_all_wards VALUE (3033,'Xã Sơn Hùng',178);
INSERT INTO vsb_all_wards VALUE (3034,'Xã Địch Quả',178);
INSERT INTO vsb_all_wards VALUE (3035,'Xã Giáp Lai',178);
INSERT INTO vsb_all_wards VALUE (3036,'Xã Thục Luyện',178);
INSERT INTO vsb_all_wards VALUE (3037,'Xã Võ Miếu',178);
INSERT INTO vsb_all_wards VALUE (3038,'Xã Thạch Khoán',178);
INSERT INTO vsb_all_wards VALUE (3039,'Xã Cự Thắng',178);
INSERT INTO vsb_all_wards VALUE (3040,'Xã Tất Thắng',178);
INSERT INTO vsb_all_wards VALUE (3041,'Xã Văn Miếu',178);
INSERT INTO vsb_all_wards VALUE (3042,'Xã Cự Đồng',178);
INSERT INTO vsb_all_wards VALUE (3043,'Xã Thắng Sơn',178);
INSERT INTO vsb_all_wards VALUE (3044,'Xã Tân Minh',178);
INSERT INTO vsb_all_wards VALUE (3045,'Xã Hương Cần',178);
INSERT INTO vsb_all_wards VALUE (3046,'Xã Khả Cửu',178);
INSERT INTO vsb_all_wards VALUE (3047,'Xã Đông Cửu',178);
INSERT INTO vsb_all_wards VALUE (3048,'Xã Tân Lập',178);
INSERT INTO vsb_all_wards VALUE (3049,'Xã Yên Lãng',178);
INSERT INTO vsb_all_wards VALUE (3050,'Xã Yên Lương',178);
INSERT INTO vsb_all_wards VALUE (3051,'Xã Thượng Cửu',178);
INSERT INTO vsb_all_wards VALUE (3052,'Xã Lương Nha',178);
INSERT INTO vsb_all_wards VALUE (3053,'Xã Yên Sơn',178);
INSERT INTO vsb_all_wards VALUE (3054,'Xã Tinh Nhuệ',178);
INSERT INTO vsb_all_districts VALUE (179,'Huyện Thanh Thuỷ',16);
INSERT INTO vsb_all_wards VALUE (3055,'Xã Đào Xá',179);
INSERT INTO vsb_all_wards VALUE (3056,'Xã Thạch Đồng',179);
INSERT INTO vsb_all_wards VALUE (3057,'Xã Xuân Lộc',179);
INSERT INTO vsb_all_wards VALUE (3058,'Xã Tân Phương',179);
INSERT INTO vsb_all_wards VALUE (3059,'Thị trấn Thanh Thủy',179);
INSERT INTO vsb_all_wards VALUE (3060,'Xã Sơn Thủy',179);
INSERT INTO vsb_all_wards VALUE (3061,'Xã Bảo Yên',179);
INSERT INTO vsb_all_wards VALUE (3062,'Xã Đoan Hạ',179);
INSERT INTO vsb_all_wards VALUE (3063,'Xã Đồng Trung',179);
INSERT INTO vsb_all_wards VALUE (3064,'Xã Hoàng Xá',179);
INSERT INTO vsb_all_wards VALUE (3065,'Xã Tu Vũ',179);
INSERT INTO vsb_all_districts VALUE (180,'Huyện Tân Sơn',16);
INSERT INTO vsb_all_wards VALUE (3066,'Xã Thu Cúc',180);
INSERT INTO vsb_all_wards VALUE (3067,'Xã Thạch Kiệt',180);
INSERT INTO vsb_all_wards VALUE (3068,'Xã Thu Ngạc',180);
INSERT INTO vsb_all_wards VALUE (3069,'Xã Kiệt Sơn',180);
INSERT INTO vsb_all_wards VALUE (3070,'Xã Đồng Sơn',180);
INSERT INTO vsb_all_wards VALUE (3071,'Xã Lai Đồng',180);
INSERT INTO vsb_all_wards VALUE (3072,'Xã Tân Phú',180);
INSERT INTO vsb_all_wards VALUE (3073,'Xã Mỹ Thuận',180);
INSERT INTO vsb_all_wards VALUE (3074,'Xã Tân Sơn',180);
INSERT INTO vsb_all_wards VALUE (3075,'Xã Xuân Đài',180);
INSERT INTO vsb_all_wards VALUE (3076,'Xã Minh Đài',180);
INSERT INTO vsb_all_wards VALUE (3077,'Xã Văn Luông',180);
INSERT INTO vsb_all_wards VALUE (3078,'Xã Xuân Sơn',180);
INSERT INTO vsb_all_wards VALUE (3079,'Xã Long Cốc',180);
INSERT INTO vsb_all_wards VALUE (3080,'Xã Kim Thượng',180);
INSERT INTO vsb_all_wards VALUE (3081,'Xã Tam Thanh',180);
INSERT INTO vsb_all_wards VALUE (3082,'Xã Vinh Tiền',180);
INSERT INTO vsb_all_provinces VALUE (17,'Tỉnh Vĩnh Phúc');
INSERT INTO vsb_all_districts VALUE (181,'Thành phố Vĩnh Yên',17);
INSERT INTO vsb_all_wards VALUE (3083,'Phường Tích Sơn',181);
INSERT INTO vsb_all_wards VALUE (3084,'Phường Liên Bảo',181);
INSERT INTO vsb_all_wards VALUE (3085,'Phường Hội Hợp',181);
INSERT INTO vsb_all_wards VALUE (3086,'Phường Đống Đa',181);
INSERT INTO vsb_all_wards VALUE (3087,'Phường Ngô Quyền',181);
INSERT INTO vsb_all_wards VALUE (3088,'Phường Đồng Tâm',181);
INSERT INTO vsb_all_wards VALUE (3089,'Phường Định Trung',181);
INSERT INTO vsb_all_wards VALUE (3090,'Phường Khai Quang',181);
INSERT INTO vsb_all_wards VALUE (3091,'Xã Thanh Trù',181);
INSERT INTO vsb_all_districts VALUE (182,'Thành phố Phúc Yên',17);
INSERT INTO vsb_all_wards VALUE (3092,'Phường Trưng Trắc',182);
INSERT INTO vsb_all_wards VALUE (3093,'Phường Hùng Vương',182);
INSERT INTO vsb_all_wards VALUE (3094,'Phường Trưng Nhị',182);
INSERT INTO vsb_all_wards VALUE (3095,'Phường Phúc Thắng',182);
INSERT INTO vsb_all_wards VALUE (3096,'Phường Xuân Hoà',182);
INSERT INTO vsb_all_wards VALUE (3097,'Phường Đồng Xuân',182);
INSERT INTO vsb_all_wards VALUE (3098,'Xã Ngọc Thanh',182);
INSERT INTO vsb_all_wards VALUE (3099,'Xã Cao Minh',182);
INSERT INTO vsb_all_wards VALUE (3100,'Phường Nam Viêm',182);
INSERT INTO vsb_all_wards VALUE (3101,'Phường Tiền Châu',182);
INSERT INTO vsb_all_districts VALUE (183,'Huyện Lập Thạch',17);
INSERT INTO vsb_all_wards VALUE (3102,'Thị trấn Lập Thạch',183);
INSERT INTO vsb_all_wards VALUE (3103,'Xã Quang Sơn',183);
INSERT INTO vsb_all_wards VALUE (3104,'Xã Ngọc Mỹ',183);
INSERT INTO vsb_all_wards VALUE (3105,'Xã Hợp Lý',183);
INSERT INTO vsb_all_wards VALUE (3106,'Xã Bắc Bình',183);
INSERT INTO vsb_all_wards VALUE (3107,'Xã Thái Hòa',183);
INSERT INTO vsb_all_wards VALUE (3108,'Thị trấn Hoa Sơn',183);
INSERT INTO vsb_all_wards VALUE (3109,'Xã Liễn Sơn',183);
INSERT INTO vsb_all_wards VALUE (3110,'Xã Xuân Hòa',183);
INSERT INTO vsb_all_wards VALUE (3111,'Xã Vân Trục',183);
INSERT INTO vsb_all_wards VALUE (3112,'Xã Liên Hòa',183);
INSERT INTO vsb_all_wards VALUE (3113,'Xã Tử Du',183);
INSERT INTO vsb_all_wards VALUE (3114,'Xã Bàn Giản',183);
INSERT INTO vsb_all_wards VALUE (3115,'Xã Xuân Lôi',183);
INSERT INTO vsb_all_wards VALUE (3116,'Xã Đồng Ích',183);
INSERT INTO vsb_all_wards VALUE (3117,'Xã Tiên Lữ',183);
INSERT INTO vsb_all_wards VALUE (3118,'Xã Văn Quán',183);
INSERT INTO vsb_all_wards VALUE (3119,'Xã Đình Chu',183);
INSERT INTO vsb_all_wards VALUE (3120,'Xã Triệu Đề',183);
INSERT INTO vsb_all_wards VALUE (3121,'Xã Sơn Đông',183);
INSERT INTO vsb_all_districts VALUE (184,'Huyện Tam Dương',17);
INSERT INTO vsb_all_wards VALUE (3122,'Thị trấn Hợp Hòa',184);
INSERT INTO vsb_all_wards VALUE (3123,'Xã Hoàng Hoa',184);
INSERT INTO vsb_all_wards VALUE (3124,'Xã Đồng Tĩnh',184);
INSERT INTO vsb_all_wards VALUE (3125,'Thị trấn Kim Long',184);
INSERT INTO vsb_all_wards VALUE (3126,'Xã Hướng Đạo',184);
INSERT INTO vsb_all_wards VALUE (3127,'Xã Đạo Tú',184);
INSERT INTO vsb_all_wards VALUE (3128,'Xã An Hòa',184);
INSERT INTO vsb_all_wards VALUE (3129,'Xã Thanh Vân',184);
INSERT INTO vsb_all_wards VALUE (3130,'Xã Duy Phiên',184);
INSERT INTO vsb_all_wards VALUE (3131,'Xã Hoàng Đan',184);
INSERT INTO vsb_all_wards VALUE (3132,'Xã Hoàng Lâu',184);
INSERT INTO vsb_all_wards VALUE (3133,'Xã Vân Hội',184);
INSERT INTO vsb_all_wards VALUE (3134,'Xã Hợp Thịnh',184);
INSERT INTO vsb_all_districts VALUE (185,'Huyện Tam Đảo',17);
INSERT INTO vsb_all_wards VALUE (3135,'Thị trấn Tam Đảo',185);
INSERT INTO vsb_all_wards VALUE (3136,'Thị trấn Hợp Châu',185);
INSERT INTO vsb_all_wards VALUE (3137,'Xã Đạo Trù',185);
INSERT INTO vsb_all_wards VALUE (3138,'Xã Yên Dương',185);
INSERT INTO vsb_all_wards VALUE (3139,'Xã Bồ Lý',185);
INSERT INTO vsb_all_wards VALUE (3140,'Thị trấn Đại Đình',185);
INSERT INTO vsb_all_wards VALUE (3141,'Xã Tam Quan',185);
INSERT INTO vsb_all_wards VALUE (3142,'Xã Hồ Sơn',185);
INSERT INTO vsb_all_wards VALUE (3143,'Xã Minh Quang',185);
INSERT INTO vsb_all_districts VALUE (186,'Huyện Bình Xuyên',17);
INSERT INTO vsb_all_wards VALUE (3144,'Thị trấn Hương Canh',186);
INSERT INTO vsb_all_wards VALUE (3145,'Thị trấn Gia Khánh',186);
INSERT INTO vsb_all_wards VALUE (3146,'Xã Trung Mỹ',186);
INSERT INTO vsb_all_wards VALUE (3147,'Thị trấn Bá Hiến',186);
INSERT INTO vsb_all_wards VALUE (3148,'Xã Thiện Kế',186);
INSERT INTO vsb_all_wards VALUE (3149,'Xã Hương Sơn',186);
INSERT INTO vsb_all_wards VALUE (3150,'Xã Tam Hợp',186);
INSERT INTO vsb_all_wards VALUE (3151,'Xã Quất Lưu',186);
INSERT INTO vsb_all_wards VALUE (3152,'Xã Sơn Lôi',186);
INSERT INTO vsb_all_wards VALUE (3153,'Thị trấn Đạo Đức',186);
INSERT INTO vsb_all_wards VALUE (3154,'Xã Tân Phong',186);
INSERT INTO vsb_all_wards VALUE (3155,'Thị trấn Thanh Lãng',186);
INSERT INTO vsb_all_wards VALUE (3156,'Xã Phú Xuân',186);
INSERT INTO vsb_all_districts VALUE (187,'Huyện Yên Lạc',17);
INSERT INTO vsb_all_wards VALUE (3157,'Thị trấn Yên Lạc',187);
INSERT INTO vsb_all_wards VALUE (3158,'Xã Đồng Cương',187);
INSERT INTO vsb_all_wards VALUE (3159,'Xã Đồng Văn',187);
INSERT INTO vsb_all_wards VALUE (3160,'Xã Bình Định',187);
INSERT INTO vsb_all_wards VALUE (3161,'Xã Trung Nguyên',187);
INSERT INTO vsb_all_wards VALUE (3162,'Xã Tề Lỗ',187);
INSERT INTO vsb_all_wards VALUE (3163,'Thị trấn Tam Hồng',187);
INSERT INTO vsb_all_wards VALUE (3164,'Xã Yên Đồng',187);
INSERT INTO vsb_all_wards VALUE (3165,'Xã Văn Tiến',187);
INSERT INTO vsb_all_wards VALUE (3166,'Xã Nguyệt Đức',187);
INSERT INTO vsb_all_wards VALUE (3167,'Xã Yên Phương',187);
INSERT INTO vsb_all_wards VALUE (3168,'Xã Hồng Phương',187);
INSERT INTO vsb_all_wards VALUE (3169,'Xã Trung Kiên',187);
INSERT INTO vsb_all_wards VALUE (3170,'Xã Liên Châu',187);
INSERT INTO vsb_all_wards VALUE (3171,'Xã Đại Tự',187);
INSERT INTO vsb_all_wards VALUE (3172,'Xã Hồng Châu',187);
INSERT INTO vsb_all_wards VALUE (3173,'Xã Trung Hà',187);
INSERT INTO vsb_all_districts VALUE (188,'Huyện Vĩnh Tường',17);
INSERT INTO vsb_all_wards VALUE (3174,'Thị trấn Vĩnh Tường',188);
INSERT INTO vsb_all_wards VALUE (3175,'Xã Kim Xá',188);
INSERT INTO vsb_all_wards VALUE (3176,'Xã Yên Bình',188);
INSERT INTO vsb_all_wards VALUE (3177,'Xã Chấn Hưng',188);
INSERT INTO vsb_all_wards VALUE (3178,'Xã Nghĩa Hưng',188);
INSERT INTO vsb_all_wards VALUE (3179,'Xã Yên Lập',188);
INSERT INTO vsb_all_wards VALUE (3180,'Xã Việt Xuân',188);
INSERT INTO vsb_all_wards VALUE (3181,'Xã Bồ Sao',188);
INSERT INTO vsb_all_wards VALUE (3182,'Xã Đại Đồng',188);
INSERT INTO vsb_all_wards VALUE (3183,'Xã Tân Tiến',188);
INSERT INTO vsb_all_wards VALUE (3184,'Xã Lũng Hoà',188);
INSERT INTO vsb_all_wards VALUE (3185,'Xã Cao Đại',188);
INSERT INTO vsb_all_wards VALUE (3186,'Thị trấn Thổ Tang',188);
INSERT INTO vsb_all_wards VALUE (3187,'Xã Vĩnh Sơn',188);
INSERT INTO vsb_all_wards VALUE (3188,'Xã Bình Dương',188);
INSERT INTO vsb_all_wards VALUE (3189,'Xã Tân Phú',188);
INSERT INTO vsb_all_wards VALUE (3190,'Xã Thượng Trưng',188);
INSERT INTO vsb_all_wards VALUE (3191,'Xã Vũ Di',188);
INSERT INTO vsb_all_wards VALUE (3192,'Xã Lý Nhân',188);
INSERT INTO vsb_all_wards VALUE (3193,'Xã Tuân Chính',188);
INSERT INTO vsb_all_wards VALUE (3194,'Xã Vân Xuân',188);
INSERT INTO vsb_all_wards VALUE (3195,'Xã Tam Phúc',188);
INSERT INTO vsb_all_wards VALUE (3196,'Thị trấn Tứ Trưng',188);
INSERT INTO vsb_all_wards VALUE (3197,'Xã Ngũ Kiên',188);
INSERT INTO vsb_all_wards VALUE (3198,'Xã An Tường',188);
INSERT INTO vsb_all_wards VALUE (3199,'Xã Vĩnh Thịnh',188);
INSERT INTO vsb_all_wards VALUE (3200,'Xã Phú Đa',188);
INSERT INTO vsb_all_wards VALUE (3201,'Xã Vĩnh Ninh',188);
INSERT INTO vsb_all_districts VALUE (189,'Huyện Sông Lô',17);
INSERT INTO vsb_all_wards VALUE (3202,'Xã Lãng Công',189);
INSERT INTO vsb_all_wards VALUE (3203,'Xã Quang Yên',189);
INSERT INTO vsb_all_wards VALUE (3204,'Xã Bạch Lưu',189);
INSERT INTO vsb_all_wards VALUE (3205,'Xã Hải Lựu',189);
INSERT INTO vsb_all_wards VALUE (3206,'Xã Đồng Quế',189);
INSERT INTO vsb_all_wards VALUE (3207,'Xã Nhân Đạo',189);
INSERT INTO vsb_all_wards VALUE (3208,'Xã Đôn Nhân',189);
INSERT INTO vsb_all_wards VALUE (3209,'Xã Phương Khoan',189);
INSERT INTO vsb_all_wards VALUE (3210,'Xã Tân Lập',189);
INSERT INTO vsb_all_wards VALUE (3211,'Xã Nhạo Sơn',189);
INSERT INTO vsb_all_wards VALUE (3212,'Thị trấn Tam Sơn',189);
INSERT INTO vsb_all_wards VALUE (3213,'Xã Như Thụy',189);
INSERT INTO vsb_all_wards VALUE (3214,'Xã Yên Thạch',189);
INSERT INTO vsb_all_wards VALUE (3215,'Xã Đồng Thịnh',189);
INSERT INTO vsb_all_wards VALUE (3216,'Xã Tứ Yên',189);
INSERT INTO vsb_all_wards VALUE (3217,'Xã Đức Bác',189);
INSERT INTO vsb_all_wards VALUE (3218,'Xã Cao Phong',189);
INSERT INTO vsb_all_provinces VALUE (18,'Tỉnh Bắc Ninh');
INSERT INTO vsb_all_districts VALUE (190,'Thành phố Bắc Ninh',18);
INSERT INTO vsb_all_wards VALUE (3219,'Phường Vũ Ninh',190);
INSERT INTO vsb_all_wards VALUE (3220,'Phường Đáp Cầu',190);
INSERT INTO vsb_all_wards VALUE (3221,'Phường Thị Cầu',190);
INSERT INTO vsb_all_wards VALUE (3222,'Phường Kinh Bắc',190);
INSERT INTO vsb_all_wards VALUE (3223,'Phường Vệ An',190);
INSERT INTO vsb_all_wards VALUE (3224,'Phường Tiền An',190);
INSERT INTO vsb_all_wards VALUE (3225,'Phường Đại Phúc',190);
INSERT INTO vsb_all_wards VALUE (3226,'Phường Ninh Xá',190);
INSERT INTO vsb_all_wards VALUE (3227,'Phường Suối Hoa',190);
INSERT INTO vsb_all_wards VALUE (3228,'Phường Võ Cường',190);
INSERT INTO vsb_all_wards VALUE (3229,'Phường Hòa Long',190);
INSERT INTO vsb_all_wards VALUE (3230,'Phường Vạn An',190);
INSERT INTO vsb_all_wards VALUE (3231,'Phường Khúc Xuyên',190);
INSERT INTO vsb_all_wards VALUE (3232,'Phường Phong Khê',190);
INSERT INTO vsb_all_wards VALUE (3233,'Phường Kim Chân',190);
INSERT INTO vsb_all_wards VALUE (3234,'Phường Vân Dương',190);
INSERT INTO vsb_all_wards VALUE (3235,'Phường Nam Sơn',190);
INSERT INTO vsb_all_wards VALUE (3236,'Phường Khắc Niệm',190);
INSERT INTO vsb_all_wards VALUE (3237,'Phường Hạp Lĩnh',190);
INSERT INTO vsb_all_districts VALUE (191,'Huyện Yên Phong',18);
INSERT INTO vsb_all_wards VALUE (3238,'Thị trấn Chờ',191);
INSERT INTO vsb_all_wards VALUE (3239,'Xã Dũng Liệt',191);
INSERT INTO vsb_all_wards VALUE (3240,'Xã Tam Đa',191);
INSERT INTO vsb_all_wards VALUE (3241,'Xã Tam Giang',191);
INSERT INTO vsb_all_wards VALUE (3242,'Xã Yên Trung',191);
INSERT INTO vsb_all_wards VALUE (3243,'Xã Thụy Hòa',191);
INSERT INTO vsb_all_wards VALUE (3244,'Xã Hòa Tiến',191);
INSERT INTO vsb_all_wards VALUE (3245,'Xã Đông Tiến',191);
INSERT INTO vsb_all_wards VALUE (3246,'Xã Yên Phụ',191);
INSERT INTO vsb_all_wards VALUE (3247,'Xã Trung Nghĩa',191);
INSERT INTO vsb_all_wards VALUE (3248,'Xã Đông Phong',191);
INSERT INTO vsb_all_wards VALUE (3249,'Xã Long Châu',191);
INSERT INTO vsb_all_wards VALUE (3250,'Xã Văn Môn',191);
INSERT INTO vsb_all_wards VALUE (3251,'Xã Đông Thọ',191);
INSERT INTO vsb_all_districts VALUE (192,'Thị xã Quế Võ',18);
INSERT INTO vsb_all_wards VALUE (3252,'Phường Phố Mới',192);
INSERT INTO vsb_all_wards VALUE (3253,'Xã Việt Thống',192);
INSERT INTO vsb_all_wards VALUE (3254,'Phường Đại Xuân',192);
INSERT INTO vsb_all_wards VALUE (3255,'Phường Nhân Hòa',192);
INSERT INTO vsb_all_wards VALUE (3256,'Phường Bằng An',192);
INSERT INTO vsb_all_wards VALUE (3257,'Phường Phương Liễu',192);
INSERT INTO vsb_all_wards VALUE (3258,'Phường Quế Tân',192);
INSERT INTO vsb_all_wards VALUE (3259,'Phường Phù Lương',192);
INSERT INTO vsb_all_wards VALUE (3260,'Xã Phù Lãng',192);
INSERT INTO vsb_all_wards VALUE (3261,'Phường Phượng Mao',192);
INSERT INTO vsb_all_wards VALUE (3262,'Phường Việt Hùng',192);
INSERT INTO vsb_all_wards VALUE (3263,'Xã Ngọc Xá',192);
INSERT INTO vsb_all_wards VALUE (3264,'Xã Châu Phong',192);
INSERT INTO vsb_all_wards VALUE (3265,'Phường Bồng Lai',192);
INSERT INTO vsb_all_wards VALUE (3266,'Phường Cách Bi',192);
INSERT INTO vsb_all_wards VALUE (3267,'Xã Đào Viên',192);
INSERT INTO vsb_all_wards VALUE (3268,'Xã Yên Giả',192);
INSERT INTO vsb_all_wards VALUE (3269,'Xã Mộ Đạo',192);
INSERT INTO vsb_all_wards VALUE (3270,'Xã Đức Long',192);
INSERT INTO vsb_all_wards VALUE (3271,'Xã Chi Lăng',192);
INSERT INTO vsb_all_wards VALUE (3272,'Xã Hán Quảng',192);
INSERT INTO vsb_all_districts VALUE (193,'Huyện Tiên Du',18);
INSERT INTO vsb_all_wards VALUE (3273,'Thị trấn Lim',193);
INSERT INTO vsb_all_wards VALUE (3274,'Xã Phú Lâm',193);
INSERT INTO vsb_all_wards VALUE (3275,'Xã Nội Duệ',193);
INSERT INTO vsb_all_wards VALUE (3276,'Xã Liên Bão',193);
INSERT INTO vsb_all_wards VALUE (3277,'Xã Hiên Vân',193);
INSERT INTO vsb_all_wards VALUE (3278,'Xã Hoàn Sơn',193);
INSERT INTO vsb_all_wards VALUE (3279,'Xã Lạc Vệ',193);
INSERT INTO vsb_all_wards VALUE (3280,'Xã Việt Đoàn',193);
INSERT INTO vsb_all_wards VALUE (3281,'Xã Phật Tích',193);
INSERT INTO vsb_all_wards VALUE (3282,'Xã Tân Chi',193);
INSERT INTO vsb_all_wards VALUE (3283,'Xã Đại Đồng',193);
INSERT INTO vsb_all_wards VALUE (3284,'Xã Tri Phương',193);
INSERT INTO vsb_all_wards VALUE (3285,'Xã Minh Đạo',193);
INSERT INTO vsb_all_wards VALUE (3286,'Xã Cảnh Hưng',193);
INSERT INTO vsb_all_districts VALUE (194,'Thành phố Từ Sơn',18);
INSERT INTO vsb_all_wards VALUE (3287,'Phường Đông Ngàn',194);
INSERT INTO vsb_all_wards VALUE (3288,'Phường Tam Sơn',194);
INSERT INTO vsb_all_wards VALUE (3289,'Phường Hương Mạc',194);
INSERT INTO vsb_all_wards VALUE (3290,'Phường Tương Giang',194);
INSERT INTO vsb_all_wards VALUE (3291,'Phường Phù Khê',194);
INSERT INTO vsb_all_wards VALUE (3292,'Phường Đồng Kỵ',194);
INSERT INTO vsb_all_wards VALUE (3293,'Phường Trang Hạ',194);
INSERT INTO vsb_all_wards VALUE (3294,'Phường Đồng Nguyên',194);
INSERT INTO vsb_all_wards VALUE (3295,'Phường Châu Khê',194);
INSERT INTO vsb_all_wards VALUE (3296,'Phường Tân Hồng',194);
INSERT INTO vsb_all_wards VALUE (3297,'Phường Đình Bảng',194);
INSERT INTO vsb_all_wards VALUE (3298,'Phường Phù Chẩn',194);
INSERT INTO vsb_all_districts VALUE (195,'Thị xã Thuận Thành',18);
INSERT INTO vsb_all_wards VALUE (3299,'Phường Hồ',195);
INSERT INTO vsb_all_wards VALUE (3300,'Xã Hoài Thượng',195);
INSERT INTO vsb_all_wards VALUE (3301,'Xã Đại Đồng Thành',195);
INSERT INTO vsb_all_wards VALUE (3302,'Xã Mão Điền',195);
INSERT INTO vsb_all_wards VALUE (3303,'Phường Song Hồ',195);
INSERT INTO vsb_all_wards VALUE (3304,'Xã Đình Tổ',195);
INSERT INTO vsb_all_wards VALUE (3305,'Phường An Bình',195);
INSERT INTO vsb_all_wards VALUE (3306,'Phường Trí Quả',195);
INSERT INTO vsb_all_wards VALUE (3307,'Phường Gia Đông',195);
INSERT INTO vsb_all_wards VALUE (3308,'Phường Thanh Khương',195);
INSERT INTO vsb_all_wards VALUE (3309,'Phường Trạm Lộ',195);
INSERT INTO vsb_all_wards VALUE (3310,'Phường Xuân Lâm',195);
INSERT INTO vsb_all_wards VALUE (3311,'Phường Hà Mãn',195);
INSERT INTO vsb_all_wards VALUE (3312,'Xã Ngũ Thái',195);
INSERT INTO vsb_all_wards VALUE (3313,'Xã Nguyệt Đức',195);
INSERT INTO vsb_all_wards VALUE (3314,'Phường Ninh Xá',195);
INSERT INTO vsb_all_wards VALUE (3315,'Xã Nghĩa Đạo',195);
INSERT INTO vsb_all_wards VALUE (3316,'Xã Song Liễu',195);
INSERT INTO vsb_all_districts VALUE (196,'Huyện Gia Bình',18);
INSERT INTO vsb_all_wards VALUE (3317,'Thị trấn Gia Bình',196);
INSERT INTO vsb_all_wards VALUE (3318,'Xã Vạn Ninh',196);
INSERT INTO vsb_all_wards VALUE (3319,'Xã Thái Bảo',196);
INSERT INTO vsb_all_wards VALUE (3320,'Xã Giang Sơn',196);
INSERT INTO vsb_all_wards VALUE (3321,'Xã Cao Đức',196);
INSERT INTO vsb_all_wards VALUE (3322,'Xã Đại Lai',196);
INSERT INTO vsb_all_wards VALUE (3323,'Xã Song Giang',196);
INSERT INTO vsb_all_wards VALUE (3324,'Xã Bình Dương',196);
INSERT INTO vsb_all_wards VALUE (3325,'Xã Lãng Ngâm',196);
INSERT INTO vsb_all_wards VALUE (3326,'Xã Nhân Thắng',196);
INSERT INTO vsb_all_wards VALUE (3327,'Xã Xuân Lai',196);
INSERT INTO vsb_all_wards VALUE (3328,'Xã Đông Cứu',196);
INSERT INTO vsb_all_wards VALUE (3329,'Xã Đại Bái',196);
INSERT INTO vsb_all_wards VALUE (3330,'Xã Quỳnh Phú',196);
INSERT INTO vsb_all_districts VALUE (197,'Huyện Lương Tài',18);
INSERT INTO vsb_all_wards VALUE (3331,'Thị trấn Thứa',197);
INSERT INTO vsb_all_wards VALUE (3332,'Xã An Thịnh',197);
INSERT INTO vsb_all_wards VALUE (3333,'Xã Trung Kênh',197);
INSERT INTO vsb_all_wards VALUE (3334,'Xã Phú Hòa',197);
INSERT INTO vsb_all_wards VALUE (3335,'Xã Mỹ Hương',197);
INSERT INTO vsb_all_wards VALUE (3336,'Xã Tân Lãng',197);
INSERT INTO vsb_all_wards VALUE (3337,'Xã Quảng Phú',197);
INSERT INTO vsb_all_wards VALUE (3338,'Xã Trừng Xá',197);
INSERT INTO vsb_all_wards VALUE (3339,'Xã Lai Hạ',197);
INSERT INTO vsb_all_wards VALUE (3340,'Xã Trung Chính',197);
INSERT INTO vsb_all_wards VALUE (3341,'Xã Minh Tân',197);
INSERT INTO vsb_all_wards VALUE (3342,'Xã Bình Định',197);
INSERT INTO vsb_all_wards VALUE (3343,'Xã Phú Lương',197);
INSERT INTO vsb_all_wards VALUE (3344,'Xã Lâm Thao',197);
INSERT INTO vsb_all_provinces VALUE (19,'Tỉnh Hải Dương');
INSERT INTO vsb_all_districts VALUE (198,'Thành phố Hải Dương',19);
INSERT INTO vsb_all_wards VALUE (3345,'Phường Cẩm Thượng',198);
INSERT INTO vsb_all_wards VALUE (3346,'Phường Bình Hàn',198);
INSERT INTO vsb_all_wards VALUE (3347,'Phường Ngọc Châu',198);
INSERT INTO vsb_all_wards VALUE (3348,'Phường Nhị Châu',198);
INSERT INTO vsb_all_wards VALUE (3349,'Phường Quang Trung',198);
INSERT INTO vsb_all_wards VALUE (3350,'Phường Nguyễn Trãi',198);
INSERT INTO vsb_all_wards VALUE (3351,'Phường Phạm Ngũ Lão',198);
INSERT INTO vsb_all_wards VALUE (3352,'Phường Trần Hưng Đạo',198);
INSERT INTO vsb_all_wards VALUE (3353,'Phường Trần Phú',198);
INSERT INTO vsb_all_wards VALUE (3354,'Phường Thanh Bình',198);
INSERT INTO vsb_all_wards VALUE (3355,'Phường Tân Bình',198);
INSERT INTO vsb_all_wards VALUE (3356,'Phường Lê Thanh Nghị',198);
INSERT INTO vsb_all_wards VALUE (3357,'Phường Hải Tân',198);
INSERT INTO vsb_all_wards VALUE (3358,'Phường Tứ Minh',198);
INSERT INTO vsb_all_wards VALUE (3359,'Phường Việt Hoà',198);
INSERT INTO vsb_all_wards VALUE (3360,'Phường Ái Quốc',198);
INSERT INTO vsb_all_wards VALUE (3361,'Xã An Thượng',198);
INSERT INTO vsb_all_wards VALUE (3362,'Phường Nam Đồng',198);
INSERT INTO vsb_all_wards VALUE (3363,'Xã Quyết Thắng',198);
INSERT INTO vsb_all_wards VALUE (3364,'Xã Tiền Tiến',198);
INSERT INTO vsb_all_wards VALUE (3365,'Phường Thạch Khôi',198);
INSERT INTO vsb_all_wards VALUE (3366,'Xã Liên Hồng',198);
INSERT INTO vsb_all_wards VALUE (3367,'Phường Tân Hưng',198);
INSERT INTO vsb_all_wards VALUE (3368,'Xã Gia Xuyên',198);
INSERT INTO vsb_all_wards VALUE (3369,'Xã Ngọc Sơn',198);
INSERT INTO vsb_all_districts VALUE (199,'Thành phố Chí Linh',19);
INSERT INTO vsb_all_wards VALUE (3370,'Phường Phả Lại',199);
INSERT INTO vsb_all_wards VALUE (3371,'Phường Sao Đỏ',199);
INSERT INTO vsb_all_wards VALUE (3372,'Phường Bến Tắm',199);
INSERT INTO vsb_all_wards VALUE (3373,'Xã Hoàng Hoa Thám',199);
INSERT INTO vsb_all_wards VALUE (3374,'Xã Bắc An',199);
INSERT INTO vsb_all_wards VALUE (3375,'Xã Hưng Đạo',199);
INSERT INTO vsb_all_wards VALUE (3376,'Xã Lê Lợi',199);
INSERT INTO vsb_all_wards VALUE (3377,'Phường Hoàng Tiến',199);
INSERT INTO vsb_all_wards VALUE (3378,'Phường Cộng Hoà',199);
INSERT INTO vsb_all_wards VALUE (3379,'Phường Hoàng Tân',199);
INSERT INTO vsb_all_wards VALUE (3380,'Phường Cổ Thành',199);
INSERT INTO vsb_all_wards VALUE (3381,'Phường Văn An',199);
INSERT INTO vsb_all_wards VALUE (3382,'Phường Chí Minh',199);
INSERT INTO vsb_all_wards VALUE (3383,'Phường Văn Đức',199);
INSERT INTO vsb_all_wards VALUE (3384,'Phường Thái Học',199);
INSERT INTO vsb_all_wards VALUE (3385,'Xã Nhân Huệ',199);
INSERT INTO vsb_all_wards VALUE (3386,'Phường An Lạc',199);
INSERT INTO vsb_all_wards VALUE (3387,'Phường Đồng Lạc',199);
INSERT INTO vsb_all_wards VALUE (3388,'Phường Tân Dân',199);
INSERT INTO vsb_all_districts VALUE (200,'Huyện Nam Sách',19);
INSERT INTO vsb_all_wards VALUE (3389,'Thị trấn Nam Sách',200);
INSERT INTO vsb_all_wards VALUE (3390,'Xã Nam Hưng',200);
INSERT INTO vsb_all_wards VALUE (3391,'Xã Nam Tân',200);
INSERT INTO vsb_all_wards VALUE (3392,'Xã Hợp Tiến',200);
INSERT INTO vsb_all_wards VALUE (3393,'Xã Hiệp Cát',200);
INSERT INTO vsb_all_wards VALUE (3394,'Xã Thanh Quang',200);
INSERT INTO vsb_all_wards VALUE (3395,'Xã Quốc Tuấn',200);
INSERT INTO vsb_all_wards VALUE (3396,'Xã Nam Chính',200);
INSERT INTO vsb_all_wards VALUE (3397,'Xã An Bình',200);
INSERT INTO vsb_all_wards VALUE (3398,'Xã Nam Trung',200);
INSERT INTO vsb_all_wards VALUE (3399,'Xã An Sơn',200);
INSERT INTO vsb_all_wards VALUE (3400,'Xã Cộng Hòa',200);
INSERT INTO vsb_all_wards VALUE (3401,'Xã Thái Tân',200);
INSERT INTO vsb_all_wards VALUE (3402,'Xã An Lâm',200);
INSERT INTO vsb_all_wards VALUE (3403,'Xã Phú Điền',200);
INSERT INTO vsb_all_wards VALUE (3404,'Xã Nam Hồng',200);
INSERT INTO vsb_all_wards VALUE (3405,'Xã Hồng Phong',200);
INSERT INTO vsb_all_wards VALUE (3406,'Xã Đồng Lạc',200);
INSERT INTO vsb_all_wards VALUE (3407,'Xã Minh Tân',200);
INSERT INTO vsb_all_districts VALUE (201,'Thị xã Kinh Môn',19);
INSERT INTO vsb_all_wards VALUE (3408,'Phường An Lưu',201);
INSERT INTO vsb_all_wards VALUE (3409,'Xã Bạch Đằng',201);
INSERT INTO vsb_all_wards VALUE (3410,'Phường Thất Hùng',201);
INSERT INTO vsb_all_wards VALUE (3411,'Xã Lê Ninh',201);
INSERT INTO vsb_all_wards VALUE (3412,'Xã Hoành Sơn',201);
INSERT INTO vsb_all_wards VALUE (3413,'Phường Phạm Thái',201);
INSERT INTO vsb_all_wards VALUE (3414,'Phường Duy Tân',201);
INSERT INTO vsb_all_wards VALUE (3415,'Phường Tân Dân',201);
INSERT INTO vsb_all_wards VALUE (3416,'Phường Minh Tân',201);
INSERT INTO vsb_all_wards VALUE (3417,'Xã Quang Thành',201);
INSERT INTO vsb_all_wards VALUE (3418,'Xã Hiệp Hòa',201);
INSERT INTO vsb_all_wards VALUE (3419,'Phường Phú Thứ',201);
INSERT INTO vsb_all_wards VALUE (3420,'Xã Thăng Long',201);
INSERT INTO vsb_all_wards VALUE (3421,'Xã Lạc Long',201);
INSERT INTO vsb_all_wards VALUE (3422,'Phường An Sinh',201);
INSERT INTO vsb_all_wards VALUE (3423,'Phường Hiệp Sơn',201);
INSERT INTO vsb_all_wards VALUE (3424,'Xã Thượng Quận',201);
INSERT INTO vsb_all_wards VALUE (3425,'Phường An Phụ',201);
INSERT INTO vsb_all_wards VALUE (3426,'Phường Hiệp An',201);
INSERT INTO vsb_all_wards VALUE (3427,'Phường Long Xuyên',201);
INSERT INTO vsb_all_wards VALUE (3428,'Phường Thái Thịnh',201);
INSERT INTO vsb_all_wards VALUE (3429,'Phường Hiến Thành',201);
INSERT INTO vsb_all_wards VALUE (3430,'Xã Minh Hòa',201);
INSERT INTO vsb_all_districts VALUE (202,'Huyện Kim Thành',19);
INSERT INTO vsb_all_wards VALUE (3431,'Thị trấn Phú Thái',202);
INSERT INTO vsb_all_wards VALUE (3432,'Xã Lai Vu',202);
INSERT INTO vsb_all_wards VALUE (3433,'Xã Cộng Hòa',202);
INSERT INTO vsb_all_wards VALUE (3434,'Xã Thượng Vũ',202);
INSERT INTO vsb_all_wards VALUE (3435,'Xã Cổ Dũng',202);
INSERT INTO vsb_all_wards VALUE (3436,'Xã Tuấn Việt',202);
INSERT INTO vsb_all_wards VALUE (3437,'Xã Kim Xuyên',202);
INSERT INTO vsb_all_wards VALUE (3438,'Xã Phúc Thành A',202);
INSERT INTO vsb_all_wards VALUE (3439,'Xã Ngũ Phúc',202);
INSERT INTO vsb_all_wards VALUE (3440,'Xã Kim Anh',202);
INSERT INTO vsb_all_wards VALUE (3441,'Xã Kim Liên',202);
INSERT INTO vsb_all_wards VALUE (3442,'Xã Kim Tân',202);
INSERT INTO vsb_all_wards VALUE (3443,'Xã Kim Đính',202);
INSERT INTO vsb_all_wards VALUE (3444,'Xã Bình Dân',202);
INSERT INTO vsb_all_wards VALUE (3445,'Xã Tam Kỳ',202);
INSERT INTO vsb_all_wards VALUE (3446,'Xã Đồng Cẩm',202);
INSERT INTO vsb_all_wards VALUE (3447,'Xã Liên Hòa',202);
INSERT INTO vsb_all_wards VALUE (3448,'Xã Đại Đức',202);
INSERT INTO vsb_all_districts VALUE (203,'Huyện Thanh Hà',19);
INSERT INTO vsb_all_wards VALUE (3449,'Thị trấn Thanh Hà',203);
INSERT INTO vsb_all_wards VALUE (3450,'Xã Hồng Lạc',203);
INSERT INTO vsb_all_wards VALUE (3451,'Xã Việt Hồng',203);
INSERT INTO vsb_all_wards VALUE (3452,'Xã Tân Việt',203);
INSERT INTO vsb_all_wards VALUE (3453,'Xã Cẩm Chế',203);
INSERT INTO vsb_all_wards VALUE (3454,'Xã Thanh An',203);
INSERT INTO vsb_all_wards VALUE (3455,'Xã Thanh Lang',203);
INSERT INTO vsb_all_wards VALUE (3456,'Xã Tân An',203);
INSERT INTO vsb_all_wards VALUE (3457,'Xã Liên Mạc',203);
INSERT INTO vsb_all_wards VALUE (3458,'Xã Thanh Hải',203);
INSERT INTO vsb_all_wards VALUE (3459,'Xã Thanh Khê',203);
INSERT INTO vsb_all_wards VALUE (3460,'Xã Thanh Xá',203);
INSERT INTO vsb_all_wards VALUE (3461,'Xã Thanh Xuân',203);
INSERT INTO vsb_all_wards VALUE (3462,'Xã Thanh Thủy',203);
INSERT INTO vsb_all_wards VALUE (3463,'Xã An Phượng',203);
INSERT INTO vsb_all_wards VALUE (3464,'Xã Thanh Sơn',203);
INSERT INTO vsb_all_wards VALUE (3465,'Xã Thanh Quang',203);
INSERT INTO vsb_all_wards VALUE (3466,'Xã Thanh Hồng',203);
INSERT INTO vsb_all_wards VALUE (3467,'Xã Thanh Cường',203);
INSERT INTO vsb_all_wards VALUE (3468,'Xã Vĩnh Lập',203);
INSERT INTO vsb_all_districts VALUE (204,'Huyện Cẩm Giàng',19);
INSERT INTO vsb_all_wards VALUE (3469,'Thị trấn Cẩm Giang',204);
INSERT INTO vsb_all_wards VALUE (3470,'Thị trấn Lai Cách',204);
INSERT INTO vsb_all_wards VALUE (3471,'Xã Cẩm Hưng',204);
INSERT INTO vsb_all_wards VALUE (3472,'Xã Cẩm Hoàng',204);
INSERT INTO vsb_all_wards VALUE (3473,'Xã Cẩm Văn',204);
INSERT INTO vsb_all_wards VALUE (3474,'Xã Ngọc Liên',204);
INSERT INTO vsb_all_wards VALUE (3475,'Xã Thạch Lỗi',204);
INSERT INTO vsb_all_wards VALUE (3476,'Xã Cẩm Vũ',204);
INSERT INTO vsb_all_wards VALUE (3477,'Xã Đức Chính',204);
INSERT INTO vsb_all_wards VALUE (3478,'Xã Định Sơn',204);
INSERT INTO vsb_all_wards VALUE (3479,'Xã Lương Điền',204);
INSERT INTO vsb_all_wards VALUE (3480,'Xã Cao An',204);
INSERT INTO vsb_all_wards VALUE (3481,'Xã Tân Trường',204);
INSERT INTO vsb_all_wards VALUE (3482,'Xã Cẩm Phúc',204);
INSERT INTO vsb_all_wards VALUE (3483,'Xã Cẩm Điền',204);
INSERT INTO vsb_all_wards VALUE (3484,'Xã Cẩm Đông',204);
INSERT INTO vsb_all_wards VALUE (3485,'Xã Cẩm Đoài',204);
INSERT INTO vsb_all_districts VALUE (205,'Huyện Bình Giang',19);
INSERT INTO vsb_all_wards VALUE (3486,'Thị trấn Kẻ Sặt',205);
INSERT INTO vsb_all_wards VALUE (3487,'Xã Vĩnh Hưng',205);
INSERT INTO vsb_all_wards VALUE (3488,'Xã Hùng Thắng',205);
INSERT INTO vsb_all_wards VALUE (3489,'Xã Vĩnh Hồng',205);
INSERT INTO vsb_all_wards VALUE (3490,'Xã Long Xuyên',205);
INSERT INTO vsb_all_wards VALUE (3491,'Xã Tân Việt',205);
INSERT INTO vsb_all_wards VALUE (3492,'Xã Thúc Kháng',205);
INSERT INTO vsb_all_wards VALUE (3493,'Xã Tân Hồng',205);
INSERT INTO vsb_all_wards VALUE (3494,'Xã Bình Minh',205);
INSERT INTO vsb_all_wards VALUE (3495,'Xã Hồng Khê',205);
INSERT INTO vsb_all_wards VALUE (3496,'Xã Thái Học',205);
INSERT INTO vsb_all_wards VALUE (3497,'Xã Cổ Bì',205);
INSERT INTO vsb_all_wards VALUE (3498,'Xã Nhân Quyền',205);
INSERT INTO vsb_all_wards VALUE (3499,'Xã Thái Dương',205);
INSERT INTO vsb_all_wards VALUE (3500,'Xã Thái Hòa',205);
INSERT INTO vsb_all_wards VALUE (3501,'Xã Bình Xuyên',205);
INSERT INTO vsb_all_districts VALUE (206,'Huyện Gia Lộc',19);
INSERT INTO vsb_all_wards VALUE (3502,'Thị trấn Gia Lộc',206);
INSERT INTO vsb_all_wards VALUE (3503,'Xã Thống Nhất',206);
INSERT INTO vsb_all_wards VALUE (3504,'Xã Yết Kiêu',206);
INSERT INTO vsb_all_wards VALUE (3505,'Xã Gia Tân',206);
INSERT INTO vsb_all_wards VALUE (3506,'Xã Tân Tiến',206);
INSERT INTO vsb_all_wards VALUE (3507,'Xã Gia Khánh',206);
INSERT INTO vsb_all_wards VALUE (3508,'Xã Gia Lương',206);
INSERT INTO vsb_all_wards VALUE (3509,'Xã Lê Lợi',206);
INSERT INTO vsb_all_wards VALUE (3510,'Xã Toàn Thắng',206);
INSERT INTO vsb_all_wards VALUE (3511,'Xã Hoàng Diệu',206);
INSERT INTO vsb_all_wards VALUE (3512,'Xã Hồng Hưng',206);
INSERT INTO vsb_all_wards VALUE (3513,'Xã Phạm Trấn',206);
INSERT INTO vsb_all_wards VALUE (3514,'Xã Đoàn Thượng',206);
INSERT INTO vsb_all_wards VALUE (3515,'Xã Thống Kênh',206);
INSERT INTO vsb_all_wards VALUE (3516,'Xã Quang Minh',206);
INSERT INTO vsb_all_wards VALUE (3517,'Xã Đồng Quang',206);
INSERT INTO vsb_all_wards VALUE (3518,'Xã Nhật Tân',206);
INSERT INTO vsb_all_wards VALUE (3519,'Xã Đức Xương',206);
INSERT INTO vsb_all_districts VALUE (207,'Huyện Tứ Kỳ',19);
INSERT INTO vsb_all_wards VALUE (3520,'Thị trấn Tứ Kỳ',207);
INSERT INTO vsb_all_wards VALUE (3521,'Xã Đại Sơn',207);
INSERT INTO vsb_all_wards VALUE (3522,'Xã Hưng Đạo',207);
INSERT INTO vsb_all_wards VALUE (3523,'Xã Ngọc Kỳ',207);
INSERT INTO vsb_all_wards VALUE (3524,'Xã Bình Lăng',207);
INSERT INTO vsb_all_wards VALUE (3525,'Xã Chí Minh',207);
INSERT INTO vsb_all_wards VALUE (3526,'Xã Tái Sơn',207);
INSERT INTO vsb_all_wards VALUE (3527,'Xã Quang Phục',207);
INSERT INTO vsb_all_wards VALUE (3528,'Xã Dân Chủ',207);
INSERT INTO vsb_all_wards VALUE (3529,'Xã Tân Kỳ',207);
INSERT INTO vsb_all_wards VALUE (3530,'Xã Quang Khải',207);
INSERT INTO vsb_all_wards VALUE (3531,'Xã Đại Hợp',207);
INSERT INTO vsb_all_wards VALUE (3532,'Xã Quảng Nghiệp',207);
INSERT INTO vsb_all_wards VALUE (3533,'Xã An Thanh',207);
INSERT INTO vsb_all_wards VALUE (3534,'Xã Minh Đức',207);
INSERT INTO vsb_all_wards VALUE (3535,'Xã Văn Tố',207);
INSERT INTO vsb_all_wards VALUE (3536,'Xã Quang Trung',207);
INSERT INTO vsb_all_wards VALUE (3537,'Xã Phượng Kỳ',207);
INSERT INTO vsb_all_wards VALUE (3538,'Xã Cộng Lạc',207);
INSERT INTO vsb_all_wards VALUE (3539,'Xã Tiên Động',207);
INSERT INTO vsb_all_wards VALUE (3540,'Xã Nguyên Giáp',207);
INSERT INTO vsb_all_wards VALUE (3541,'Xã Hà Kỳ',207);
INSERT INTO vsb_all_wards VALUE (3542,'Xã Hà Thanh',207);
INSERT INTO vsb_all_districts VALUE (208,'Huyện Ninh Giang',19);
INSERT INTO vsb_all_wards VALUE (3543,'Thị trấn Ninh Giang',208);
INSERT INTO vsb_all_wards VALUE (3544,'Xã Ứng Hoè',208);
INSERT INTO vsb_all_wards VALUE (3545,'Xã Nghĩa An',208);
INSERT INTO vsb_all_wards VALUE (3546,'Xã Hồng Đức',208);
INSERT INTO vsb_all_wards VALUE (3547,'Xã An Đức',208);
INSERT INTO vsb_all_wards VALUE (3548,'Xã Vạn Phúc',208);
INSERT INTO vsb_all_wards VALUE (3549,'Xã Tân Hương',208);
INSERT INTO vsb_all_wards VALUE (3550,'Xã Vĩnh Hòa',208);
INSERT INTO vsb_all_wards VALUE (3551,'Xã Đông Xuyên',208);
INSERT INTO vsb_all_wards VALUE (3552,'Xã Tân Phong',208);
INSERT INTO vsb_all_wards VALUE (3553,'Xã Ninh Hải',208);
INSERT INTO vsb_all_wards VALUE (3554,'Xã Đồng Tâm',208);
INSERT INTO vsb_all_wards VALUE (3555,'Xã Tân Quang',208);
INSERT INTO vsb_all_wards VALUE (3556,'Xã Kiến Quốc',208);
INSERT INTO vsb_all_wards VALUE (3557,'Xã Hồng Dụ',208);
INSERT INTO vsb_all_wards VALUE (3558,'Xã Văn Hội',208);
INSERT INTO vsb_all_wards VALUE (3559,'Xã Hồng Phong',208);
INSERT INTO vsb_all_wards VALUE (3560,'Xã Hiệp Lực',208);
INSERT INTO vsb_all_wards VALUE (3561,'Xã Hồng Phúc',208);
INSERT INTO vsb_all_wards VALUE (3562,'Xã Hưng Long',208);
INSERT INTO vsb_all_districts VALUE (209,'Huyện Thanh Miện',19);
INSERT INTO vsb_all_wards VALUE (3563,'Thị trấn Thanh Miện',209);
INSERT INTO vsb_all_wards VALUE (3564,'Xã Thanh Tùng',209);
INSERT INTO vsb_all_wards VALUE (3565,'Xã Phạm Kha',209);
INSERT INTO vsb_all_wards VALUE (3566,'Xã Ngô Quyền',209);
INSERT INTO vsb_all_wards VALUE (3567,'Xã Đoàn Tùng',209);
INSERT INTO vsb_all_wards VALUE (3568,'Xã Hồng Quang',209);
INSERT INTO vsb_all_wards VALUE (3569,'Xã Tân Trào',209);
INSERT INTO vsb_all_wards VALUE (3570,'Xã Lam Sơn',209);
INSERT INTO vsb_all_wards VALUE (3571,'Xã Đoàn Kết',209);
INSERT INTO vsb_all_wards VALUE (3572,'Xã Lê Hồng',209);
INSERT INTO vsb_all_wards VALUE (3573,'Xã Tứ Cường',209);
INSERT INTO vsb_all_wards VALUE (3574,'Xã Ngũ Hùng',209);
INSERT INTO vsb_all_wards VALUE (3575,'Xã Cao Thắng',209);
INSERT INTO vsb_all_wards VALUE (3576,'Xã Chi Lăng Bắc',209);
INSERT INTO vsb_all_wards VALUE (3577,'Xã Chi Lăng Nam',209);
INSERT INTO vsb_all_wards VALUE (3578,'Xã Thanh Giang',209);
INSERT INTO vsb_all_wards VALUE (3579,'Xã Hồng Phong',209);
INSERT INTO vsb_all_provinces VALUE (20,'Thành phố Hải Phòng');
INSERT INTO vsb_all_districts VALUE (210,'Quận Hồng Bàng',20);
INSERT INTO vsb_all_wards VALUE (3580,'Phường Quán Toan',210);
INSERT INTO vsb_all_wards VALUE (3581,'Phường Hùng Vương',210);
INSERT INTO vsb_all_wards VALUE (3582,'Phường Sở Dầu',210);
INSERT INTO vsb_all_wards VALUE (3583,'Phường Thượng Lý',210);
INSERT INTO vsb_all_wards VALUE (3584,'Phường Hạ Lý',210);
INSERT INTO vsb_all_wards VALUE (3585,'Phường Minh Khai',210);
INSERT INTO vsb_all_wards VALUE (3586,'Phường Trại Chuối',210);
INSERT INTO vsb_all_wards VALUE (3587,'Phường Hoàng Văn Thụ',210);
INSERT INTO vsb_all_wards VALUE (3588,'Phường Phan Bội Châu',210);
INSERT INTO vsb_all_districts VALUE (211,'Quận Ngô Quyền',20);
INSERT INTO vsb_all_wards VALUE (3589,'Phường Máy Chai',211);
INSERT INTO vsb_all_wards VALUE (3590,'Phường Máy Tơ',211);
INSERT INTO vsb_all_wards VALUE (3591,'Phường Vạn Mỹ',211);
INSERT INTO vsb_all_wards VALUE (3592,'Phường Cầu Tre',211);
INSERT INTO vsb_all_wards VALUE (3593,'Phường Lạc Viên',211);
INSERT INTO vsb_all_wards VALUE (3594,'Phường Cầu Đất',211);
INSERT INTO vsb_all_wards VALUE (3595,'Phường Gia Viên',211);
INSERT INTO vsb_all_wards VALUE (3596,'Phường Đông Khê',211);
INSERT INTO vsb_all_wards VALUE (3597,'Phường Lê Lợi',211);
INSERT INTO vsb_all_wards VALUE (3598,'Phường Đằng Giang',211);
INSERT INTO vsb_all_wards VALUE (3599,'Phường Lạch Tray',211);
INSERT INTO vsb_all_wards VALUE (3600,'Phường Đổng Quốc Bình',211);
INSERT INTO vsb_all_districts VALUE (212,'Quận Lê Chân',20);
INSERT INTO vsb_all_wards VALUE (3601,'Phường Cát Dài',212);
INSERT INTO vsb_all_wards VALUE (3602,'Phường An Biên',212);
INSERT INTO vsb_all_wards VALUE (3603,'Phường Lam Sơn',212);
INSERT INTO vsb_all_wards VALUE (3604,'Phường An Dương',212);
INSERT INTO vsb_all_wards VALUE (3605,'Phường Trần Nguyên Hãn',212);
INSERT INTO vsb_all_wards VALUE (3606,'Phường Hồ Nam',212);
INSERT INTO vsb_all_wards VALUE (3607,'Phường Trại Cau',212);
INSERT INTO vsb_all_wards VALUE (3608,'Phường Dư Hàng',212);
INSERT INTO vsb_all_wards VALUE (3609,'Phường Hàng Kênh',212);
INSERT INTO vsb_all_wards VALUE (3610,'Phường Đông Hải',212);
INSERT INTO vsb_all_wards VALUE (3611,'Phường Niệm Nghĩa',212);
INSERT INTO vsb_all_wards VALUE (3612,'Phường Nghĩa Xá',212);
INSERT INTO vsb_all_wards VALUE (3613,'Phường Dư Hàng Kênh',212);
INSERT INTO vsb_all_wards VALUE (3614,'Phường Kênh Dương',212);
INSERT INTO vsb_all_wards VALUE (3615,'Phường Vĩnh Niệm',212);
INSERT INTO vsb_all_districts VALUE (213,'Quận Hải An',20);
INSERT INTO vsb_all_wards VALUE (3616,'Phường Đông Hải 1',213);
INSERT INTO vsb_all_wards VALUE (3617,'Phường Đông Hải 2',213);
INSERT INTO vsb_all_wards VALUE (3618,'Phường Đằng Lâm',213);
INSERT INTO vsb_all_wards VALUE (3619,'Phường Thành Tô',213);
INSERT INTO vsb_all_wards VALUE (3620,'Phường Đằng Hải',213);
INSERT INTO vsb_all_wards VALUE (3621,'Phường Nam Hải',213);
INSERT INTO vsb_all_wards VALUE (3622,'Phường Cát Bi',213);
INSERT INTO vsb_all_wards VALUE (3623,'Phường Tràng Cát',213);
INSERT INTO vsb_all_districts VALUE (214,'Quận Kiến An',20);
INSERT INTO vsb_all_wards VALUE (3624,'Phường Quán Trữ',214);
INSERT INTO vsb_all_wards VALUE (3625,'Phường Lãm Hà',214);
INSERT INTO vsb_all_wards VALUE (3626,'Phường Đồng Hoà',214);
INSERT INTO vsb_all_wards VALUE (3627,'Phường Bắc Sơn',214);
INSERT INTO vsb_all_wards VALUE (3628,'Phường Nam Sơn',214);
INSERT INTO vsb_all_wards VALUE (3629,'Phường Ngọc Sơn',214);
INSERT INTO vsb_all_wards VALUE (3630,'Phường Trần Thành Ngọ',214);
INSERT INTO vsb_all_wards VALUE (3631,'Phường Văn Đẩu',214);
INSERT INTO vsb_all_wards VALUE (3632,'Phường Phù Liễn',214);
INSERT INTO vsb_all_wards VALUE (3633,'Phường Tràng Minh',214);
INSERT INTO vsb_all_districts VALUE (215,'Quận Đồ Sơn',20);
INSERT INTO vsb_all_wards VALUE (3634,'Phường Ngọc Xuyên',215);
INSERT INTO vsb_all_wards VALUE (3635,'Phường Hải Sơn',215);
INSERT INTO vsb_all_wards VALUE (3636,'Phường Vạn Hương',215);
INSERT INTO vsb_all_wards VALUE (3637,'Phường Minh Đức',215);
INSERT INTO vsb_all_wards VALUE (3638,'Phường Bàng La',215);
INSERT INTO vsb_all_wards VALUE (3639,'Phường Hợp Đức',215);
INSERT INTO vsb_all_districts VALUE (216,'Quận Dương Kinh',20);
INSERT INTO vsb_all_wards VALUE (3640,'Phường Đa Phúc',216);
INSERT INTO vsb_all_wards VALUE (3641,'Phường Hưng Đạo',216);
INSERT INTO vsb_all_wards VALUE (3642,'Phường Anh Dũng',216);
INSERT INTO vsb_all_wards VALUE (3643,'Phường Hải Thành',216);
INSERT INTO vsb_all_wards VALUE (3644,'Phường Hoà Nghĩa',216);
INSERT INTO vsb_all_wards VALUE (3645,'Phường Tân Thành',216);
INSERT INTO vsb_all_districts VALUE (217,'Huyện Thuỷ Nguyên',20);
INSERT INTO vsb_all_wards VALUE (3646,'Thị trấn Núi Đèo',217);
INSERT INTO vsb_all_wards VALUE (3647,'Thị trấn Minh Đức',217);
INSERT INTO vsb_all_wards VALUE (3648,'Xã Lại Xuân',217);
INSERT INTO vsb_all_wards VALUE (3649,'Xã An Sơn',217);
INSERT INTO vsb_all_wards VALUE (3650,'Xã Kỳ Sơn',217);
INSERT INTO vsb_all_wards VALUE (3651,'Xã Liên Khê',217);
INSERT INTO vsb_all_wards VALUE (3652,'Xã Lưu Kiếm',217);
INSERT INTO vsb_all_wards VALUE (3653,'Xã Lưu Kỳ',217);
INSERT INTO vsb_all_wards VALUE (3654,'Xã Gia Minh',217);
INSERT INTO vsb_all_wards VALUE (3655,'Xã Gia Đức',217);
INSERT INTO vsb_all_wards VALUE (3656,'Xã Minh Tân',217);
INSERT INTO vsb_all_wards VALUE (3657,'Xã Phù Ninh',217);
INSERT INTO vsb_all_wards VALUE (3658,'Xã Quảng Thanh',217);
INSERT INTO vsb_all_wards VALUE (3659,'Xã Chính Mỹ',217);
INSERT INTO vsb_all_wards VALUE (3660,'Xã Kênh Giang',217);
INSERT INTO vsb_all_wards VALUE (3661,'Xã Hợp Thành',217);
INSERT INTO vsb_all_wards VALUE (3662,'Xã Cao Nhân',217);
INSERT INTO vsb_all_wards VALUE (3663,'Xã Mỹ Đồng',217);
INSERT INTO vsb_all_wards VALUE (3664,'Xã Đông Sơn',217);
INSERT INTO vsb_all_wards VALUE (3665,'Xã Hoà Bình',217);
INSERT INTO vsb_all_wards VALUE (3666,'Xã Trung Hà',217);
INSERT INTO vsb_all_wards VALUE (3667,'Xã An Lư',217);
INSERT INTO vsb_all_wards VALUE (3668,'Xã Thuỷ Triều',217);
INSERT INTO vsb_all_wards VALUE (3669,'Xã Ngũ Lão',217);
INSERT INTO vsb_all_wards VALUE (3670,'Xã Phục Lễ',217);
INSERT INTO vsb_all_wards VALUE (3671,'Xã Tam Hưng',217);
INSERT INTO vsb_all_wards VALUE (3672,'Xã Phả Lễ',217);
INSERT INTO vsb_all_wards VALUE (3673,'Xã Lập Lễ',217);
INSERT INTO vsb_all_wards VALUE (3674,'Xã Kiền Bái',217);
INSERT INTO vsb_all_wards VALUE (3675,'Xã Thiên Hương',217);
INSERT INTO vsb_all_wards VALUE (3676,'Xã Thuỷ Sơn',217);
INSERT INTO vsb_all_wards VALUE (3677,'Xã Thuỷ Đường',217);
INSERT INTO vsb_all_wards VALUE (3678,'Xã Hoàng Động',217);
INSERT INTO vsb_all_wards VALUE (3679,'Xã Lâm Động',217);
INSERT INTO vsb_all_wards VALUE (3680,'Xã Hoa Động',217);
INSERT INTO vsb_all_wards VALUE (3681,'Xã Tân Dương',217);
INSERT INTO vsb_all_wards VALUE (3682,'Xã Dương Quan',217);
INSERT INTO vsb_all_districts VALUE (218,'Huyện An Dương',20);
INSERT INTO vsb_all_wards VALUE (3683,'Thị trấn An Dương',218);
INSERT INTO vsb_all_wards VALUE (3684,'Xã Lê Thiện',218);
INSERT INTO vsb_all_wards VALUE (3685,'Xã Đại Bản',218);
INSERT INTO vsb_all_wards VALUE (3686,'Xã An Hoà',218);
INSERT INTO vsb_all_wards VALUE (3687,'Xã Hồng Phong',218);
INSERT INTO vsb_all_wards VALUE (3688,'Xã Tân Tiến',218);
INSERT INTO vsb_all_wards VALUE (3689,'Xã An Hưng',218);
INSERT INTO vsb_all_wards VALUE (3690,'Xã An Hồng',218);
INSERT INTO vsb_all_wards VALUE (3691,'Xã Bắc Sơn',218);
INSERT INTO vsb_all_wards VALUE (3692,'Xã Nam Sơn',218);
INSERT INTO vsb_all_wards VALUE (3693,'Xã Lê Lợi',218);
INSERT INTO vsb_all_wards VALUE (3694,'Xã Đặng Cương',218);
INSERT INTO vsb_all_wards VALUE (3695,'Xã Đồng Thái',218);
INSERT INTO vsb_all_wards VALUE (3696,'Xã Quốc Tuấn',218);
INSERT INTO vsb_all_wards VALUE (3697,'Xã An Đồng',218);
INSERT INTO vsb_all_wards VALUE (3698,'Xã Hồng Thái',218);
INSERT INTO vsb_all_districts VALUE (219,'Huyện An Lão',20);
INSERT INTO vsb_all_wards VALUE (3699,'Thị trấn An Lão',219);
INSERT INTO vsb_all_wards VALUE (3700,'Xã Bát Trang',219);
INSERT INTO vsb_all_wards VALUE (3701,'Xã Trường Thọ',219);
INSERT INTO vsb_all_wards VALUE (3702,'Xã Trường Thành',219);
INSERT INTO vsb_all_wards VALUE (3703,'Xã An Tiến',219);
INSERT INTO vsb_all_wards VALUE (3704,'Xã Quang Hưng',219);
INSERT INTO vsb_all_wards VALUE (3705,'Xã Quang Trung',219);
INSERT INTO vsb_all_wards VALUE (3706,'Xã Quốc Tuấn',219);
INSERT INTO vsb_all_wards VALUE (3707,'Xã An Thắng',219);
INSERT INTO vsb_all_wards VALUE (3708,'Thị trấn Trường Sơn',219);
INSERT INTO vsb_all_wards VALUE (3709,'Xã Tân Dân',219);
INSERT INTO vsb_all_wards VALUE (3710,'Xã Thái Sơn',219);
INSERT INTO vsb_all_wards VALUE (3711,'Xã Tân Viên',219);
INSERT INTO vsb_all_wards VALUE (3712,'Xã Mỹ Đức',219);
INSERT INTO vsb_all_wards VALUE (3713,'Xã Chiến Thắng',219);
INSERT INTO vsb_all_wards VALUE (3714,'Xã An Thọ',219);
INSERT INTO vsb_all_wards VALUE (3715,'Xã An Thái',219);
INSERT INTO vsb_all_districts VALUE (220,'Huyện Kiến Thuỵ',20);
INSERT INTO vsb_all_wards VALUE (3716,'Thị trấn Núi Đối',220);
INSERT INTO vsb_all_wards VALUE (3717,'Xã Đông Phương',220);
INSERT INTO vsb_all_wards VALUE (3718,'Xã Thuận Thiên',220);
INSERT INTO vsb_all_wards VALUE (3719,'Xã Hữu Bằng',220);
INSERT INTO vsb_all_wards VALUE (3720,'Xã Đại Đồng',220);
INSERT INTO vsb_all_wards VALUE (3721,'Xã Ngũ Phúc',220);
INSERT INTO vsb_all_wards VALUE (3722,'Xã Kiến Quốc',220);
INSERT INTO vsb_all_wards VALUE (3723,'Xã Du Lễ',220);
INSERT INTO vsb_all_wards VALUE (3724,'Xã Thuỵ Hương',220);
INSERT INTO vsb_all_wards VALUE (3725,'Xã Thanh Sơn',220);
INSERT INTO vsb_all_wards VALUE (3726,'Xã Minh Tân',220);
INSERT INTO vsb_all_wards VALUE (3727,'Xã Đại Hà',220);
INSERT INTO vsb_all_wards VALUE (3728,'Xã Ngũ Đoan',220);
INSERT INTO vsb_all_wards VALUE (3729,'Xã Tân Phong',220);
INSERT INTO vsb_all_wards VALUE (3730,'Xã Tân Trào',220);
INSERT INTO vsb_all_wards VALUE (3731,'Xã Đoàn Xá',220);
INSERT INTO vsb_all_wards VALUE (3732,'Xã Tú Sơn',220);
INSERT INTO vsb_all_wards VALUE (3733,'Xã Đại Hợp',220);
INSERT INTO vsb_all_districts VALUE (221,'Huyện Tiên Lãng',20);
INSERT INTO vsb_all_wards VALUE (3734,'Thị trấn Tiên Lãng',221);
INSERT INTO vsb_all_wards VALUE (3735,'Xã Đại Thắng',221);
INSERT INTO vsb_all_wards VALUE (3736,'Xã Tiên Cường',221);
INSERT INTO vsb_all_wards VALUE (3737,'Xã Tự Cường',221);
INSERT INTO vsb_all_wards VALUE (3738,'Xã Quyết Tiến',221);
INSERT INTO vsb_all_wards VALUE (3739,'Xã Khởi Nghĩa',221);
INSERT INTO vsb_all_wards VALUE (3740,'Xã Tiên Thanh',221);
INSERT INTO vsb_all_wards VALUE (3741,'Xã Cấp Tiến',221);
INSERT INTO vsb_all_wards VALUE (3742,'Xã Kiến Thiết',221);
INSERT INTO vsb_all_wards VALUE (3743,'Xã Đoàn Lập',221);
INSERT INTO vsb_all_wards VALUE (3744,'Xã Bạch Đằng',221);
INSERT INTO vsb_all_wards VALUE (3745,'Xã Quang Phục',221);
INSERT INTO vsb_all_wards VALUE (3746,'Xã Toàn Thắng',221);
INSERT INTO vsb_all_wards VALUE (3747,'Xã Tiên Thắng',221);
INSERT INTO vsb_all_wards VALUE (3748,'Xã Tiên Minh',221);
INSERT INTO vsb_all_wards VALUE (3749,'Xã Bắc Hưng',221);
INSERT INTO vsb_all_wards VALUE (3750,'Xã Nam Hưng',221);
INSERT INTO vsb_all_wards VALUE (3751,'Xã Hùng Thắng',221);
INSERT INTO vsb_all_wards VALUE (3752,'Xã Tây Hưng',221);
INSERT INTO vsb_all_wards VALUE (3753,'Xã Đông Hưng',221);
INSERT INTO vsb_all_wards VALUE (3754,'Xã Vinh Quang',221);
INSERT INTO vsb_all_districts VALUE (222,'Huyện Vĩnh Bảo',20);
INSERT INTO vsb_all_wards VALUE (3755,'Thị trấn Vĩnh Bảo',222);
INSERT INTO vsb_all_wards VALUE (3756,'Xã Dũng Tiến',222);
INSERT INTO vsb_all_wards VALUE (3757,'Xã Giang Biên',222);
INSERT INTO vsb_all_wards VALUE (3758,'Xã Thắng Thuỷ',222);
INSERT INTO vsb_all_wards VALUE (3759,'Xã Trung Lập',222);
INSERT INTO vsb_all_wards VALUE (3760,'Xã Việt Tiến',222);
INSERT INTO vsb_all_wards VALUE (3761,'Xã Vĩnh An',222);
INSERT INTO vsb_all_wards VALUE (3762,'Xã Vĩnh Long',222);
INSERT INTO vsb_all_wards VALUE (3763,'Xã Hiệp Hoà',222);
INSERT INTO vsb_all_wards VALUE (3764,'Xã Hùng Tiến',222);
INSERT INTO vsb_all_wards VALUE (3765,'Xã An Hoà',222);
INSERT INTO vsb_all_wards VALUE (3766,'Xã Tân Hưng',222);
INSERT INTO vsb_all_wards VALUE (3767,'Xã Tân Liên',222);
INSERT INTO vsb_all_wards VALUE (3768,'Xã Nhân Hoà',222);
INSERT INTO vsb_all_wards VALUE (3769,'Xã Tam Đa',222);
INSERT INTO vsb_all_wards VALUE (3770,'Xã Hưng Nhân',222);
INSERT INTO vsb_all_wards VALUE (3771,'Xã Vinh Quang',222);
INSERT INTO vsb_all_wards VALUE (3772,'Xã Đồng Minh',222);
INSERT INTO vsb_all_wards VALUE (3773,'Xã Thanh Lương',222);
INSERT INTO vsb_all_wards VALUE (3774,'Xã Liên Am',222);
INSERT INTO vsb_all_wards VALUE (3775,'Xã Lý Học',222);
INSERT INTO vsb_all_wards VALUE (3776,'Xã Tam Cường',222);
INSERT INTO vsb_all_wards VALUE (3777,'Xã Hoà Bình',222);
INSERT INTO vsb_all_wards VALUE (3778,'Xã Tiền Phong',222);
INSERT INTO vsb_all_wards VALUE (3779,'Xã Vĩnh Phong',222);
INSERT INTO vsb_all_wards VALUE (3780,'Xã Cộng Hiền',222);
INSERT INTO vsb_all_wards VALUE (3781,'Xã Cao Minh',222);
INSERT INTO vsb_all_wards VALUE (3782,'Xã Cổ Am',222);
INSERT INTO vsb_all_wards VALUE (3783,'Xã Vĩnh Tiến',222);
INSERT INTO vsb_all_wards VALUE (3784,'Xã Trấn Dương',222);
INSERT INTO vsb_all_districts VALUE (223,'Huyện Cát Hải',20);
INSERT INTO vsb_all_wards VALUE (3785,'Thị trấn Cát Bà',223);
INSERT INTO vsb_all_wards VALUE (3786,'Thị trấn Cát Hải',223);
INSERT INTO vsb_all_wards VALUE (3787,'Xã Nghĩa Lộ',223);
INSERT INTO vsb_all_wards VALUE (3788,'Xã Đồng Bài',223);
INSERT INTO vsb_all_wards VALUE (3789,'Xã Hoàng Châu',223);
INSERT INTO vsb_all_wards VALUE (3790,'Xã Văn Phong',223);
INSERT INTO vsb_all_wards VALUE (3791,'Xã Phù Long',223);
INSERT INTO vsb_all_wards VALUE (3792,'Xã Gia Luận',223);
INSERT INTO vsb_all_wards VALUE (3793,'Xã Hiền Hào',223);
INSERT INTO vsb_all_wards VALUE (3794,'Xã Trân Châu',223);
INSERT INTO vsb_all_wards VALUE (3795,'Xã Việt Hải',223);
INSERT INTO vsb_all_wards VALUE (3796,'Xã Xuân Đám',223);
INSERT INTO vsb_all_districts VALUE (224,'Huyện Bạch Long Vĩ',20);
INSERT INTO vsb_all_provinces VALUE (21,'Tỉnh Hưng Yên');
INSERT INTO vsb_all_districts VALUE (225,'Thành phố Hưng Yên',21);
INSERT INTO vsb_all_wards VALUE (3797,'Phường Lam Sơn',225);
INSERT INTO vsb_all_wards VALUE (3798,'Phường Hiến Nam',225);
INSERT INTO vsb_all_wards VALUE (3799,'Phường An Tảo',225);
INSERT INTO vsb_all_wards VALUE (3800,'Phường Lê Lợi',225);
INSERT INTO vsb_all_wards VALUE (3801,'Phường Minh Khai',225);
INSERT INTO vsb_all_wards VALUE (3802,'Phường Quang Trung',225);
INSERT INTO vsb_all_wards VALUE (3803,'Phường Hồng Châu',225);
INSERT INTO vsb_all_wards VALUE (3804,'Xã Trung Nghĩa',225);
INSERT INTO vsb_all_wards VALUE (3805,'Xã Liên Phương',225);
INSERT INTO vsb_all_wards VALUE (3806,'Xã Hồng Nam',225);
INSERT INTO vsb_all_wards VALUE (3807,'Xã Quảng Châu',225);
INSERT INTO vsb_all_wards VALUE (3808,'Xã Bảo Khê',225);
INSERT INTO vsb_all_wards VALUE (3809,'Xã Phú Cường',225);
INSERT INTO vsb_all_wards VALUE (3810,'Xã Hùng Cường',225);
INSERT INTO vsb_all_wards VALUE (3811,'Xã Phương Chiểu',225);
INSERT INTO vsb_all_wards VALUE (3812,'Xã Tân Hưng',225);
INSERT INTO vsb_all_wards VALUE (3813,'Xã Hoàng Hanh',225);
INSERT INTO vsb_all_districts VALUE (226,'Huyện Văn Lâm',21);
INSERT INTO vsb_all_wards VALUE (3814,'Thị trấn Như Quỳnh',226);
INSERT INTO vsb_all_wards VALUE (3815,'Xã Lạc Đạo',226);
INSERT INTO vsb_all_wards VALUE (3816,'Xã Chỉ Đạo',226);
INSERT INTO vsb_all_wards VALUE (3817,'Xã Đại Đồng',226);
INSERT INTO vsb_all_wards VALUE (3818,'Xã Việt Hưng',226);
INSERT INTO vsb_all_wards VALUE (3819,'Xã Tân Quang',226);
INSERT INTO vsb_all_wards VALUE (3820,'Xã Đình Dù',226);
INSERT INTO vsb_all_wards VALUE (3821,'Xã Minh Hải',226);
INSERT INTO vsb_all_wards VALUE (3822,'Xã Lương Tài',226);
INSERT INTO vsb_all_wards VALUE (3823,'Xã Trưng Trắc',226);
INSERT INTO vsb_all_wards VALUE (3824,'Xã Lạc Hồng',226);
INSERT INTO vsb_all_districts VALUE (227,'Huyện Văn Giang',21);
INSERT INTO vsb_all_wards VALUE (3825,'Thị trấn Văn Giang',227);
INSERT INTO vsb_all_wards VALUE (3826,'Xã Xuân Quan',227);
INSERT INTO vsb_all_wards VALUE (3827,'Xã Cửu Cao',227);
INSERT INTO vsb_all_wards VALUE (3828,'Xã Phụng Công',227);
INSERT INTO vsb_all_wards VALUE (3829,'Xã Nghĩa Trụ',227);
INSERT INTO vsb_all_wards VALUE (3830,'Xã Long Hưng',227);
INSERT INTO vsb_all_wards VALUE (3831,'Xã Vĩnh Khúc',227);
INSERT INTO vsb_all_wards VALUE (3832,'Xã Liên Nghĩa',227);
INSERT INTO vsb_all_wards VALUE (3833,'Xã Tân Tiến',227);
INSERT INTO vsb_all_wards VALUE (3834,'Xã Thắng Lợi',227);
INSERT INTO vsb_all_wards VALUE (3835,'Xã Mễ Sở',227);
INSERT INTO vsb_all_districts VALUE (228,'Huyện Yên Mỹ',21);
INSERT INTO vsb_all_wards VALUE (3836,'Thị trấn Yên Mỹ',228);
INSERT INTO vsb_all_wards VALUE (3837,'Xã Giai Phạm',228);
INSERT INTO vsb_all_wards VALUE (3838,'Xã Nghĩa Hiệp',228);
INSERT INTO vsb_all_wards VALUE (3839,'Xã Đồng Than',228);
INSERT INTO vsb_all_wards VALUE (3840,'Xã Ngọc Long',228);
INSERT INTO vsb_all_wards VALUE (3841,'Xã Liêu Xá',228);
INSERT INTO vsb_all_wards VALUE (3842,'Xã Hoàn Long',228);
INSERT INTO vsb_all_wards VALUE (3843,'Xã Tân Lập',228);
INSERT INTO vsb_all_wards VALUE (3844,'Xã Thanh Long',228);
INSERT INTO vsb_all_wards VALUE (3845,'Xã Yên Phú',228);
INSERT INTO vsb_all_wards VALUE (3846,'Xã Việt Cường',228);
INSERT INTO vsb_all_wards VALUE (3847,'Xã Trung Hòa',228);
INSERT INTO vsb_all_wards VALUE (3848,'Xã Yên Hòa',228);
INSERT INTO vsb_all_wards VALUE (3849,'Xã Minh Châu',228);
INSERT INTO vsb_all_wards VALUE (3850,'Xã Trung Hưng',228);
INSERT INTO vsb_all_wards VALUE (3851,'Xã Lý Thường Kiệt',228);
INSERT INTO vsb_all_wards VALUE (3852,'Xã Tân Việt',228);
INSERT INTO vsb_all_districts VALUE (229,'Thị xã Mỹ Hào',21);
INSERT INTO vsb_all_wards VALUE (3853,'Phường Bần Yên Nhân',229);
INSERT INTO vsb_all_wards VALUE (3854,'Phường Phan Đình Phùng',229);
INSERT INTO vsb_all_wards VALUE (3855,'Xã Cẩm Xá',229);
INSERT INTO vsb_all_wards VALUE (3856,'Xã Dương Quang',229);
INSERT INTO vsb_all_wards VALUE (3857,'Xã Hòa Phong',229);
INSERT INTO vsb_all_wards VALUE (3858,'Phường Nhân Hòa',229);
INSERT INTO vsb_all_wards VALUE (3859,'Phường Dị Sử',229);
INSERT INTO vsb_all_wards VALUE (3860,'Phường Bạch Sam',229);
INSERT INTO vsb_all_wards VALUE (3861,'Phường Minh Đức',229);
INSERT INTO vsb_all_wards VALUE (3862,'Phường Phùng Chí Kiên',229);
INSERT INTO vsb_all_wards VALUE (3863,'Xã Xuân Dục',229);
INSERT INTO vsb_all_wards VALUE (3864,'Xã Ngọc Lâm',229);
INSERT INTO vsb_all_wards VALUE (3865,'Xã Hưng Long',229);
INSERT INTO vsb_all_districts VALUE (230,'Huyện Ân Thi',21);
INSERT INTO vsb_all_wards VALUE (3866,'Thị trấn Ân Thi',230);
INSERT INTO vsb_all_wards VALUE (3867,'Xã Phù Ủng',230);
INSERT INTO vsb_all_wards VALUE (3868,'Xã Bắc Sơn',230);
INSERT INTO vsb_all_wards VALUE (3869,'Xã Bãi Sậy',230);
INSERT INTO vsb_all_wards VALUE (3870,'Xã Đào Dương',230);
INSERT INTO vsb_all_wards VALUE (3871,'Xã Tân Phúc',230);
INSERT INTO vsb_all_wards VALUE (3872,'Xã Vân Du',230);
INSERT INTO vsb_all_wards VALUE (3873,'Xã Quang Vinh',230);
INSERT INTO vsb_all_wards VALUE (3874,'Xã Xuân Trúc',230);
INSERT INTO vsb_all_wards VALUE (3875,'Xã Hoàng Hoa Thám',230);
INSERT INTO vsb_all_wards VALUE (3876,'Xã Quảng Lãng',230);
INSERT INTO vsb_all_wards VALUE (3877,'Xã Văn Nhuệ',230);
INSERT INTO vsb_all_wards VALUE (3878,'Xã Đặng Lễ',230);
INSERT INTO vsb_all_wards VALUE (3879,'Xã Cẩm Ninh',230);
INSERT INTO vsb_all_wards VALUE (3880,'Xã Nguyễn Trãi',230);
INSERT INTO vsb_all_wards VALUE (3881,'Xã Đa Lộc',230);
INSERT INTO vsb_all_wards VALUE (3882,'Xã Hồ Tùng Mậu',230);
INSERT INTO vsb_all_wards VALUE (3883,'Xã Tiền Phong',230);
INSERT INTO vsb_all_wards VALUE (3884,'Xã Hồng Vân',230);
INSERT INTO vsb_all_wards VALUE (3885,'Xã Hồng Quang',230);
INSERT INTO vsb_all_wards VALUE (3886,'Xã Hạ Lễ',230);
INSERT INTO vsb_all_districts VALUE (231,'Huyện Khoái Châu',21);
INSERT INTO vsb_all_wards VALUE (3887,'Thị trấn Khoái Châu',231);
INSERT INTO vsb_all_wards VALUE (3888,'Xã Đông Tảo',231);
INSERT INTO vsb_all_wards VALUE (3889,'Xã Bình Minh',231);
INSERT INTO vsb_all_wards VALUE (3890,'Xã Dạ Trạch',231);
INSERT INTO vsb_all_wards VALUE (3891,'Xã Hàm Tử',231);
INSERT INTO vsb_all_wards VALUE (3892,'Xã Ông Đình',231);
INSERT INTO vsb_all_wards VALUE (3893,'Xã Tân Dân',231);
INSERT INTO vsb_all_wards VALUE (3894,'Xã Tứ Dân',231);
INSERT INTO vsb_all_wards VALUE (3895,'Xã An Vĩ',231);
INSERT INTO vsb_all_wards VALUE (3896,'Xã Đông Kết',231);
INSERT INTO vsb_all_wards VALUE (3897,'Xã Bình Kiều',231);
INSERT INTO vsb_all_wards VALUE (3898,'Xã Dân Tiến',231);
INSERT INTO vsb_all_wards VALUE (3899,'Xã Đồng Tiến',231);
INSERT INTO vsb_all_wards VALUE (3900,'Xã Hồng Tiến',231);
INSERT INTO vsb_all_wards VALUE (3901,'Xã Tân Châu',231);
INSERT INTO vsb_all_wards VALUE (3902,'Xã Liên Khê',231);
INSERT INTO vsb_all_wards VALUE (3903,'Xã Phùng Hưng',231);
INSERT INTO vsb_all_wards VALUE (3904,'Xã Việt Hòa',231);
INSERT INTO vsb_all_wards VALUE (3905,'Xã Đông Ninh',231);
INSERT INTO vsb_all_wards VALUE (3906,'Xã Đại Tập',231);
INSERT INTO vsb_all_wards VALUE (3907,'Xã Chí Tân',231);
INSERT INTO vsb_all_wards VALUE (3908,'Xã Đại Hưng',231);
INSERT INTO vsb_all_wards VALUE (3909,'Xã Thuần Hưng',231);
INSERT INTO vsb_all_wards VALUE (3910,'Xã Thành Công',231);
INSERT INTO vsb_all_wards VALUE (3911,'Xã Nhuế Dương',231);
INSERT INTO vsb_all_districts VALUE (232,'Huyện Kim Động',21);
INSERT INTO vsb_all_wards VALUE (3912,'Thị trấn Lương Bằng',232);
INSERT INTO vsb_all_wards VALUE (3913,'Xã Nghĩa Dân',232);
INSERT INTO vsb_all_wards VALUE (3914,'Xã Toàn Thắng',232);
INSERT INTO vsb_all_wards VALUE (3915,'Xã Vĩnh Xá',232);
INSERT INTO vsb_all_wards VALUE (3916,'Xã Phạm Ngũ Lão',232);
INSERT INTO vsb_all_wards VALUE (3917,'Xã Thọ Vinh',232);
INSERT INTO vsb_all_wards VALUE (3918,'Xã Đồng Thanh',232);
INSERT INTO vsb_all_wards VALUE (3919,'Xã Song Mai',232);
INSERT INTO vsb_all_wards VALUE (3920,'Xã Chính Nghĩa',232);
INSERT INTO vsb_all_wards VALUE (3921,'Xã Nhân La',232);
INSERT INTO vsb_all_wards VALUE (3922,'Xã Phú Thịnh',232);
INSERT INTO vsb_all_wards VALUE (3923,'Xã Mai Động',232);
INSERT INTO vsb_all_wards VALUE (3924,'Xã Đức Hợp',232);
INSERT INTO vsb_all_wards VALUE (3925,'Xã Hùng An',232);
INSERT INTO vsb_all_wards VALUE (3926,'Xã Ngọc Thanh',232);
INSERT INTO vsb_all_wards VALUE (3927,'Xã Vũ Xá',232);
INSERT INTO vsb_all_wards VALUE (3928,'Xã Hiệp Cường',232);
INSERT INTO vsb_all_districts VALUE (233,'Huyện Tiên Lữ',21);
INSERT INTO vsb_all_wards VALUE (3929,'Thị trấn Vương',233);
INSERT INTO vsb_all_wards VALUE (3930,'Xã Hưng Đạo',233);
INSERT INTO vsb_all_wards VALUE (3931,'Xã Ngô Quyền',233);
INSERT INTO vsb_all_wards VALUE (3932,'Xã Nhật Tân',233);
INSERT INTO vsb_all_wards VALUE (3933,'Xã Dị Chế',233);
INSERT INTO vsb_all_wards VALUE (3934,'Xã Lệ Xá',233);
INSERT INTO vsb_all_wards VALUE (3935,'Xã An Viên',233);
INSERT INTO vsb_all_wards VALUE (3936,'Xã Đức Thắng',233);
INSERT INTO vsb_all_wards VALUE (3937,'Xã Trung Dũng',233);
INSERT INTO vsb_all_wards VALUE (3938,'Xã Hải Triều',233);
INSERT INTO vsb_all_wards VALUE (3939,'Xã Thủ Sỹ',233);
INSERT INTO vsb_all_wards VALUE (3940,'Xã Thiện Phiến',233);
INSERT INTO vsb_all_wards VALUE (3941,'Xã Thụy Lôi',233);
INSERT INTO vsb_all_wards VALUE (3942,'Xã Cương Chính',233);
INSERT INTO vsb_all_wards VALUE (3943,'Xã Minh Phượng',233);
INSERT INTO vsb_all_districts VALUE (234,'Huyện Phù Cừ',21);
INSERT INTO vsb_all_wards VALUE (3944,'Thị trấn Trần Cao',234);
INSERT INTO vsb_all_wards VALUE (3945,'Xã Minh Tân',234);
INSERT INTO vsb_all_wards VALUE (3946,'Xã Phan Sào Nam',234);
INSERT INTO vsb_all_wards VALUE (3947,'Xã Quang Hưng',234);
INSERT INTO vsb_all_wards VALUE (3948,'Xã Minh Hoàng',234);
INSERT INTO vsb_all_wards VALUE (3949,'Xã Đoàn Đào',234);
INSERT INTO vsb_all_wards VALUE (3950,'Xã Tống Phan',234);
INSERT INTO vsb_all_wards VALUE (3951,'Xã Đình Cao',234);
INSERT INTO vsb_all_wards VALUE (3952,'Xã Nhật Quang',234);
INSERT INTO vsb_all_wards VALUE (3953,'Xã Tiền Tiến',234);
INSERT INTO vsb_all_wards VALUE (3954,'Xã Tam Đa',234);
INSERT INTO vsb_all_wards VALUE (3955,'Xã Minh Tiến',234);
INSERT INTO vsb_all_wards VALUE (3956,'Xã Nguyên Hòa',234);
INSERT INTO vsb_all_wards VALUE (3957,'Xã Tống Trân',234);
INSERT INTO vsb_all_provinces VALUE (22,'Tỉnh Thái Bình');
INSERT INTO vsb_all_districts VALUE (235,'Thành phố Thái Bình',22);
INSERT INTO vsb_all_wards VALUE (3958,'Phường Lê Hồng Phong',235);
INSERT INTO vsb_all_wards VALUE (3959,'Phường Bồ Xuyên',235);
INSERT INTO vsb_all_wards VALUE (3960,'Phường Đề Thám',235);
INSERT INTO vsb_all_wards VALUE (3961,'Phường Kỳ Bá',235);
INSERT INTO vsb_all_wards VALUE (3962,'Phường Quang Trung',235);
INSERT INTO vsb_all_wards VALUE (3963,'Phường Phú Khánh',235);
INSERT INTO vsb_all_wards VALUE (3964,'Phường Tiền Phong',235);
INSERT INTO vsb_all_wards VALUE (3965,'Phường Trần Hưng Đạo',235);
INSERT INTO vsb_all_wards VALUE (3966,'Phường Trần Lãm',235);
INSERT INTO vsb_all_wards VALUE (3967,'Xã Đông Hòa',235);
INSERT INTO vsb_all_wards VALUE (3968,'Phường Hoàng Diệu',235);
INSERT INTO vsb_all_wards VALUE (3969,'Xã Phú Xuân',235);
INSERT INTO vsb_all_wards VALUE (3970,'Xã Vũ Phúc',235);
INSERT INTO vsb_all_wards VALUE (3971,'Xã Vũ Chính',235);
INSERT INTO vsb_all_wards VALUE (3972,'Xã Đông Mỹ',235);
INSERT INTO vsb_all_wards VALUE (3973,'Xã Đông Thọ',235);
INSERT INTO vsb_all_wards VALUE (3974,'Xã Vũ Đông',235);
INSERT INTO vsb_all_wards VALUE (3975,'Xã Vũ Lạc',235);
INSERT INTO vsb_all_wards VALUE (3976,'Xã Tân Bình',235);
INSERT INTO vsb_all_districts VALUE (236,'Huyện Quỳnh Phụ',22);
INSERT INTO vsb_all_wards VALUE (3977,'Thị trấn Quỳnh Côi',236);
INSERT INTO vsb_all_wards VALUE (3978,'Xã An Khê',236);
INSERT INTO vsb_all_wards VALUE (3979,'Xã An Đồng',236);
INSERT INTO vsb_all_wards VALUE (3980,'Xã Quỳnh Hoa',236);
INSERT INTO vsb_all_wards VALUE (3981,'Xã Quỳnh Lâm',236);
INSERT INTO vsb_all_wards VALUE (3982,'Xã Quỳnh Thọ',236);
INSERT INTO vsb_all_wards VALUE (3983,'Xã An Hiệp',236);
INSERT INTO vsb_all_wards VALUE (3984,'Xã Quỳnh Hoàng',236);
INSERT INTO vsb_all_wards VALUE (3985,'Xã Quỳnh Giao',236);
INSERT INTO vsb_all_wards VALUE (3986,'Xã An Thái',236);
INSERT INTO vsb_all_wards VALUE (3987,'Xã An Cầu',236);
INSERT INTO vsb_all_wards VALUE (3988,'Xã Quỳnh Hồng',236);
INSERT INTO vsb_all_wards VALUE (3989,'Xã Quỳnh Khê',236);
INSERT INTO vsb_all_wards VALUE (3990,'Xã Quỳnh Minh',236);
INSERT INTO vsb_all_wards VALUE (3991,'Xã An Ninh',236);
INSERT INTO vsb_all_wards VALUE (3992,'Xã Quỳnh Ngọc',236);
INSERT INTO vsb_all_wards VALUE (3993,'Xã Quỳnh Hải',236);
INSERT INTO vsb_all_wards VALUE (3994,'Thị trấn An Bài',236);
INSERT INTO vsb_all_wards VALUE (3995,'Xã An Ấp',236);
INSERT INTO vsb_all_wards VALUE (3996,'Xã Quỳnh Hội',236);
INSERT INTO vsb_all_wards VALUE (3997,'Xã Châu Sơn',236);
INSERT INTO vsb_all_wards VALUE (3998,'Xã Quỳnh Mỹ',236);
INSERT INTO vsb_all_wards VALUE (3999,'Xã An Quí',236);
INSERT INTO vsb_all_wards VALUE (4000,'Xã An Thanh',236);
INSERT INTO vsb_all_wards VALUE (4001,'Xã An Vũ',236);
INSERT INTO vsb_all_wards VALUE (4002,'Xã An Lễ',236);
INSERT INTO vsb_all_wards VALUE (4003,'Xã Quỳnh Hưng',236);
INSERT INTO vsb_all_wards VALUE (4004,'Xã Quỳnh Bảo',236);
INSERT INTO vsb_all_wards VALUE (4005,'Xã An Mỹ',236);
INSERT INTO vsb_all_wards VALUE (4006,'Xã Quỳnh Nguyên',236);
INSERT INTO vsb_all_wards VALUE (4007,'Xã An Vinh',236);
INSERT INTO vsb_all_wards VALUE (4008,'Xã Quỳnh Xá',236);
INSERT INTO vsb_all_wards VALUE (4009,'Xã An Dục',236);
INSERT INTO vsb_all_wards VALUE (4010,'Xã Đông Hải',236);
INSERT INTO vsb_all_wards VALUE (4011,'Xã Quỳnh Trang',236);
INSERT INTO vsb_all_wards VALUE (4012,'Xã An Tràng',236);
INSERT INTO vsb_all_wards VALUE (4013,'Xã Đồng Tiến',236);
INSERT INTO vsb_all_districts VALUE (237,'Huyện Hưng Hà',22);
INSERT INTO vsb_all_wards VALUE (4014,'Thị trấn Hưng Hà',237);
INSERT INTO vsb_all_wards VALUE (4015,'Xã Điệp Nông',237);
INSERT INTO vsb_all_wards VALUE (4016,'Xã Tân Lễ',237);
INSERT INTO vsb_all_wards VALUE (4017,'Xã Cộng Hòa',237);
INSERT INTO vsb_all_wards VALUE (4018,'Xã Dân Chủ',237);
INSERT INTO vsb_all_wards VALUE (4019,'Xã Canh Tân',237);
INSERT INTO vsb_all_wards VALUE (4020,'Xã Hòa Tiến',237);
INSERT INTO vsb_all_wards VALUE (4021,'Xã Hùng Dũng',237);
INSERT INTO vsb_all_wards VALUE (4022,'Xã Tân Tiến',237);
INSERT INTO vsb_all_wards VALUE (4023,'Thị trấn Hưng Nhân',237);
INSERT INTO vsb_all_wards VALUE (4024,'Xã Đoan Hùng',237);
INSERT INTO vsb_all_wards VALUE (4025,'Xã Duyên Hải',237);
INSERT INTO vsb_all_wards VALUE (4026,'Xã Tân Hòa',237);
INSERT INTO vsb_all_wards VALUE (4027,'Xã Văn Cẩm',237);
INSERT INTO vsb_all_wards VALUE (4028,'Xã Bắc Sơn',237);
INSERT INTO vsb_all_wards VALUE (4029,'Xã Đông Đô',237);
INSERT INTO vsb_all_wards VALUE (4030,'Xã Phúc Khánh',237);
INSERT INTO vsb_all_wards VALUE (4031,'Xã Liên Hiệp',237);
INSERT INTO vsb_all_wards VALUE (4032,'Xã Tây Đô',237);
INSERT INTO vsb_all_wards VALUE (4033,'Xã Thống Nhất',237);
INSERT INTO vsb_all_wards VALUE (4034,'Xã Tiến Đức',237);
INSERT INTO vsb_all_wards VALUE (4035,'Xã Thái Hưng',237);
INSERT INTO vsb_all_wards VALUE (4036,'Xã Thái Phương',237);
INSERT INTO vsb_all_wards VALUE (4037,'Xã Hòa Bình',237);
INSERT INTO vsb_all_wards VALUE (4038,'Xã Chi Lăng',237);
INSERT INTO vsb_all_wards VALUE (4039,'Xã Minh Khai',237);
INSERT INTO vsb_all_wards VALUE (4040,'Xã Hồng An',237);
INSERT INTO vsb_all_wards VALUE (4041,'Xã Kim Chung',237);
INSERT INTO vsb_all_wards VALUE (4042,'Xã Hồng Lĩnh',237);
INSERT INTO vsb_all_wards VALUE (4043,'Xã Minh Tân',237);
INSERT INTO vsb_all_wards VALUE (4044,'Xã Văn Lang',237);
INSERT INTO vsb_all_wards VALUE (4045,'Xã Độc Lập',237);
INSERT INTO vsb_all_wards VALUE (4046,'Xã Chí Hòa',237);
INSERT INTO vsb_all_wards VALUE (4047,'Xã Minh Hòa',237);
INSERT INTO vsb_all_wards VALUE (4048,'Xã Hồng Minh',237);
INSERT INTO vsb_all_districts VALUE (238,'Huyện Đông Hưng',22);
INSERT INTO vsb_all_wards VALUE (4049,'Thị trấn Đông Hưng',238);
INSERT INTO vsb_all_wards VALUE (4050,'Xã Đô Lương',238);
INSERT INTO vsb_all_wards VALUE (4051,'Xã Đông Phương',238);
INSERT INTO vsb_all_wards VALUE (4052,'Xã Liên Giang',238);
INSERT INTO vsb_all_wards VALUE (4053,'Xã An Châu',238);
INSERT INTO vsb_all_wards VALUE (4054,'Xã Đông Sơn',238);
INSERT INTO vsb_all_wards VALUE (4055,'Xã Đông Cường',238);
INSERT INTO vsb_all_wards VALUE (4056,'Xã Phú Lương',238);
INSERT INTO vsb_all_wards VALUE (4057,'Xã Mê Linh',238);
INSERT INTO vsb_all_wards VALUE (4058,'Xã Lô Giang',238);
INSERT INTO vsb_all_wards VALUE (4059,'Xã Đông La',238);
INSERT INTO vsb_all_wards VALUE (4060,'Xã Minh Tân',238);
INSERT INTO vsb_all_wards VALUE (4061,'Xã Đông Xá',238);
INSERT INTO vsb_all_wards VALUE (4062,'Xã Chương Dương',238);
INSERT INTO vsb_all_wards VALUE (4063,'Xã Nguyên Xá',238);
INSERT INTO vsb_all_wards VALUE (4064,'Xã Phong Châu',238);
INSERT INTO vsb_all_wards VALUE (4065,'Xã Hợp Tiến',238);
INSERT INTO vsb_all_wards VALUE (4066,'Xã Hồng Việt',238);
INSERT INTO vsb_all_wards VALUE (4067,'Xã Hà Giang',238);
INSERT INTO vsb_all_wards VALUE (4068,'Xã Đông Kinh',238);
INSERT INTO vsb_all_wards VALUE (4069,'Xã Đông Hợp',238);
INSERT INTO vsb_all_wards VALUE (4070,'Xã Thăng Long',238);
INSERT INTO vsb_all_wards VALUE (4071,'Xã Đông Các',238);
INSERT INTO vsb_all_wards VALUE (4072,'Xã Phú Châu',238);
INSERT INTO vsb_all_wards VALUE (4073,'Xã Liên Hoa',238);
INSERT INTO vsb_all_wards VALUE (4074,'Xã Đông Tân',238);
INSERT INTO vsb_all_wards VALUE (4075,'Xã Đông Vinh',238);
INSERT INTO vsb_all_wards VALUE (4076,'Xã Đông Động',238);
INSERT INTO vsb_all_wards VALUE (4077,'Xã Hồng Bạch',238);
INSERT INTO vsb_all_wards VALUE (4078,'Xã Trọng Quan',238);
INSERT INTO vsb_all_wards VALUE (4079,'Xã Hồng Giang',238);
INSERT INTO vsb_all_wards VALUE (4080,'Xã Đông Quan',238);
INSERT INTO vsb_all_wards VALUE (4081,'Xã Đông Quang',238);
INSERT INTO vsb_all_wards VALUE (4082,'Xã Đông Xuân',238);
INSERT INTO vsb_all_wards VALUE (4083,'Xã Đông Á',238);
INSERT INTO vsb_all_wards VALUE (4084,'Xã Đông Hoàng',238);
INSERT INTO vsb_all_wards VALUE (4085,'Xã Đông Dương',238);
INSERT INTO vsb_all_wards VALUE (4086,'Xã Minh Phú',238);
INSERT INTO vsb_all_districts VALUE (239,'Huyện Thái Thụy',22);
INSERT INTO vsb_all_wards VALUE (4087,'Thị trấn Diêm Điền',239);
INSERT INTO vsb_all_wards VALUE (4088,'Xã Thụy Trường',239);
INSERT INTO vsb_all_wards VALUE (4089,'Xã Hồng Dũng',239);
INSERT INTO vsb_all_wards VALUE (4090,'Xã Thụy Quỳnh',239);
INSERT INTO vsb_all_wards VALUE (4091,'Xã An Tân',239);
INSERT INTO vsb_all_wards VALUE (4092,'Xã Thụy Ninh',239);
INSERT INTO vsb_all_wards VALUE (4093,'Xã Thụy Hưng',239);
INSERT INTO vsb_all_wards VALUE (4094,'Xã Thụy Việt',239);
INSERT INTO vsb_all_wards VALUE (4095,'Xã Thụy Văn',239);
INSERT INTO vsb_all_wards VALUE (4096,'Xã Thụy Xuân',239);
INSERT INTO vsb_all_wards VALUE (4097,'Xã Dương Phúc',239);
INSERT INTO vsb_all_wards VALUE (4098,'Xã Thụy Trình',239);
INSERT INTO vsb_all_wards VALUE (4099,'Xã Thụy Bình',239);
INSERT INTO vsb_all_wards VALUE (4100,'Xã Thụy Chính',239);
INSERT INTO vsb_all_wards VALUE (4101,'Xã Thụy Dân',239);
INSERT INTO vsb_all_wards VALUE (4102,'Xã Thụy Hải',239);
INSERT INTO vsb_all_wards VALUE (4103,'Xã Thụy Liên',239);
INSERT INTO vsb_all_wards VALUE (4104,'Xã Thụy Duyên',239);
INSERT INTO vsb_all_wards VALUE (4105,'Xã Thụy Thanh',239);
INSERT INTO vsb_all_wards VALUE (4106,'Xã Thụy Sơn',239);
INSERT INTO vsb_all_wards VALUE (4107,'Xã Thụy Phong',239);
INSERT INTO vsb_all_wards VALUE (4108,'Xã Thái Thượng',239);
INSERT INTO vsb_all_wards VALUE (4109,'Xã Thái Nguyên',239);
INSERT INTO vsb_all_wards VALUE (4110,'Xã Dương Hồng Thủy',239);
INSERT INTO vsb_all_wards VALUE (4111,'Xã Thái Giang',239);
INSERT INTO vsb_all_wards VALUE (4112,'Xã Hòa An',239);
INSERT INTO vsb_all_wards VALUE (4113,'Xã Sơn Hà',239);
INSERT INTO vsb_all_wards VALUE (4114,'Xã Thái Phúc',239);
INSERT INTO vsb_all_wards VALUE (4115,'Xã Thái Hưng',239);
INSERT INTO vsb_all_wards VALUE (4116,'Xã Thái Đô',239);
INSERT INTO vsb_all_wards VALUE (4117,'Xã Thái Xuyên',239);
INSERT INTO vsb_all_wards VALUE (4118,'Xã Mỹ Lộc',239);
INSERT INTO vsb_all_wards VALUE (4119,'Xã Tân Học',239);
INSERT INTO vsb_all_wards VALUE (4120,'Xã Thái Thịnh',239);
INSERT INTO vsb_all_wards VALUE (4121,'Xã Thuần Thành',239);
INSERT INTO vsb_all_wards VALUE (4122,'Xã Thái Thọ',239);
INSERT INTO vsb_all_districts VALUE (240,'Huyện Tiền Hải',22);
INSERT INTO vsb_all_wards VALUE (4123,'Thị trấn Tiền Hải',240);
INSERT INTO vsb_all_wards VALUE (4124,'Xã Đông Trà',240);
INSERT INTO vsb_all_wards VALUE (4125,'Xã Đông Long',240);
INSERT INTO vsb_all_wards VALUE (4126,'Xã Đông Quí',240);
INSERT INTO vsb_all_wards VALUE (4127,'Xã Vũ Lăng',240);
INSERT INTO vsb_all_wards VALUE (4128,'Xã Đông Xuyên',240);
INSERT INTO vsb_all_wards VALUE (4129,'Xã Tây Lương',240);
INSERT INTO vsb_all_wards VALUE (4130,'Xã Tây Ninh',240);
INSERT INTO vsb_all_wards VALUE (4131,'Xã Đông Trung',240);
INSERT INTO vsb_all_wards VALUE (4132,'Xã Đông Hoàng',240);
INSERT INTO vsb_all_wards VALUE (4133,'Xã Đông Minh',240);
INSERT INTO vsb_all_wards VALUE (4134,'Xã Đông Phong',240);
INSERT INTO vsb_all_wards VALUE (4135,'Xã An Ninh',240);
INSERT INTO vsb_all_wards VALUE (4136,'Xã Đông Cơ',240);
INSERT INTO vsb_all_wards VALUE (4137,'Xã Tây Giang',240);
INSERT INTO vsb_all_wards VALUE (4138,'Xã Đông Lâm',240);
INSERT INTO vsb_all_wards VALUE (4139,'Xã Phương Công',240);
INSERT INTO vsb_all_wards VALUE (4140,'Xã Tây Phong',240);
INSERT INTO vsb_all_wards VALUE (4141,'Xã Tây Tiến',240);
INSERT INTO vsb_all_wards VALUE (4142,'Xã Nam Cường',240);
INSERT INTO vsb_all_wards VALUE (4143,'Xã Vân Trường',240);
INSERT INTO vsb_all_wards VALUE (4144,'Xã Nam Thắng',240);
INSERT INTO vsb_all_wards VALUE (4145,'Xã Nam Chính',240);
INSERT INTO vsb_all_wards VALUE (4146,'Xã Bắc Hải',240);
INSERT INTO vsb_all_wards VALUE (4147,'Xã Nam Thịnh',240);
INSERT INTO vsb_all_wards VALUE (4148,'Xã Nam Hà',240);
INSERT INTO vsb_all_wards VALUE (4149,'Xã Nam Thanh',240);
INSERT INTO vsb_all_wards VALUE (4150,'Xã Nam Trung',240);
INSERT INTO vsb_all_wards VALUE (4151,'Xã Nam Hồng',240);
INSERT INTO vsb_all_wards VALUE (4152,'Xã Nam Hưng',240);
INSERT INTO vsb_all_wards VALUE (4153,'Xã Nam Hải',240);
INSERT INTO vsb_all_wards VALUE (4154,'Xã Nam Phú',240);
INSERT INTO vsb_all_districts VALUE (241,'Huyện Kiến Xương',22);
INSERT INTO vsb_all_wards VALUE (4155,'Thị trấn Kiến Xương',241);
INSERT INTO vsb_all_wards VALUE (4156,'Xã Trà Giang',241);
INSERT INTO vsb_all_wards VALUE (4157,'Xã Quốc Tuấn',241);
INSERT INTO vsb_all_wards VALUE (4158,'Xã An Bình',241);
INSERT INTO vsb_all_wards VALUE (4159,'Xã Tây Sơn',241);
INSERT INTO vsb_all_wards VALUE (4160,'Xã Hồng Thái',241);
INSERT INTO vsb_all_wards VALUE (4161,'Xã Bình Nguyên',241);
INSERT INTO vsb_all_wards VALUE (4162,'Xã Lê Lợi',241);
INSERT INTO vsb_all_wards VALUE (4163,'Xã Vũ Lễ',241);
INSERT INTO vsb_all_wards VALUE (4164,'Xã Thanh Tân',241);
INSERT INTO vsb_all_wards VALUE (4165,'Xã Thượng Hiền',241);
INSERT INTO vsb_all_wards VALUE (4166,'Xã Nam Cao',241);
INSERT INTO vsb_all_wards VALUE (4167,'Xã Đình Phùng',241);
INSERT INTO vsb_all_wards VALUE (4168,'Xã Vũ Ninh',241);
INSERT INTO vsb_all_wards VALUE (4169,'Xã Vũ An',241);
INSERT INTO vsb_all_wards VALUE (4170,'Xã Quang Lịch',241);
INSERT INTO vsb_all_wards VALUE (4171,'Xã Hòa Bình',241);
INSERT INTO vsb_all_wards VALUE (4172,'Xã Bình Minh',241);
INSERT INTO vsb_all_wards VALUE (4173,'Xã Vũ Quí',241);
INSERT INTO vsb_all_wards VALUE (4174,'Xã Quang Bình',241);
INSERT INTO vsb_all_wards VALUE (4175,'Xã Vũ Trung',241);
INSERT INTO vsb_all_wards VALUE (4176,'Xã Vũ Thắng',241);
INSERT INTO vsb_all_wards VALUE (4177,'Xã Vũ Công',241);
INSERT INTO vsb_all_wards VALUE (4178,'Xã Vũ Hòa',241);
INSERT INTO vsb_all_wards VALUE (4179,'Xã Quang Minh',241);
INSERT INTO vsb_all_wards VALUE (4180,'Xã Quang Trung',241);
INSERT INTO vsb_all_wards VALUE (4181,'Xã Minh Quang',241);
INSERT INTO vsb_all_wards VALUE (4182,'Xã Vũ Bình',241);
INSERT INTO vsb_all_wards VALUE (4183,'Xã Minh Tân',241);
INSERT INTO vsb_all_wards VALUE (4184,'Xã Nam Bình',241);
INSERT INTO vsb_all_wards VALUE (4185,'Xã Bình Thanh',241);
INSERT INTO vsb_all_wards VALUE (4186,'Xã Bình Định',241);
INSERT INTO vsb_all_wards VALUE (4187,'Xã Hồng Tiến',241);
INSERT INTO vsb_all_districts VALUE (242,'Huyện Vũ Thư',22);
INSERT INTO vsb_all_wards VALUE (4188,'Thị trấn Vũ Thư',242);
INSERT INTO vsb_all_wards VALUE (4189,'Xã Hồng Lý',242);
INSERT INTO vsb_all_wards VALUE (4190,'Xã Đồng Thanh',242);
INSERT INTO vsb_all_wards VALUE (4191,'Xã Xuân Hòa',242);
INSERT INTO vsb_all_wards VALUE (4192,'Xã Hiệp Hòa',242);
INSERT INTO vsb_all_wards VALUE (4193,'Xã Phúc Thành',242);
INSERT INTO vsb_all_wards VALUE (4194,'Xã Tân Phong',242);
INSERT INTO vsb_all_wards VALUE (4195,'Xã Song Lãng',242);
INSERT INTO vsb_all_wards VALUE (4196,'Xã Tân Hòa',242);
INSERT INTO vsb_all_wards VALUE (4197,'Xã Việt Hùng',242);
INSERT INTO vsb_all_wards VALUE (4198,'Xã Minh Lãng',242);
INSERT INTO vsb_all_wards VALUE (4199,'Xã Minh Khai',242);
INSERT INTO vsb_all_wards VALUE (4200,'Xã Dũng Nghĩa',242);
INSERT INTO vsb_all_wards VALUE (4201,'Xã Minh Quang',242);
INSERT INTO vsb_all_wards VALUE (4202,'Xã Tam Quang',242);
INSERT INTO vsb_all_wards VALUE (4203,'Xã Tân Lập',242);
INSERT INTO vsb_all_wards VALUE (4204,'Xã Bách Thuận',242);
INSERT INTO vsb_all_wards VALUE (4205,'Xã Tự Tân',242);
INSERT INTO vsb_all_wards VALUE (4206,'Xã Song An',242);
INSERT INTO vsb_all_wards VALUE (4207,'Xã Trung An',242);
INSERT INTO vsb_all_wards VALUE (4208,'Xã Vũ Hội',242);
INSERT INTO vsb_all_wards VALUE (4209,'Xã Hòa Bình',242);
INSERT INTO vsb_all_wards VALUE (4210,'Xã Nguyên Xá',242);
INSERT INTO vsb_all_wards VALUE (4211,'Xã Việt Thuận',242);
INSERT INTO vsb_all_wards VALUE (4212,'Xã Vũ Vinh',242);
INSERT INTO vsb_all_wards VALUE (4213,'Xã Vũ Đoài',242);
INSERT INTO vsb_all_wards VALUE (4214,'Xã Vũ Tiến',242);
INSERT INTO vsb_all_wards VALUE (4215,'Xã Vũ Vân',242);
INSERT INTO vsb_all_wards VALUE (4216,'Xã Duy Nhất',242);
INSERT INTO vsb_all_wards VALUE (4217,'Xã Hồng Phong',242);
INSERT INTO vsb_all_provinces VALUE (23,'Tỉnh Hà Nam');
INSERT INTO vsb_all_districts VALUE (243,'Thành phố Phủ Lý',23);
INSERT INTO vsb_all_wards VALUE (4218,'Phường Quang Trung',243);
INSERT INTO vsb_all_wards VALUE (4219,'Phường Lương Khánh Thiện',243);
INSERT INTO vsb_all_wards VALUE (4220,'Phường Lê Hồng Phong',243);
INSERT INTO vsb_all_wards VALUE (4221,'Phường Minh Khai',243);
INSERT INTO vsb_all_wards VALUE (4222,'Phường Hai Bà Trưng',243);
INSERT INTO vsb_all_wards VALUE (4223,'Phường Trần Hưng Đạo',243);
INSERT INTO vsb_all_wards VALUE (4224,'Phường Lam Hạ',243);
INSERT INTO vsb_all_wards VALUE (4225,'Xã Phù Vân',243);
INSERT INTO vsb_all_wards VALUE (4226,'Phường Liêm Chính',243);
INSERT INTO vsb_all_wards VALUE (4227,'Xã Liêm Chung',243);
INSERT INTO vsb_all_wards VALUE (4228,'Phường Thanh Châu',243);
INSERT INTO vsb_all_wards VALUE (4229,'Phường Châu Sơn',243);
INSERT INTO vsb_all_wards VALUE (4230,'Xã Tiên Tân',243);
INSERT INTO vsb_all_wards VALUE (4231,'Xã Tiên Hiệp',243);
INSERT INTO vsb_all_wards VALUE (4232,'Xã Tiên Hải',243);
INSERT INTO vsb_all_wards VALUE (4233,'Xã Kim Bình',243);
INSERT INTO vsb_all_wards VALUE (4234,'Xã Liêm Tuyền',243);
INSERT INTO vsb_all_wards VALUE (4235,'Xã Liêm Tiết',243);
INSERT INTO vsb_all_wards VALUE (4236,'Phường Thanh Tuyền',243);
INSERT INTO vsb_all_wards VALUE (4237,'Xã Đinh Xá',243);
INSERT INTO vsb_all_wards VALUE (4238,'Xã Trịnh Xá',243);
INSERT INTO vsb_all_districts VALUE (244,'Thị xã Duy Tiên',23);
INSERT INTO vsb_all_wards VALUE (4239,'Phường Đồng Văn',244);
INSERT INTO vsb_all_wards VALUE (4240,'Phường Hòa Mạc',244);
INSERT INTO vsb_all_wards VALUE (4241,'Xã Mộc Bắc',244);
INSERT INTO vsb_all_wards VALUE (4242,'Phường Châu Giang',244);
INSERT INTO vsb_all_wards VALUE (4243,'Phường Bạch Thượng',244);
INSERT INTO vsb_all_wards VALUE (4244,'Phường Duy Minh',244);
INSERT INTO vsb_all_wards VALUE (4245,'Xã Mộc Nam',244);
INSERT INTO vsb_all_wards VALUE (4246,'Phường Duy Hải',244);
INSERT INTO vsb_all_wards VALUE (4247,'Xã Chuyên Ngoại',244);
INSERT INTO vsb_all_wards VALUE (4248,'Phường Yên Bắc',244);
INSERT INTO vsb_all_wards VALUE (4249,'Xã Trác Văn',244);
INSERT INTO vsb_all_wards VALUE (4250,'Phường Tiên Nội',244);
INSERT INTO vsb_all_wards VALUE (4251,'Phường Hoàng Đông',244);
INSERT INTO vsb_all_wards VALUE (4252,'Xã Yên Nam',244);
INSERT INTO vsb_all_wards VALUE (4253,'Xã Tiên Ngoại',244);
INSERT INTO vsb_all_wards VALUE (4254,'Xã Tiên Sơn',244);
INSERT INTO vsb_all_districts VALUE (245,'Huyện Kim Bảng',23);
INSERT INTO vsb_all_wards VALUE (4255,'Thị trấn Quế',245);
INSERT INTO vsb_all_wards VALUE (4256,'Xã Nguyễn Úy',245);
INSERT INTO vsb_all_wards VALUE (4257,'Xã Đại Cương',245);
INSERT INTO vsb_all_wards VALUE (4258,'Xã Lê Hồ',245);
INSERT INTO vsb_all_wards VALUE (4259,'Xã Tượng Lĩnh',245);
INSERT INTO vsb_all_wards VALUE (4260,'Xã Nhật Tựu',245);
INSERT INTO vsb_all_wards VALUE (4261,'Xã Nhật Tân',245);
INSERT INTO vsb_all_wards VALUE (4262,'Xã Đồng Hóa',245);
INSERT INTO vsb_all_wards VALUE (4263,'Xã Hoàng Tây',245);
INSERT INTO vsb_all_wards VALUE (4264,'Xã Tân Sơn',245);
INSERT INTO vsb_all_wards VALUE (4265,'Xã Thụy Lôi',245);
INSERT INTO vsb_all_wards VALUE (4266,'Xã Văn Xá',245);
INSERT INTO vsb_all_wards VALUE (4267,'Xã Khả Phong',245);
INSERT INTO vsb_all_wards VALUE (4268,'Xã Ngọc Sơn',245);
INSERT INTO vsb_all_wards VALUE (4269,'Thị trấn Ba Sao',245);
INSERT INTO vsb_all_wards VALUE (4270,'Xã Liên Sơn',245);
INSERT INTO vsb_all_wards VALUE (4271,'Xã Thi Sơn',245);
INSERT INTO vsb_all_wards VALUE (4272,'Xã Thanh Sơn',245);
INSERT INTO vsb_all_districts VALUE (246,'Huyện Thanh Liêm',23);
INSERT INTO vsb_all_wards VALUE (4273,'Thị trấn Kiện Khê',246);
INSERT INTO vsb_all_wards VALUE (4274,'Xã Liêm Phong',246);
INSERT INTO vsb_all_wards VALUE (4275,'Xã Thanh Hà',246);
INSERT INTO vsb_all_wards VALUE (4276,'Xã Liêm Cần',246);
INSERT INTO vsb_all_wards VALUE (4277,'Xã Liêm Thuận',246);
INSERT INTO vsb_all_wards VALUE (4278,'Xã Thanh Thủy',246);
INSERT INTO vsb_all_wards VALUE (4279,'Xã Thanh Phong',246);
INSERT INTO vsb_all_wards VALUE (4280,'Thị trấn Tân Thanh',246);
INSERT INTO vsb_all_wards VALUE (4281,'Xã Thanh Tân',246);
INSERT INTO vsb_all_wards VALUE (4282,'Xã Liêm Túc',246);
INSERT INTO vsb_all_wards VALUE (4283,'Xã Liêm Sơn',246);
INSERT INTO vsb_all_wards VALUE (4284,'Xã Thanh Hương',246);
INSERT INTO vsb_all_wards VALUE (4285,'Xã Thanh Nghị',246);
INSERT INTO vsb_all_wards VALUE (4286,'Xã Thanh Tâm',246);
INSERT INTO vsb_all_wards VALUE (4287,'Xã Thanh Nguyên',246);
INSERT INTO vsb_all_wards VALUE (4288,'Xã Thanh Hải',246);
INSERT INTO vsb_all_districts VALUE (247,'Huyện Bình Lục',23);
INSERT INTO vsb_all_wards VALUE (4289,'Thị trấn Bình Mỹ',247);
INSERT INTO vsb_all_wards VALUE (4290,'Xã Bình Nghĩa',247);
INSERT INTO vsb_all_wards VALUE (4291,'Xã Tràng An',247);
INSERT INTO vsb_all_wards VALUE (4292,'Xã Đồng Du',247);
INSERT INTO vsb_all_wards VALUE (4293,'Xã Ngọc Lũ',247);
INSERT INTO vsb_all_wards VALUE (4294,'Xã Hưng Công',247);
INSERT INTO vsb_all_wards VALUE (4295,'Xã Đồn Xá',247);
INSERT INTO vsb_all_wards VALUE (4296,'Xã An Ninh',247);
INSERT INTO vsb_all_wards VALUE (4297,'Xã Bồ Đề',247);
INSERT INTO vsb_all_wards VALUE (4298,'Xã Bối Cầu',247);
INSERT INTO vsb_all_wards VALUE (4299,'Xã An Nội',247);
INSERT INTO vsb_all_wards VALUE (4300,'Xã Vũ Bản',247);
INSERT INTO vsb_all_wards VALUE (4301,'Xã Trung Lương',247);
INSERT INTO vsb_all_wards VALUE (4302,'Xã An Đổ',247);
INSERT INTO vsb_all_wards VALUE (4303,'Xã La Sơn',247);
INSERT INTO vsb_all_wards VALUE (4304,'Xã Tiêu Động',247);
INSERT INTO vsb_all_wards VALUE (4305,'Xã An Lão',247);
INSERT INTO vsb_all_districts VALUE (248,'Huyện Lý Nhân',23);
INSERT INTO vsb_all_wards VALUE (4306,'Xã Hợp Lý',248);
INSERT INTO vsb_all_wards VALUE (4307,'Xã Nguyên Lý',248);
INSERT INTO vsb_all_wards VALUE (4308,'Xã Chính Lý',248);
INSERT INTO vsb_all_wards VALUE (4309,'Xã Chân Lý',248);
INSERT INTO vsb_all_wards VALUE (4310,'Xã Đạo Lý',248);
INSERT INTO vsb_all_wards VALUE (4311,'Xã Công Lý',248);
INSERT INTO vsb_all_wards VALUE (4312,'Xã Văn Lý',248);
INSERT INTO vsb_all_wards VALUE (4313,'Xã Bắc Lý',248);
INSERT INTO vsb_all_wards VALUE (4314,'Xã Đức Lý',248);
INSERT INTO vsb_all_wards VALUE (4315,'Xã Trần Hưng Đạo',248);
INSERT INTO vsb_all_wards VALUE (4316,'Thị trấn Vĩnh Trụ',248);
INSERT INTO vsb_all_wards VALUE (4317,'Xã Nhân Thịnh',248);
INSERT INTO vsb_all_wards VALUE (4318,'Xã Nhân Khang',248);
INSERT INTO vsb_all_wards VALUE (4319,'Xã Nhân Mỹ',248);
INSERT INTO vsb_all_wards VALUE (4320,'Xã Nhân Nghĩa',248);
INSERT INTO vsb_all_wards VALUE (4321,'Xã Nhân Chính',248);
INSERT INTO vsb_all_wards VALUE (4322,'Xã Nhân Bình',248);
INSERT INTO vsb_all_wards VALUE (4323,'Xã Phú Phúc',248);
INSERT INTO vsb_all_wards VALUE (4324,'Xã Xuân Khê',248);
INSERT INTO vsb_all_wards VALUE (4325,'Xã Tiến Thắng',248);
INSERT INTO vsb_all_wards VALUE (4326,'Xã Hòa Hậu',248);
INSERT INTO vsb_all_provinces VALUE (24,'Tỉnh Nam Định');
INSERT INTO vsb_all_districts VALUE (249,'Thành phố Nam Định',24);
INSERT INTO vsb_all_wards VALUE (4327,'Phường Hạ Long',249);
INSERT INTO vsb_all_wards VALUE (4328,'Phường Trần Tế Xương',249);
INSERT INTO vsb_all_wards VALUE (4329,'Phường Vị Hoàng',249);
INSERT INTO vsb_all_wards VALUE (4330,'Phường Vị Xuyên',249);
INSERT INTO vsb_all_wards VALUE (4331,'Phường Quang Trung',249);
INSERT INTO vsb_all_wards VALUE (4332,'Phường Cửa Bắc',249);
INSERT INTO vsb_all_wards VALUE (4333,'Phường Nguyễn Du',249);
INSERT INTO vsb_all_wards VALUE (4334,'Phường Bà Triệu',249);
INSERT INTO vsb_all_wards VALUE (4335,'Phường Trường Thi',249);
INSERT INTO vsb_all_wards VALUE (4336,'Phường Phan Đình Phùng',249);
INSERT INTO vsb_all_wards VALUE (4337,'Phường Ngô Quyền',249);
INSERT INTO vsb_all_wards VALUE (4338,'Phường Trần Hưng Đạo',249);
INSERT INTO vsb_all_wards VALUE (4339,'Phường Trần Đăng Ninh',249);
INSERT INTO vsb_all_wards VALUE (4340,'Phường Năng Tĩnh',249);
INSERT INTO vsb_all_wards VALUE (4341,'Phường Văn Miếu',249);
INSERT INTO vsb_all_wards VALUE (4342,'Phường Trần Quang Khải',249);
INSERT INTO vsb_all_wards VALUE (4343,'Phường Thống Nhất',249);
INSERT INTO vsb_all_wards VALUE (4344,'Phường Lộc Hạ',249);
INSERT INTO vsb_all_wards VALUE (4345,'Phường Lộc Vượng',249);
INSERT INTO vsb_all_wards VALUE (4346,'Phường Cửa Nam',249);
INSERT INTO vsb_all_wards VALUE (4347,'Phường Lộc Hòa',249);
INSERT INTO vsb_all_wards VALUE (4348,'Xã Nam Phong',249);
INSERT INTO vsb_all_wards VALUE (4349,'Phường Mỹ Xá',249);
INSERT INTO vsb_all_wards VALUE (4350,'Xã Lộc An',249);
INSERT INTO vsb_all_wards VALUE (4351,'Xã Nam Vân',249);
INSERT INTO vsb_all_districts VALUE (250,'Huyện Mỹ Lộc',24);
INSERT INTO vsb_all_wards VALUE (4352,'Thị trấn Mỹ Lộc',250);
INSERT INTO vsb_all_wards VALUE (4353,'Xã Mỹ Hà',250);
INSERT INTO vsb_all_wards VALUE (4354,'Xã Mỹ Tiến',250);
INSERT INTO vsb_all_wards VALUE (4355,'Xã Mỹ Thắng',250);
INSERT INTO vsb_all_wards VALUE (4356,'Xã Mỹ Trung',250);
INSERT INTO vsb_all_wards VALUE (4357,'Xã Mỹ Tân',250);
INSERT INTO vsb_all_wards VALUE (4358,'Xã Mỹ Phúc',250);
INSERT INTO vsb_all_wards VALUE (4359,'Xã Mỹ Hưng',250);
INSERT INTO vsb_all_wards VALUE (4360,'Xã Mỹ Thuận',250);
INSERT INTO vsb_all_wards VALUE (4361,'Xã Mỹ Thịnh',250);
INSERT INTO vsb_all_wards VALUE (4362,'Xã Mỹ Thành',250);
INSERT INTO vsb_all_districts VALUE (251,'Huyện Vụ Bản',24);
INSERT INTO vsb_all_wards VALUE (4363,'Thị trấn Gôi',251);
INSERT INTO vsb_all_wards VALUE (4364,'Xã Minh Thuận',251);
INSERT INTO vsb_all_wards VALUE (4365,'Xã Hiển Khánh',251);
INSERT INTO vsb_all_wards VALUE (4366,'Xã Tân Khánh',251);
INSERT INTO vsb_all_wards VALUE (4367,'Xã Hợp Hưng',251);
INSERT INTO vsb_all_wards VALUE (4368,'Xã Đại An',251);
INSERT INTO vsb_all_wards VALUE (4369,'Xã Tân Thành',251);
INSERT INTO vsb_all_wards VALUE (4370,'Xã Cộng Hòa',251);
INSERT INTO vsb_all_wards VALUE (4371,'Xã Trung Thành',251);
INSERT INTO vsb_all_wards VALUE (4372,'Xã Quang Trung',251);
INSERT INTO vsb_all_wards VALUE (4373,'Xã Minh Tân',251);
INSERT INTO vsb_all_wards VALUE (4374,'Xã Liên Bảo',251);
INSERT INTO vsb_all_wards VALUE (4375,'Xã Thành Lợi',251);
INSERT INTO vsb_all_wards VALUE (4376,'Xã Kim Thái',251);
INSERT INTO vsb_all_wards VALUE (4377,'Xã Liên Minh',251);
INSERT INTO vsb_all_wards VALUE (4378,'Xã Đại Thắng',251);
INSERT INTO vsb_all_wards VALUE (4379,'Xã Tam Thanh',251);
INSERT INTO vsb_all_wards VALUE (4380,'Xã Vĩnh Hào',251);
INSERT INTO vsb_all_districts VALUE (252,'Huyện Ý Yên',24);
INSERT INTO vsb_all_wards VALUE (4381,'Thị trấn Lâm',252);
INSERT INTO vsb_all_wards VALUE (4382,'Xã Yên Trung',252);
INSERT INTO vsb_all_wards VALUE (4383,'Xã Yên Thành',252);
INSERT INTO vsb_all_wards VALUE (4384,'Xã Yên Tân',252);
INSERT INTO vsb_all_wards VALUE (4385,'Xã Yên Lợi',252);
INSERT INTO vsb_all_wards VALUE (4386,'Xã Yên Thọ',252);
INSERT INTO vsb_all_wards VALUE (4387,'Xã Yên Nghĩa',252);
INSERT INTO vsb_all_wards VALUE (4388,'Xã Yên Minh',252);
INSERT INTO vsb_all_wards VALUE (4389,'Xã Yên Phương',252);
INSERT INTO vsb_all_wards VALUE (4390,'Xã Yên Chính',252);
INSERT INTO vsb_all_wards VALUE (4391,'Xã Yên Bình',252);
INSERT INTO vsb_all_wards VALUE (4392,'Xã Yên Phú',252);
INSERT INTO vsb_all_wards VALUE (4393,'Xã Yên Mỹ',252);
INSERT INTO vsb_all_wards VALUE (4394,'Xã Yên Dương',252);
INSERT INTO vsb_all_wards VALUE (4395,'Xã Yên Hưng',252);
INSERT INTO vsb_all_wards VALUE (4396,'Xã Yên Khánh',252);
INSERT INTO vsb_all_wards VALUE (4397,'Xã Yên Phong',252);
INSERT INTO vsb_all_wards VALUE (4398,'Xã Yên Ninh',252);
INSERT INTO vsb_all_wards VALUE (4399,'Xã Yên Lương',252);
INSERT INTO vsb_all_wards VALUE (4400,'Xã Yên Hồng',252);
INSERT INTO vsb_all_wards VALUE (4401,'Xã Yên Quang',252);
INSERT INTO vsb_all_wards VALUE (4402,'Xã Yên Tiến',252);
INSERT INTO vsb_all_wards VALUE (4403,'Xã Yên Thắng',252);
INSERT INTO vsb_all_wards VALUE (4404,'Xã Yên Phúc',252);
INSERT INTO vsb_all_wards VALUE (4405,'Xã Yên Cường',252);
INSERT INTO vsb_all_wards VALUE (4406,'Xã Yên Lộc',252);
INSERT INTO vsb_all_wards VALUE (4407,'Xã Yên Bằng',252);
INSERT INTO vsb_all_wards VALUE (4408,'Xã Yên Đồng',252);
INSERT INTO vsb_all_wards VALUE (4409,'Xã Yên Khang',252);
INSERT INTO vsb_all_wards VALUE (4410,'Xã Yên Nhân',252);
INSERT INTO vsb_all_wards VALUE (4411,'Xã Yên Trị',252);
INSERT INTO vsb_all_districts VALUE (253,'Huyện Nghĩa Hưng',24);
INSERT INTO vsb_all_wards VALUE (4412,'Thị trấn Liễu Đề',253);
INSERT INTO vsb_all_wards VALUE (4413,'Thị trấn Rạng Đông',253);
INSERT INTO vsb_all_wards VALUE (4414,'Xã Nghĩa Đồng',253);
INSERT INTO vsb_all_wards VALUE (4415,'Xã Nghĩa Thịnh',253);
INSERT INTO vsb_all_wards VALUE (4416,'Xã Nghĩa Minh',253);
INSERT INTO vsb_all_wards VALUE (4417,'Xã Nghĩa Thái',253);
INSERT INTO vsb_all_wards VALUE (4418,'Xã Hoàng Nam',253);
INSERT INTO vsb_all_wards VALUE (4419,'Xã Nghĩa Châu',253);
INSERT INTO vsb_all_wards VALUE (4420,'Xã Nghĩa Trung',253);
INSERT INTO vsb_all_wards VALUE (4421,'Xã Nghĩa Sơn',253);
INSERT INTO vsb_all_wards VALUE (4422,'Xã Nghĩa Lạc',253);
INSERT INTO vsb_all_wards VALUE (4423,'Xã Nghĩa Hồng',253);
INSERT INTO vsb_all_wards VALUE (4424,'Xã Nghĩa Phong',253);
INSERT INTO vsb_all_wards VALUE (4425,'Xã Nghĩa Phú',253);
INSERT INTO vsb_all_wards VALUE (4426,'Xã Nghĩa Bình',253);
INSERT INTO vsb_all_wards VALUE (4427,'Thị trấn Quỹ Nhất',253);
INSERT INTO vsb_all_wards VALUE (4428,'Xã Nghĩa Tân',253);
INSERT INTO vsb_all_wards VALUE (4429,'Xã Nghĩa Hùng',253);
INSERT INTO vsb_all_wards VALUE (4430,'Xã Nghĩa Lâm',253);
INSERT INTO vsb_all_wards VALUE (4431,'Xã Nghĩa Thành',253);
INSERT INTO vsb_all_wards VALUE (4432,'Xã Phúc Thắng',253);
INSERT INTO vsb_all_wards VALUE (4433,'Xã Nghĩa Lợi',253);
INSERT INTO vsb_all_wards VALUE (4434,'Xã Nghĩa Hải',253);
INSERT INTO vsb_all_wards VALUE (4435,'Xã Nam Điền',253);
INSERT INTO vsb_all_districts VALUE (254,'Huyện Nam Trực',24);
INSERT INTO vsb_all_wards VALUE (4436,'Thị trấn Nam Giang',254);
INSERT INTO vsb_all_wards VALUE (4437,'Xã Nam Mỹ',254);
INSERT INTO vsb_all_wards VALUE (4438,'Xã Điền Xá',254);
INSERT INTO vsb_all_wards VALUE (4439,'Xã Nghĩa An',254);
INSERT INTO vsb_all_wards VALUE (4440,'Xã Nam Thắng',254);
INSERT INTO vsb_all_wards VALUE (4441,'Xã Nam Toàn',254);
INSERT INTO vsb_all_wards VALUE (4442,'Xã Hồng Quang',254);
INSERT INTO vsb_all_wards VALUE (4443,'Xã Tân Thịnh',254);
INSERT INTO vsb_all_wards VALUE (4444,'Xã Nam Cường',254);
INSERT INTO vsb_all_wards VALUE (4445,'Xã Nam Hồng',254);
INSERT INTO vsb_all_wards VALUE (4446,'Xã Nam Hùng',254);
INSERT INTO vsb_all_wards VALUE (4447,'Xã Nam Hoa',254);
INSERT INTO vsb_all_wards VALUE (4448,'Xã Nam Dương',254);
INSERT INTO vsb_all_wards VALUE (4449,'Xã Nam Thanh',254);
INSERT INTO vsb_all_wards VALUE (4450,'Xã Nam Lợi',254);
INSERT INTO vsb_all_wards VALUE (4451,'Xã Bình Minh',254);
INSERT INTO vsb_all_wards VALUE (4452,'Xã Đồng Sơn',254);
INSERT INTO vsb_all_wards VALUE (4453,'Xã Nam Tiến',254);
INSERT INTO vsb_all_wards VALUE (4454,'Xã Nam Hải',254);
INSERT INTO vsb_all_wards VALUE (4455,'Xã Nam Thái',254);
INSERT INTO vsb_all_districts VALUE (255,'Huyện Trực Ninh',24);
INSERT INTO vsb_all_wards VALUE (4456,'Thị trấn Cổ Lễ',255);
INSERT INTO vsb_all_wards VALUE (4457,'Xã Phương Định',255);
INSERT INTO vsb_all_wards VALUE (4458,'Xã Trực Chính',255);
INSERT INTO vsb_all_wards VALUE (4459,'Xã Trung Đông',255);
INSERT INTO vsb_all_wards VALUE (4460,'Xã Liêm Hải',255);
INSERT INTO vsb_all_wards VALUE (4461,'Xã Trực Tuấn',255);
INSERT INTO vsb_all_wards VALUE (4462,'Xã Việt Hùng',255);
INSERT INTO vsb_all_wards VALUE (4463,'Xã Trực Đạo',255);
INSERT INTO vsb_all_wards VALUE (4464,'Xã Trực Hưng',255);
INSERT INTO vsb_all_wards VALUE (4465,'Xã Trực Nội',255);
INSERT INTO vsb_all_wards VALUE (4466,'Thị trấn Cát Thành',255);
INSERT INTO vsb_all_wards VALUE (4467,'Xã Trực Thanh',255);
INSERT INTO vsb_all_wards VALUE (4468,'Xã Trực Khang',255);
INSERT INTO vsb_all_wards VALUE (4469,'Xã Trực Thuận',255);
INSERT INTO vsb_all_wards VALUE (4470,'Xã Trực Mỹ',255);
INSERT INTO vsb_all_wards VALUE (4471,'Xã Trực Đại',255);
INSERT INTO vsb_all_wards VALUE (4472,'Xã Trực Cường',255);
INSERT INTO vsb_all_wards VALUE (4473,'Thị trấn Ninh Cường',255);
INSERT INTO vsb_all_wards VALUE (4474,'Xã Trực Thái',255);
INSERT INTO vsb_all_wards VALUE (4475,'Xã Trực Hùng',255);
INSERT INTO vsb_all_wards VALUE (4476,'Xã Trực Thắng',255);
INSERT INTO vsb_all_districts VALUE (256,'Huyện Xuân Trường',24);
INSERT INTO vsb_all_wards VALUE (4477,'Thị trấn Xuân Trường',256);
INSERT INTO vsb_all_wards VALUE (4478,'Xã Xuân Châu',256);
INSERT INTO vsb_all_wards VALUE (4479,'Xã Xuân Hồng',256);
INSERT INTO vsb_all_wards VALUE (4480,'Xã Xuân Thành',256);
INSERT INTO vsb_all_wards VALUE (4481,'Xã Xuân Thượng',256);
INSERT INTO vsb_all_wards VALUE (4482,'Xã Xuân Phong',256);
INSERT INTO vsb_all_wards VALUE (4483,'Xã Xuân Đài',256);
INSERT INTO vsb_all_wards VALUE (4484,'Xã Xuân Tân',256);
INSERT INTO vsb_all_wards VALUE (4485,'Xã Xuân Thủy',256);
INSERT INTO vsb_all_wards VALUE (4486,'Xã Xuân Ngọc',256);
INSERT INTO vsb_all_wards VALUE (4487,'Xã Xuân Bắc',256);
INSERT INTO vsb_all_wards VALUE (4488,'Xã Xuân Phương',256);
INSERT INTO vsb_all_wards VALUE (4489,'Xã Thọ Nghiệp',256);
INSERT INTO vsb_all_wards VALUE (4490,'Xã Xuân Phú',256);
INSERT INTO vsb_all_wards VALUE (4491,'Xã Xuân Trung',256);
INSERT INTO vsb_all_wards VALUE (4492,'Xã Xuân Vinh',256);
INSERT INTO vsb_all_wards VALUE (4493,'Xã Xuân Kiên',256);
INSERT INTO vsb_all_wards VALUE (4494,'Xã Xuân Tiến',256);
INSERT INTO vsb_all_wards VALUE (4495,'Xã Xuân Ninh',256);
INSERT INTO vsb_all_wards VALUE (4496,'Xã Xuân Hòa',256);
INSERT INTO vsb_all_districts VALUE (257,'Huyện Giao Thủy',24);
INSERT INTO vsb_all_wards VALUE (4497,'Thị trấn Ngô Đồng',257);
INSERT INTO vsb_all_wards VALUE (4498,'Thị trấn Quất Lâm',257);
INSERT INTO vsb_all_wards VALUE (4499,'Xã Giao Hương',257);
INSERT INTO vsb_all_wards VALUE (4500,'Xã Hồng Thuận',257);
INSERT INTO vsb_all_wards VALUE (4501,'Xã Giao Thiện',257);
INSERT INTO vsb_all_wards VALUE (4502,'Xã Giao Thanh',257);
INSERT INTO vsb_all_wards VALUE (4503,'Xã Hoành Sơn',257);
INSERT INTO vsb_all_wards VALUE (4504,'Xã Bình Hòa',257);
INSERT INTO vsb_all_wards VALUE (4505,'Xã Giao Tiến',257);
INSERT INTO vsb_all_wards VALUE (4506,'Xã Giao Hà',257);
INSERT INTO vsb_all_wards VALUE (4507,'Xã Giao Nhân',257);
INSERT INTO vsb_all_wards VALUE (4508,'Xã Giao An',257);
INSERT INTO vsb_all_wards VALUE (4509,'Xã Giao Lạc',257);
INSERT INTO vsb_all_wards VALUE (4510,'Xã Giao Châu',257);
INSERT INTO vsb_all_wards VALUE (4511,'Xã Giao Tân',257);
INSERT INTO vsb_all_wards VALUE (4512,'Xã Giao Yến',257);
INSERT INTO vsb_all_wards VALUE (4513,'Xã Giao Xuân',257);
INSERT INTO vsb_all_wards VALUE (4514,'Xã Giao Thịnh',257);
INSERT INTO vsb_all_wards VALUE (4515,'Xã Giao Hải',257);
INSERT INTO vsb_all_wards VALUE (4516,'Xã Bạch Long',257);
INSERT INTO vsb_all_wards VALUE (4517,'Xã Giao Long',257);
INSERT INTO vsb_all_wards VALUE (4518,'Xã Giao Phong',257);
INSERT INTO vsb_all_districts VALUE (258,'Huyện Hải Hậu',24);
INSERT INTO vsb_all_wards VALUE (4519,'Thị trấn Yên Định',258);
INSERT INTO vsb_all_wards VALUE (4520,'Thị trấn Cồn',258);
INSERT INTO vsb_all_wards VALUE (4521,'Thị trấn Thịnh Long',258);
INSERT INTO vsb_all_wards VALUE (4522,'Xã Hải Nam',258);
INSERT INTO vsb_all_wards VALUE (4523,'Xã Hải Trung',258);
INSERT INTO vsb_all_wards VALUE (4524,'Xã Hải Vân',258);
INSERT INTO vsb_all_wards VALUE (4525,'Xã Hải Minh',258);
INSERT INTO vsb_all_wards VALUE (4526,'Xã Hải Anh',258);
INSERT INTO vsb_all_wards VALUE (4527,'Xã Hải Hưng',258);
INSERT INTO vsb_all_wards VALUE (4528,'Xã Hải Bắc',258);
INSERT INTO vsb_all_wards VALUE (4529,'Xã Hải Phúc',258);
INSERT INTO vsb_all_wards VALUE (4530,'Xã Hải Thanh',258);
INSERT INTO vsb_all_wards VALUE (4531,'Xã Hải Hà',258);
INSERT INTO vsb_all_wards VALUE (4532,'Xã Hải Long',258);
INSERT INTO vsb_all_wards VALUE (4533,'Xã Hải Phương',258);
INSERT INTO vsb_all_wards VALUE (4534,'Xã Hải Đường',258);
INSERT INTO vsb_all_wards VALUE (4535,'Xã Hải Lộc',258);
INSERT INTO vsb_all_wards VALUE (4536,'Xã Hải Quang',258);
INSERT INTO vsb_all_wards VALUE (4537,'Xã Hải Đông',258);
INSERT INTO vsb_all_wards VALUE (4538,'Xã Hải Sơn',258);
INSERT INTO vsb_all_wards VALUE (4539,'Xã Hải Tân',258);
INSERT INTO vsb_all_wards VALUE (4540,'Xã Hải Phong',258);
INSERT INTO vsb_all_wards VALUE (4541,'Xã Hải An',258);
INSERT INTO vsb_all_wards VALUE (4542,'Xã Hải Tây',258);
INSERT INTO vsb_all_wards VALUE (4543,'Xã Hải Lý',258);
INSERT INTO vsb_all_wards VALUE (4544,'Xã Hải Phú',258);
INSERT INTO vsb_all_wards VALUE (4545,'Xã Hải Giang',258);
INSERT INTO vsb_all_wards VALUE (4546,'Xã Hải Cường',258);
INSERT INTO vsb_all_wards VALUE (4547,'Xã Hải Ninh',258);
INSERT INTO vsb_all_wards VALUE (4548,'Xã Hải Chính',258);
INSERT INTO vsb_all_wards VALUE (4549,'Xã Hải Xuân',258);
INSERT INTO vsb_all_wards VALUE (4550,'Xã Hải Châu',258);
INSERT INTO vsb_all_wards VALUE (4551,'Xã Hải Triều',258);
INSERT INTO vsb_all_wards VALUE (4552,'Xã Hải Hòa',258);
INSERT INTO vsb_all_provinces VALUE (25,'Tỉnh Ninh Bình');
INSERT INTO vsb_all_districts VALUE (259,'Thành phố Ninh Bình',25);
INSERT INTO vsb_all_wards VALUE (4553,'Phường Đông Thành',259);
INSERT INTO vsb_all_wards VALUE (4554,'Phường Tân Thành',259);
INSERT INTO vsb_all_wards VALUE (4555,'Phường Thanh Bình',259);
INSERT INTO vsb_all_wards VALUE (4556,'Phường Vân Giang',259);
INSERT INTO vsb_all_wards VALUE (4557,'Phường Bích Đào',259);
INSERT INTO vsb_all_wards VALUE (4558,'Phường Phúc Thành',259);
INSERT INTO vsb_all_wards VALUE (4559,'Phường Nam Bình',259);
INSERT INTO vsb_all_wards VALUE (4560,'Phường Nam Thành',259);
INSERT INTO vsb_all_wards VALUE (4561,'Phường Ninh Khánh',259);
INSERT INTO vsb_all_wards VALUE (4562,'Xã Ninh Nhất',259);
INSERT INTO vsb_all_wards VALUE (4563,'Xã Ninh Tiến',259);
INSERT INTO vsb_all_wards VALUE (4564,'Xã Ninh Phúc',259);
INSERT INTO vsb_all_wards VALUE (4565,'Phường Ninh Sơn',259);
INSERT INTO vsb_all_wards VALUE (4566,'Phường Ninh Phong',259);
INSERT INTO vsb_all_districts VALUE (260,'Thành phố Tam Điệp',25);
INSERT INTO vsb_all_wards VALUE (4567,'Phường Bắc Sơn',260);
INSERT INTO vsb_all_wards VALUE (4568,'Phường Trung Sơn',260);
INSERT INTO vsb_all_wards VALUE (4569,'Phường Nam Sơn',260);
INSERT INTO vsb_all_wards VALUE (4570,'Phường Tây Sơn',260);
INSERT INTO vsb_all_wards VALUE (4571,'Xã Yên Sơn',260);
INSERT INTO vsb_all_wards VALUE (4572,'Phường Yên Bình',260);
INSERT INTO vsb_all_wards VALUE (4573,'Phường Tân Bình',260);
INSERT INTO vsb_all_wards VALUE (4574,'Xã Quang Sơn',260);
INSERT INTO vsb_all_wards VALUE (4575,'Xã Đông Sơn',260);
INSERT INTO vsb_all_districts VALUE (261,'Huyện Nho Quan',25);
INSERT INTO vsb_all_wards VALUE (4576,'Thị trấn Nho Quan',261);
INSERT INTO vsb_all_wards VALUE (4577,'Xã Xích Thổ',261);
INSERT INTO vsb_all_wards VALUE (4578,'Xã Gia Lâm',261);
INSERT INTO vsb_all_wards VALUE (4579,'Xã Gia Sơn',261);
INSERT INTO vsb_all_wards VALUE (4580,'Xã Thạch Bình',261);
INSERT INTO vsb_all_wards VALUE (4581,'Xã Gia Thủy',261);
INSERT INTO vsb_all_wards VALUE (4582,'Xã Gia Tường',261);
INSERT INTO vsb_all_wards VALUE (4583,'Xã Cúc Phương',261);
INSERT INTO vsb_all_wards VALUE (4584,'Xã Phú Sơn',261);
INSERT INTO vsb_all_wards VALUE (4585,'Xã Đức Long',261);
INSERT INTO vsb_all_wards VALUE (4586,'Xã Lạc Vân',261);
INSERT INTO vsb_all_wards VALUE (4587,'Xã Đồng Phong',261);
INSERT INTO vsb_all_wards VALUE (4588,'Xã Yên Quang',261);
INSERT INTO vsb_all_wards VALUE (4589,'Xã Lạng Phong',261);
INSERT INTO vsb_all_wards VALUE (4590,'Xã Thượng Hòa',261);
INSERT INTO vsb_all_wards VALUE (4591,'Xã Văn Phong',261);
INSERT INTO vsb_all_wards VALUE (4592,'Xã Văn Phương',261);
INSERT INTO vsb_all_wards VALUE (4593,'Xã Thanh Lạc',261);
INSERT INTO vsb_all_wards VALUE (4594,'Xã Sơn Lai',261);
INSERT INTO vsb_all_wards VALUE (4595,'Xã Sơn Thành',261);
INSERT INTO vsb_all_wards VALUE (4596,'Xã Văn Phú',261);
INSERT INTO vsb_all_wards VALUE (4597,'Xã Phú Lộc',261);
INSERT INTO vsb_all_wards VALUE (4598,'Xã Kỳ Phú',261);
INSERT INTO vsb_all_wards VALUE (4599,'Xã Quỳnh Lưu',261);
INSERT INTO vsb_all_wards VALUE (4600,'Xã Sơn Hà',261);
INSERT INTO vsb_all_wards VALUE (4601,'Xã Phú Long',261);
INSERT INTO vsb_all_wards VALUE (4602,'Xã Quảng Lạc',261);
INSERT INTO vsb_all_districts VALUE (262,'Huyện Gia Viễn',25);
INSERT INTO vsb_all_wards VALUE (4603,'Thị trấn Me',262);
INSERT INTO vsb_all_wards VALUE (4604,'Xã Gia Hòa',262);
INSERT INTO vsb_all_wards VALUE (4605,'Xã Gia Hưng',262);
INSERT INTO vsb_all_wards VALUE (4606,'Xã Liên Sơn',262);
INSERT INTO vsb_all_wards VALUE (4607,'Xã Gia Thanh',262);
INSERT INTO vsb_all_wards VALUE (4608,'Xã Gia Vân',262);
INSERT INTO vsb_all_wards VALUE (4609,'Xã Gia Phú',262);
INSERT INTO vsb_all_wards VALUE (4610,'Xã Gia Xuân',262);
INSERT INTO vsb_all_wards VALUE (4611,'Xã Gia Lập',262);
INSERT INTO vsb_all_wards VALUE (4612,'Xã Gia Vượng',262);
INSERT INTO vsb_all_wards VALUE (4613,'Xã Gia Trấn',262);
INSERT INTO vsb_all_wards VALUE (4614,'Xã Gia Thịnh',262);
INSERT INTO vsb_all_wards VALUE (4615,'Xã Gia Phương',262);
INSERT INTO vsb_all_wards VALUE (4616,'Xã Gia Tân',262);
INSERT INTO vsb_all_wards VALUE (4617,'Xã Gia Thắng',262);
INSERT INTO vsb_all_wards VALUE (4618,'Xã Gia Trung',262);
INSERT INTO vsb_all_wards VALUE (4619,'Xã Gia Minh',262);
INSERT INTO vsb_all_wards VALUE (4620,'Xã Gia Lạc',262);
INSERT INTO vsb_all_wards VALUE (4621,'Xã Gia Tiến',262);
INSERT INTO vsb_all_wards VALUE (4622,'Xã Gia Sinh',262);
INSERT INTO vsb_all_wards VALUE (4623,'Xã Gia Phong',262);
INSERT INTO vsb_all_districts VALUE (263,'Huyện Hoa Lư',25);
INSERT INTO vsb_all_wards VALUE (4624,'Thị trấn Thiên Tôn',263);
INSERT INTO vsb_all_wards VALUE (4625,'Xã Ninh Giang',263);
INSERT INTO vsb_all_wards VALUE (4626,'Xã Trường Yên',263);
INSERT INTO vsb_all_wards VALUE (4627,'Xã Ninh Khang',263);
INSERT INTO vsb_all_wards VALUE (4628,'Xã Ninh Mỹ',263);
INSERT INTO vsb_all_wards VALUE (4629,'Xã Ninh Hòa',263);
INSERT INTO vsb_all_wards VALUE (4630,'Xã Ninh Xuân',263);
INSERT INTO vsb_all_wards VALUE (4631,'Xã Ninh Hải',263);
INSERT INTO vsb_all_wards VALUE (4632,'Xã Ninh Thắng',263);
INSERT INTO vsb_all_wards VALUE (4633,'Xã Ninh Vân',263);
INSERT INTO vsb_all_wards VALUE (4634,'Xã Ninh An',263);
INSERT INTO vsb_all_districts VALUE (264,'Huyện Yên Khánh',25);
INSERT INTO vsb_all_wards VALUE (4635,'Thị trấn Yên Ninh',264);
INSERT INTO vsb_all_wards VALUE (4636,'Xã Khánh Tiên',264);
INSERT INTO vsb_all_wards VALUE (4637,'Xã Khánh Phú',264);
INSERT INTO vsb_all_wards VALUE (4638,'Xã Khánh Hòa',264);
INSERT INTO vsb_all_wards VALUE (4639,'Xã Khánh Lợi',264);
INSERT INTO vsb_all_wards VALUE (4640,'Xã Khánh An',264);
INSERT INTO vsb_all_wards VALUE (4641,'Xã Khánh Cường',264);
INSERT INTO vsb_all_wards VALUE (4642,'Xã Khánh Cư',264);
INSERT INTO vsb_all_wards VALUE (4643,'Xã Khánh Thiện',264);
INSERT INTO vsb_all_wards VALUE (4644,'Xã Khánh Hải',264);
INSERT INTO vsb_all_wards VALUE (4645,'Xã Khánh Trung',264);
INSERT INTO vsb_all_wards VALUE (4646,'Xã Khánh Mậu',264);
INSERT INTO vsb_all_wards VALUE (4647,'Xã Khánh Vân',264);
INSERT INTO vsb_all_wards VALUE (4648,'Xã Khánh Hội',264);
INSERT INTO vsb_all_wards VALUE (4649,'Xã Khánh Công',264);
INSERT INTO vsb_all_wards VALUE (4650,'Xã Khánh Thành',264);
INSERT INTO vsb_all_wards VALUE (4651,'Xã Khánh Nhạc',264);
INSERT INTO vsb_all_wards VALUE (4652,'Xã Khánh Thủy',264);
INSERT INTO vsb_all_wards VALUE (4653,'Xã Khánh Hồng',264);
INSERT INTO vsb_all_districts VALUE (265,'Huyện Kim Sơn',25);
INSERT INTO vsb_all_wards VALUE (4654,'Thị trấn Phát Diệm',265);
INSERT INTO vsb_all_wards VALUE (4655,'Thị trấn Bình Minh',265);
INSERT INTO vsb_all_wards VALUE (4656,'Xã Hồi Ninh',265);
INSERT INTO vsb_all_wards VALUE (4657,'Xã Xuân Chính',265);
INSERT INTO vsb_all_wards VALUE (4658,'Xã Kim Định',265);
INSERT INTO vsb_all_wards VALUE (4659,'Xã Ân Hòa',265);
INSERT INTO vsb_all_wards VALUE (4660,'Xã Hùng Tiến',265);
INSERT INTO vsb_all_wards VALUE (4661,'Xã Quang Thiện',265);
INSERT INTO vsb_all_wards VALUE (4662,'Xã Như Hòa',265);
INSERT INTO vsb_all_wards VALUE (4663,'Xã Chất Bình',265);
INSERT INTO vsb_all_wards VALUE (4664,'Xã Đồng Hướng',265);
INSERT INTO vsb_all_wards VALUE (4665,'Xã Kim Chính',265);
INSERT INTO vsb_all_wards VALUE (4666,'Xã Thượng Kiệm',265);
INSERT INTO vsb_all_wards VALUE (4667,'Xã Lưu Phương',265);
INSERT INTO vsb_all_wards VALUE (4668,'Xã Tân Thành',265);
INSERT INTO vsb_all_wards VALUE (4669,'Xã Yên Lộc',265);
INSERT INTO vsb_all_wards VALUE (4670,'Xã Lai Thành',265);
INSERT INTO vsb_all_wards VALUE (4671,'Xã Định Hóa',265);
INSERT INTO vsb_all_wards VALUE (4672,'Xã Văn Hải',265);
INSERT INTO vsb_all_wards VALUE (4673,'Xã Kim Tân',265);
INSERT INTO vsb_all_wards VALUE (4674,'Xã Kim Mỹ',265);
INSERT INTO vsb_all_wards VALUE (4675,'Xã Cồn Thoi',265);
INSERT INTO vsb_all_wards VALUE (4676,'Xã Kim Hải',265);
INSERT INTO vsb_all_wards VALUE (4677,'Xã Kim Trung',265);
INSERT INTO vsb_all_wards VALUE (4678,'Xã Kim Đông',265);
INSERT INTO vsb_all_districts VALUE (266,'Huyện Yên Mô',25);
INSERT INTO vsb_all_wards VALUE (4679,'Thị trấn Yên Thịnh',266);
INSERT INTO vsb_all_wards VALUE (4680,'Xã Khánh Thượng',266);
INSERT INTO vsb_all_wards VALUE (4681,'Xã Khánh Dương',266);
INSERT INTO vsb_all_wards VALUE (4682,'Xã Mai Sơn',266);
INSERT INTO vsb_all_wards VALUE (4683,'Xã Khánh Thịnh',266);
INSERT INTO vsb_all_wards VALUE (4684,'Xã Yên Phong',266);
INSERT INTO vsb_all_wards VALUE (4685,'Xã Yên Hòa',266);
INSERT INTO vsb_all_wards VALUE (4686,'Xã Yên Thắng',266);
INSERT INTO vsb_all_wards VALUE (4687,'Xã Yên Từ',266);
INSERT INTO vsb_all_wards VALUE (4688,'Xã Yên Hưng',266);
INSERT INTO vsb_all_wards VALUE (4689,'Xã Yên Thành',266);
INSERT INTO vsb_all_wards VALUE (4690,'Xã Yên Nhân',266);
INSERT INTO vsb_all_wards VALUE (4691,'Xã Yên Mỹ',266);
INSERT INTO vsb_all_wards VALUE (4692,'Xã Yên Mạc',266);
INSERT INTO vsb_all_wards VALUE (4693,'Xã Yên Đồng',266);
INSERT INTO vsb_all_wards VALUE (4694,'Xã Yên Thái',266);
INSERT INTO vsb_all_wards VALUE (4695,'Xã Yên Lâm',266);
INSERT INTO vsb_all_provinces VALUE (26,'Tỉnh Thanh Hóa');
INSERT INTO vsb_all_districts VALUE (267,'Thành phố Thanh Hóa',26);
INSERT INTO vsb_all_wards VALUE (4696,'Phường Hàm Rồng',267);
INSERT INTO vsb_all_wards VALUE (4697,'Phường Đông Thọ',267);
INSERT INTO vsb_all_wards VALUE (4698,'Phường Nam Ngạn',267);
INSERT INTO vsb_all_wards VALUE (4699,'Phường Trường Thi',267);
INSERT INTO vsb_all_wards VALUE (4700,'Phường Điện Biên',267);
INSERT INTO vsb_all_wards VALUE (4701,'Phường Phú Sơn',267);
INSERT INTO vsb_all_wards VALUE (4702,'Phường Lam Sơn',267);
INSERT INTO vsb_all_wards VALUE (4703,'Phường Ba Đình',267);
INSERT INTO vsb_all_wards VALUE (4704,'Phường Ngọc Trạo',267);
INSERT INTO vsb_all_wards VALUE (4705,'Phường Đông Vệ',267);
INSERT INTO vsb_all_wards VALUE (4706,'Phường Đông Sơn',267);
INSERT INTO vsb_all_wards VALUE (4707,'Phường Tân Sơn',267);
INSERT INTO vsb_all_wards VALUE (4708,'Phường Đông Cương',267);
INSERT INTO vsb_all_wards VALUE (4709,'Phường Đông Hương',267);
INSERT INTO vsb_all_wards VALUE (4710,'Phường Đông Hải',267);
INSERT INTO vsb_all_wards VALUE (4711,'Phường Quảng Hưng',267);
INSERT INTO vsb_all_wards VALUE (4712,'Phường Quảng Thắng',267);
INSERT INTO vsb_all_wards VALUE (4713,'Phường Quảng Thành',267);
INSERT INTO vsb_all_wards VALUE (4714,'Xã Thiệu Vân',267);
INSERT INTO vsb_all_wards VALUE (4715,'Phường Thiệu Khánh',267);
INSERT INTO vsb_all_wards VALUE (4716,'Phường Thiệu Dương',267);
INSERT INTO vsb_all_wards VALUE (4717,'Phường Tào Xuyên',267);
INSERT INTO vsb_all_wards VALUE (4718,'Phường Long Anh',267);
INSERT INTO vsb_all_wards VALUE (4719,'Xã Hoằng Quang',267);
INSERT INTO vsb_all_wards VALUE (4720,'Xã Hoằng Đại',267);
INSERT INTO vsb_all_wards VALUE (4721,'Phường Đông Lĩnh',267);
INSERT INTO vsb_all_wards VALUE (4722,'Xã Đông Vinh',267);
INSERT INTO vsb_all_wards VALUE (4723,'Phường Đông Tân',267);
INSERT INTO vsb_all_wards VALUE (4724,'Phường An Hưng',267);
INSERT INTO vsb_all_wards VALUE (4725,'Phường Quảng Thịnh',267);
INSERT INTO vsb_all_wards VALUE (4726,'Phường Quảng Đông',267);
INSERT INTO vsb_all_wards VALUE (4727,'Phường Quảng Cát',267);
INSERT INTO vsb_all_wards VALUE (4728,'Phường Quảng Phú',267);
INSERT INTO vsb_all_wards VALUE (4729,'Phường Quảng Tâm',267);
INSERT INTO vsb_all_districts VALUE (268,'Thị xã Bỉm Sơn',26);
INSERT INTO vsb_all_wards VALUE (4730,'Phường Bắc Sơn',268);
INSERT INTO vsb_all_wards VALUE (4731,'Phường Ba Đình',268);
INSERT INTO vsb_all_wards VALUE (4732,'Phường Lam Sơn',268);
INSERT INTO vsb_all_wards VALUE (4733,'Phường Ngọc Trạo',268);
INSERT INTO vsb_all_wards VALUE (4734,'Phường Đông Sơn',268);
INSERT INTO vsb_all_wards VALUE (4735,'Phường Phú Sơn',268);
INSERT INTO vsb_all_wards VALUE (4736,'Xã Quang Trung',268);
INSERT INTO vsb_all_districts VALUE (269,'Thành phố Sầm Sơn',26);
INSERT INTO vsb_all_wards VALUE (4737,'Phường Trung Sơn',269);
INSERT INTO vsb_all_wards VALUE (4738,'Phường Bắc Sơn',269);
INSERT INTO vsb_all_wards VALUE (4739,'Phường Trường Sơn',269);
INSERT INTO vsb_all_wards VALUE (4740,'Phường Quảng Cư',269);
INSERT INTO vsb_all_wards VALUE (4741,'Phường Quảng Tiến',269);
INSERT INTO vsb_all_wards VALUE (4742,'Xã Quảng Minh',269);
INSERT INTO vsb_all_wards VALUE (4743,'Xã Quảng Hùng',269);
INSERT INTO vsb_all_wards VALUE (4744,'Phường Quảng Thọ',269);
INSERT INTO vsb_all_wards VALUE (4745,'Phường Quảng Châu',269);
INSERT INTO vsb_all_wards VALUE (4746,'Phường Quảng Vinh',269);
INSERT INTO vsb_all_wards VALUE (4747,'Xã Quảng Đại',269);
INSERT INTO vsb_all_districts VALUE (270,'Huyện Mường Lát',26);
INSERT INTO vsb_all_wards VALUE (4748,'Thị trấn Mường Lát',270);
INSERT INTO vsb_all_wards VALUE (4749,'Xã Tam Chung',270);
INSERT INTO vsb_all_wards VALUE (4750,'Xã Mường Lý',270);
INSERT INTO vsb_all_wards VALUE (4751,'Xã Trung Lý',270);
INSERT INTO vsb_all_wards VALUE (4752,'Xã Quang Chiểu',270);
INSERT INTO vsb_all_wards VALUE (4753,'Xã Pù Nhi',270);
INSERT INTO vsb_all_wards VALUE (4754,'Xã Nhi Sơn',270);
INSERT INTO vsb_all_wards VALUE (4755,'Xã Mường Chanh',270);
INSERT INTO vsb_all_districts VALUE (271,'Huyện Quan Hóa',26);
INSERT INTO vsb_all_wards VALUE (4756,'Thị trấn Hồi Xuân',271);
INSERT INTO vsb_all_wards VALUE (4757,'Xã Thành Sơn',271);
INSERT INTO vsb_all_wards VALUE (4758,'Xã Trung Sơn',271);
INSERT INTO vsb_all_wards VALUE (4759,'Xã Phú Thanh',271);
INSERT INTO vsb_all_wards VALUE (4760,'Xã Trung Thành',271);
INSERT INTO vsb_all_wards VALUE (4761,'Xã Phú Lệ',271);
INSERT INTO vsb_all_wards VALUE (4762,'Xã Phú Sơn',271);
INSERT INTO vsb_all_wards VALUE (4763,'Xã Phú Xuân',271);
INSERT INTO vsb_all_wards VALUE (4764,'Xã Hiền Chung',271);
INSERT INTO vsb_all_wards VALUE (4765,'Xã Hiền Kiệt',271);
INSERT INTO vsb_all_wards VALUE (4766,'Xã Nam Tiến',271);
INSERT INTO vsb_all_wards VALUE (4767,'Xã Thiên Phủ',271);
INSERT INTO vsb_all_wards VALUE (4768,'Xã Phú Nghiêm',271);
INSERT INTO vsb_all_wards VALUE (4769,'Xã Nam Xuân',271);
INSERT INTO vsb_all_wards VALUE (4770,'Xã Nam Động',271);
INSERT INTO vsb_all_districts VALUE (272,'Huyện Bá Thước',26);
INSERT INTO vsb_all_wards VALUE (4771,'Thị trấn Cành Nàng',272);
INSERT INTO vsb_all_wards VALUE (4772,'Xã Điền Thượng',272);
INSERT INTO vsb_all_wards VALUE (4773,'Xã Điền Hạ',272);
INSERT INTO vsb_all_wards VALUE (4774,'Xã Điền Quang',272);
INSERT INTO vsb_all_wards VALUE (4775,'Xã Điền Trung',272);
INSERT INTO vsb_all_wards VALUE (4776,'Xã Thành Sơn',272);
INSERT INTO vsb_all_wards VALUE (4777,'Xã Lương Ngoại',272);
INSERT INTO vsb_all_wards VALUE (4778,'Xã Ái Thượng',272);
INSERT INTO vsb_all_wards VALUE (4779,'Xã Lương Nội',272);
INSERT INTO vsb_all_wards VALUE (4780,'Xã Điền Lư',272);
INSERT INTO vsb_all_wards VALUE (4781,'Xã Lương Trung',272);
INSERT INTO vsb_all_wards VALUE (4782,'Xã Lũng Niêm',272);
INSERT INTO vsb_all_wards VALUE (4783,'Xã Lũng Cao',272);
INSERT INTO vsb_all_wards VALUE (4784,'Xã Hạ Trung',272);
INSERT INTO vsb_all_wards VALUE (4785,'Xã Cổ Lũng',272);
INSERT INTO vsb_all_wards VALUE (4786,'Xã Thành Lâm',272);
INSERT INTO vsb_all_wards VALUE (4787,'Xã Ban Công',272);
INSERT INTO vsb_all_wards VALUE (4788,'Xã Kỳ Tân',272);
INSERT INTO vsb_all_wards VALUE (4789,'Xã Văn Nho',272);
INSERT INTO vsb_all_wards VALUE (4790,'Xã Thiết Ống',272);
INSERT INTO vsb_all_wards VALUE (4791,'Xã Thiết Kế',272);
INSERT INTO vsb_all_districts VALUE (273,'Huyện Quan Sơn',26);
INSERT INTO vsb_all_wards VALUE (4792,'Xã Trung Xuân',273);
INSERT INTO vsb_all_wards VALUE (4793,'Xã Trung Thượng',273);
INSERT INTO vsb_all_wards VALUE (4794,'Xã Trung Tiến',273);
INSERT INTO vsb_all_wards VALUE (4795,'Xã Trung Hạ',273);
INSERT INTO vsb_all_wards VALUE (4796,'Xã Sơn Hà',273);
INSERT INTO vsb_all_wards VALUE (4797,'Xã Tam Thanh',273);
INSERT INTO vsb_all_wards VALUE (4798,'Xã Sơn Thủy',273);
INSERT INTO vsb_all_wards VALUE (4799,'Xã Na Mèo',273);
INSERT INTO vsb_all_wards VALUE (4800,'Thị trấn Sơn Lư',273);
INSERT INTO vsb_all_wards VALUE (4801,'Xã Tam Lư',273);
INSERT INTO vsb_all_wards VALUE (4802,'Xã Sơn Điện',273);
INSERT INTO vsb_all_wards VALUE (4803,'Xã Mường Mìn',273);
INSERT INTO vsb_all_districts VALUE (274,'Huyện Lang Chánh',26);
INSERT INTO vsb_all_wards VALUE (4804,'Xã Yên Khương',274);
INSERT INTO vsb_all_wards VALUE (4805,'Xã Yên Thắng',274);
INSERT INTO vsb_all_wards VALUE (4806,'Xã Trí Nang',274);
INSERT INTO vsb_all_wards VALUE (4807,'Xã Giao An',274);
INSERT INTO vsb_all_wards VALUE (4808,'Xã Giao Thiện',274);
INSERT INTO vsb_all_wards VALUE (4809,'Xã Tân Phúc',274);
INSERT INTO vsb_all_wards VALUE (4810,'Xã Tam Văn',274);
INSERT INTO vsb_all_wards VALUE (4811,'Xã Lâm Phú',274);
INSERT INTO vsb_all_wards VALUE (4812,'Thị trấn Lang Chánh',274);
INSERT INTO vsb_all_wards VALUE (4813,'Xã Đồng Lương',274);
INSERT INTO vsb_all_districts VALUE (275,'Huyện Ngọc Lặc',26);
INSERT INTO vsb_all_wards VALUE (4814,'Thị trấn Ngọc Lặc',275);
INSERT INTO vsb_all_wards VALUE (4815,'Xã Lam Sơn',275);
INSERT INTO vsb_all_wards VALUE (4816,'Xã Mỹ Tân',275);
INSERT INTO vsb_all_wards VALUE (4817,'Xã Thúy Sơn',275);
INSERT INTO vsb_all_wards VALUE (4818,'Xã Thạch Lập',275);
INSERT INTO vsb_all_wards VALUE (4819,'Xã Vân Âm',275);
INSERT INTO vsb_all_wards VALUE (4820,'Xã Cao Ngọc',275);
INSERT INTO vsb_all_wards VALUE (4821,'Xã Quang Trung',275);
INSERT INTO vsb_all_wards VALUE (4822,'Xã Đồng Thịnh',275);
INSERT INTO vsb_all_wards VALUE (4823,'Xã Ngọc Liên',275);
INSERT INTO vsb_all_wards VALUE (4824,'Xã Ngọc Sơn',275);
INSERT INTO vsb_all_wards VALUE (4825,'Xã Lộc Thịnh',275);
INSERT INTO vsb_all_wards VALUE (4826,'Xã Cao Thịnh',275);
INSERT INTO vsb_all_wards VALUE (4827,'Xã Ngọc Trung',275);
INSERT INTO vsb_all_wards VALUE (4828,'Xã Phùng Giáo',275);
INSERT INTO vsb_all_wards VALUE (4829,'Xã Phùng Minh',275);
INSERT INTO vsb_all_wards VALUE (4830,'Xã Phúc Thịnh',275);
INSERT INTO vsb_all_wards VALUE (4831,'Xã Nguyệt Ấn',275);
INSERT INTO vsb_all_wards VALUE (4832,'Xã Kiên Thọ',275);
INSERT INTO vsb_all_wards VALUE (4833,'Xã Minh Tiến',275);
INSERT INTO vsb_all_wards VALUE (4834,'Xã Minh Sơn',275);
INSERT INTO vsb_all_districts VALUE (276,'Huyện Cẩm Thủy',26);
INSERT INTO vsb_all_wards VALUE (4835,'Thị trấn Phong Sơn',276);
INSERT INTO vsb_all_wards VALUE (4836,'Xã Cẩm Thành',276);
INSERT INTO vsb_all_wards VALUE (4837,'Xã Cẩm Quý',276);
INSERT INTO vsb_all_wards VALUE (4838,'Xã Cẩm Lương',276);
INSERT INTO vsb_all_wards VALUE (4839,'Xã Cẩm Thạch',276);
INSERT INTO vsb_all_wards VALUE (4840,'Xã Cẩm Liên',276);
INSERT INTO vsb_all_wards VALUE (4841,'Xã Cẩm Giang',276);
INSERT INTO vsb_all_wards VALUE (4842,'Xã Cẩm Bình',276);
INSERT INTO vsb_all_wards VALUE (4843,'Xã Cẩm Tú',276);
INSERT INTO vsb_all_wards VALUE (4844,'Xã Cẩm Châu',276);
INSERT INTO vsb_all_wards VALUE (4845,'Xã Cẩm Tâm',276);
INSERT INTO vsb_all_wards VALUE (4846,'Xã Cẩm Ngọc',276);
INSERT INTO vsb_all_wards VALUE (4847,'Xã Cẩm Long',276);
INSERT INTO vsb_all_wards VALUE (4848,'Xã Cẩm Yên',276);
INSERT INTO vsb_all_wards VALUE (4849,'Xã Cẩm Tân',276);
INSERT INTO vsb_all_wards VALUE (4850,'Xã Cẩm Phú',276);
INSERT INTO vsb_all_wards VALUE (4851,'Xã Cẩm Vân',276);
INSERT INTO vsb_all_districts VALUE (277,'Huyện Thạch Thành',26);
INSERT INTO vsb_all_wards VALUE (4852,'Thị trấn Kim Tân',277);
INSERT INTO vsb_all_wards VALUE (4853,'Thị trấn Vân Du',277);
INSERT INTO vsb_all_wards VALUE (4854,'Xã Thạch Lâm',277);
INSERT INTO vsb_all_wards VALUE (4855,'Xã Thạch Quảng',277);
INSERT INTO vsb_all_wards VALUE (4856,'Xã Thạch Tượng',277);
INSERT INTO vsb_all_wards VALUE (4857,'Xã Thạch Cẩm',277);
INSERT INTO vsb_all_wards VALUE (4858,'Xã Thạch Sơn',277);
INSERT INTO vsb_all_wards VALUE (4859,'Xã Thạch Bình',277);
INSERT INTO vsb_all_wards VALUE (4860,'Xã Thạch Định',277);
INSERT INTO vsb_all_wards VALUE (4861,'Xã Thạch Đồng',277);
INSERT INTO vsb_all_wards VALUE (4862,'Xã Thạch Long',277);
INSERT INTO vsb_all_wards VALUE (4863,'Xã Thành Mỹ',277);
INSERT INTO vsb_all_wards VALUE (4864,'Xã Thành Yên',277);
INSERT INTO vsb_all_wards VALUE (4865,'Xã Thành Vinh',277);
INSERT INTO vsb_all_wards VALUE (4866,'Xã Thành Minh',277);
INSERT INTO vsb_all_wards VALUE (4867,'Xã Thành Công',277);
INSERT INTO vsb_all_wards VALUE (4868,'Xã Thành Tân',277);
INSERT INTO vsb_all_wards VALUE (4869,'Xã Thành Trực',277);
INSERT INTO vsb_all_wards VALUE (4870,'Xã Thành Tâm',277);
INSERT INTO vsb_all_wards VALUE (4871,'Xã Thành An',277);
INSERT INTO vsb_all_wards VALUE (4872,'Xã Thành Thọ',277);
INSERT INTO vsb_all_wards VALUE (4873,'Xã Thành Tiến',277);
INSERT INTO vsb_all_wards VALUE (4874,'Xã Thành Long',277);
INSERT INTO vsb_all_wards VALUE (4875,'Xã Thành Hưng',277);
INSERT INTO vsb_all_wards VALUE (4876,'Xã Ngọc Trạo',277);
INSERT INTO vsb_all_districts VALUE (278,'Huyện Hà Trung',26);
INSERT INTO vsb_all_wards VALUE (4877,'Thị trấn Hà Trung',278);
INSERT INTO vsb_all_wards VALUE (4878,'Xã Hà Long',278);
INSERT INTO vsb_all_wards VALUE (4879,'Xã Hà Vinh',278);
INSERT INTO vsb_all_wards VALUE (4880,'Xã Hà Bắc',278);
INSERT INTO vsb_all_wards VALUE (4881,'Xã Hoạt Giang',278);
INSERT INTO vsb_all_wards VALUE (4882,'Xã Yên Dương',278);
INSERT INTO vsb_all_wards VALUE (4883,'Xã Hà Giang',278);
INSERT INTO vsb_all_wards VALUE (4884,'Xã Lĩnh Toại',278);
INSERT INTO vsb_all_wards VALUE (4885,'Xã Hà Ngọc',278);
INSERT INTO vsb_all_wards VALUE (4886,'Xã Yến Sơn',278);
INSERT INTO vsb_all_wards VALUE (4887,'Xã Hà Sơn',278);
INSERT INTO vsb_all_wards VALUE (4888,'Xã Hà Lĩnh',278);
INSERT INTO vsb_all_wards VALUE (4889,'Xã Hà Đông',278);
INSERT INTO vsb_all_wards VALUE (4890,'Xã Hà Tân',278);
INSERT INTO vsb_all_wards VALUE (4891,'Xã Hà Tiến',278);
INSERT INTO vsb_all_wards VALUE (4892,'Xã Hà Bình',278);
INSERT INTO vsb_all_wards VALUE (4893,'Xã Hà Lai',278);
INSERT INTO vsb_all_wards VALUE (4894,'Xã Hà Châu',278);
INSERT INTO vsb_all_wards VALUE (4895,'Xã Hà Thái',278);
INSERT INTO vsb_all_wards VALUE (4896,'Xã Hà Hải',278);
INSERT INTO vsb_all_districts VALUE (279,'Huyện Vĩnh Lộc',26);
INSERT INTO vsb_all_wards VALUE (4897,'Thị trấn Vĩnh Lộc',279);
INSERT INTO vsb_all_wards VALUE (4898,'Xã Vĩnh Quang',279);
INSERT INTO vsb_all_wards VALUE (4899,'Xã Vĩnh Yên',279);
INSERT INTO vsb_all_wards VALUE (4900,'Xã Vĩnh Tiến',279);
INSERT INTO vsb_all_wards VALUE (4901,'Xã Vĩnh Long',279);
INSERT INTO vsb_all_wards VALUE (4902,'Xã Vĩnh Phúc',279);
INSERT INTO vsb_all_wards VALUE (4903,'Xã Vĩnh Hưng',279);
INSERT INTO vsb_all_wards VALUE (4904,'Xã Vĩnh Hòa',279);
INSERT INTO vsb_all_wards VALUE (4905,'Xã Vĩnh Hùng',279);
INSERT INTO vsb_all_wards VALUE (4906,'Xã Minh Tân',279);
INSERT INTO vsb_all_wards VALUE (4907,'Xã Ninh Khang',279);
INSERT INTO vsb_all_wards VALUE (4908,'Xã Vĩnh Thịnh',279);
INSERT INTO vsb_all_wards VALUE (4909,'Xã Vĩnh An',279);
INSERT INTO vsb_all_districts VALUE (280,'Huyện Yên Định',26);
INSERT INTO vsb_all_wards VALUE (4910,'Thị trấn Thống Nhất',280);
INSERT INTO vsb_all_wards VALUE (4911,'Thị trấn Yên Lâm',280);
INSERT INTO vsb_all_wards VALUE (4912,'Xã Yên Tâm',280);
INSERT INTO vsb_all_wards VALUE (4913,'Xã Yên Phú',280);
INSERT INTO vsb_all_wards VALUE (4914,'Thị trấn Quý Lộc',280);
INSERT INTO vsb_all_wards VALUE (4915,'Xã Yên Thọ',280);
INSERT INTO vsb_all_wards VALUE (4916,'Xã Yên Trung',280);
INSERT INTO vsb_all_wards VALUE (4917,'Xã Yên Trường',280);
INSERT INTO vsb_all_wards VALUE (4918,'Xã Yên Phong',280);
INSERT INTO vsb_all_wards VALUE (4919,'Xã Yên Thái',280);
INSERT INTO vsb_all_wards VALUE (4920,'Xã Yên Hùng',280);
INSERT INTO vsb_all_wards VALUE (4921,'Xã Yên Thịnh',280);
INSERT INTO vsb_all_wards VALUE (4922,'Xã Yên Ninh',280);
INSERT INTO vsb_all_wards VALUE (4923,'Xã Yên Lạc',280);
INSERT INTO vsb_all_wards VALUE (4924,'Xã Định Tăng',280);
INSERT INTO vsb_all_wards VALUE (4925,'Xã Định Hòa',280);
INSERT INTO vsb_all_wards VALUE (4926,'Xã Định Thành',280);
INSERT INTO vsb_all_wards VALUE (4927,'Xã Định Công',280);
INSERT INTO vsb_all_wards VALUE (4928,'Xã Định Tân',280);
INSERT INTO vsb_all_wards VALUE (4929,'Xã Định Tiến',280);
INSERT INTO vsb_all_wards VALUE (4930,'Xã Định Long',280);
INSERT INTO vsb_all_wards VALUE (4931,'Xã Định Liên',280);
INSERT INTO vsb_all_wards VALUE (4932,'Thị trấn Quán Lào',280);
INSERT INTO vsb_all_wards VALUE (4933,'Xã Định Hưng',280);
INSERT INTO vsb_all_wards VALUE (4934,'Xã Định Hải',280);
INSERT INTO vsb_all_wards VALUE (4935,'Xã Định Bình',280);
INSERT INTO vsb_all_districts VALUE (281,'Huyện Thọ Xuân',26);
INSERT INTO vsb_all_wards VALUE (4936,'Xã Xuân Hồng',281);
INSERT INTO vsb_all_wards VALUE (4937,'Thị trấn Thọ Xuân',281);
INSERT INTO vsb_all_wards VALUE (4938,'Xã Bắc Lương',281);
INSERT INTO vsb_all_wards VALUE (4939,'Xã Nam Giang',281);
INSERT INTO vsb_all_wards VALUE (4940,'Xã Xuân Phong',281);
INSERT INTO vsb_all_wards VALUE (4941,'Xã Thọ Lộc',281);
INSERT INTO vsb_all_wards VALUE (4942,'Xã Xuân Trường',281);
INSERT INTO vsb_all_wards VALUE (4943,'Xã Xuân Hòa',281);
INSERT INTO vsb_all_wards VALUE (4944,'Xã Thọ Hải',281);
INSERT INTO vsb_all_wards VALUE (4945,'Xã Tây Hồ',281);
INSERT INTO vsb_all_wards VALUE (4946,'Xã Xuân Giang',281);
INSERT INTO vsb_all_wards VALUE (4947,'Xã Xuân Sinh',281);
INSERT INTO vsb_all_wards VALUE (4948,'Xã Xuân Hưng',281);
INSERT INTO vsb_all_wards VALUE (4949,'Xã Thọ Diên',281);
INSERT INTO vsb_all_wards VALUE (4950,'Xã Thọ Lâm',281);
INSERT INTO vsb_all_wards VALUE (4951,'Xã Thọ Xương',281);
INSERT INTO vsb_all_wards VALUE (4952,'Xã Xuân Bái',281);
INSERT INTO vsb_all_wards VALUE (4953,'Xã Xuân Phú',281);
INSERT INTO vsb_all_wards VALUE (4954,'Thị trấn Sao Vàng',281);
INSERT INTO vsb_all_wards VALUE (4955,'Thị trấn Lam Sơn',281);
INSERT INTO vsb_all_wards VALUE (4956,'Xã Xuân Thiên',281);
INSERT INTO vsb_all_wards VALUE (4957,'Xã Thuận Minh',281);
INSERT INTO vsb_all_wards VALUE (4958,'Xã Thọ Lập',281);
INSERT INTO vsb_all_wards VALUE (4959,'Xã Quảng Phú',281);
INSERT INTO vsb_all_wards VALUE (4960,'Xã Xuân Tín',281);
INSERT INTO vsb_all_wards VALUE (4961,'Xã Phú Xuân',281);
INSERT INTO vsb_all_wards VALUE (4962,'Xã Xuân Lai',281);
INSERT INTO vsb_all_wards VALUE (4963,'Xã Xuân Lập',281);
INSERT INTO vsb_all_wards VALUE (4964,'Xã Xuân Minh',281);
INSERT INTO vsb_all_wards VALUE (4965,'Xã Trường Xuân',281);
INSERT INTO vsb_all_districts VALUE (282,'Huyện Thường Xuân',26);
INSERT INTO vsb_all_wards VALUE (4966,'Xã Bát Mọt',282);
INSERT INTO vsb_all_wards VALUE (4967,'Xã Yên Nhân',282);
INSERT INTO vsb_all_wards VALUE (4968,'Xã Xuân Lẹ',282);
INSERT INTO vsb_all_wards VALUE (4969,'Xã Vạn Xuân',282);
INSERT INTO vsb_all_wards VALUE (4970,'Xã Lương Sơn',282);
INSERT INTO vsb_all_wards VALUE (4971,'Xã Xuân Cao',282);
INSERT INTO vsb_all_wards VALUE (4972,'Xã Luận Thành',282);
INSERT INTO vsb_all_wards VALUE (4973,'Xã Luận Khê',282);
INSERT INTO vsb_all_wards VALUE (4974,'Xã Xuân Thắng',282);
INSERT INTO vsb_all_wards VALUE (4975,'Xã Xuân Lộc',282);
INSERT INTO vsb_all_wards VALUE (4976,'Thị trấn Thường Xuân',282);
INSERT INTO vsb_all_wards VALUE (4977,'Xã Xuân Dương',282);
INSERT INTO vsb_all_wards VALUE (4978,'Xã Thọ Thanh',282);
INSERT INTO vsb_all_wards VALUE (4979,'Xã Ngọc Phụng',282);
INSERT INTO vsb_all_wards VALUE (4980,'Xã Xuân Chinh',282);
INSERT INTO vsb_all_wards VALUE (4981,'Xã Tân Thành',282);
INSERT INTO vsb_all_districts VALUE (283,'Huyện Triệu Sơn',26);
INSERT INTO vsb_all_wards VALUE (4982,'Thị trấn Triệu Sơn',283);
INSERT INTO vsb_all_wards VALUE (4983,'Xã Thọ Sơn',283);
INSERT INTO vsb_all_wards VALUE (4984,'Xã Thọ Bình',283);
INSERT INTO vsb_all_wards VALUE (4985,'Xã Thọ Tiến',283);
INSERT INTO vsb_all_wards VALUE (4986,'Xã Hợp Lý',283);
INSERT INTO vsb_all_wards VALUE (4987,'Xã Hợp Tiến',283);
INSERT INTO vsb_all_wards VALUE (4988,'Xã Hợp Thành',283);
INSERT INTO vsb_all_wards VALUE (4989,'Xã Triệu Thành',283);
INSERT INTO vsb_all_wards VALUE (4990,'Xã Hợp Thắng',283);
INSERT INTO vsb_all_wards VALUE (4991,'Xã Minh Sơn',283);
INSERT INTO vsb_all_wards VALUE (4992,'Xã Dân Lực',283);
INSERT INTO vsb_all_wards VALUE (4993,'Xã Dân Lý',283);
INSERT INTO vsb_all_wards VALUE (4994,'Xã Dân Quyền',283);
INSERT INTO vsb_all_wards VALUE (4995,'Xã An Nông',283);
INSERT INTO vsb_all_wards VALUE (4996,'Xã Văn Sơn',283);
INSERT INTO vsb_all_wards VALUE (4997,'Xã Thái Hòa',283);
INSERT INTO vsb_all_wards VALUE (4998,'Thị trấn Nưa',283);
INSERT INTO vsb_all_wards VALUE (4999,'Xã Đồng Lợi',283);
INSERT INTO vsb_all_wards VALUE (5000,'Xã Đồng Tiến',283);
INSERT INTO vsb_all_wards VALUE (5001,'Xã Đồng Thắng',283);
INSERT INTO vsb_all_wards VALUE (5002,'Xã Tiến Nông',283);
INSERT INTO vsb_all_wards VALUE (5003,'Xã Khuyến Nông',283);
INSERT INTO vsb_all_wards VALUE (5004,'Xã Xuân Thịnh',283);
INSERT INTO vsb_all_wards VALUE (5005,'Xã Xuân Lộc',283);
INSERT INTO vsb_all_wards VALUE (5006,'Xã Thọ Dân',283);
INSERT INTO vsb_all_wards VALUE (5007,'Xã Xuân Thọ',283);
INSERT INTO vsb_all_wards VALUE (5008,'Xã Thọ Tân',283);
INSERT INTO vsb_all_wards VALUE (5009,'Xã Thọ Ngọc',283);
INSERT INTO vsb_all_wards VALUE (5010,'Xã Thọ Cường',283);
INSERT INTO vsb_all_wards VALUE (5011,'Xã Thọ Phú',283);
INSERT INTO vsb_all_wards VALUE (5012,'Xã Thọ Vực',283);
INSERT INTO vsb_all_wards VALUE (5013,'Xã Thọ Thế',283);
INSERT INTO vsb_all_wards VALUE (5014,'Xã Nông Trường',283);
INSERT INTO vsb_all_wards VALUE (5015,'Xã Bình Sơn',283);
INSERT INTO vsb_all_districts VALUE (284,'Huyện Thiệu Hóa',26);
INSERT INTO vsb_all_wards VALUE (5016,'Thị trấn Thiệu Hóa',284);
INSERT INTO vsb_all_wards VALUE (5017,'Xã Thiệu Ngọc',284);
INSERT INTO vsb_all_wards VALUE (5018,'Xã Thiệu Vũ',284);
INSERT INTO vsb_all_wards VALUE (5019,'Xã Thiệu Phúc',284);
INSERT INTO vsb_all_wards VALUE (5020,'Xã Thiệu Tiến',284);
INSERT INTO vsb_all_wards VALUE (5021,'Xã Thiệu Công',284);
INSERT INTO vsb_all_wards VALUE (5022,'Xã Thiệu Phú',284);
INSERT INTO vsb_all_wards VALUE (5023,'Xã Thiệu Long',284);
INSERT INTO vsb_all_wards VALUE (5024,'Xã Thiệu Giang',284);
INSERT INTO vsb_all_wards VALUE (5025,'Xã Thiệu Duy',284);
INSERT INTO vsb_all_wards VALUE (5026,'Xã Thiệu Nguyên',284);
INSERT INTO vsb_all_wards VALUE (5027,'Xã Thiệu Hợp',284);
INSERT INTO vsb_all_wards VALUE (5028,'Xã Thiệu Thịnh',284);
INSERT INTO vsb_all_wards VALUE (5029,'Xã Thiệu Quang',284);
INSERT INTO vsb_all_wards VALUE (5030,'Xã Thiệu Thành',284);
INSERT INTO vsb_all_wards VALUE (5031,'Xã Thiệu Toán',284);
INSERT INTO vsb_all_wards VALUE (5032,'Xã Thiệu Chính',284);
INSERT INTO vsb_all_wards VALUE (5033,'Xã Thiệu Hòa',284);
INSERT INTO vsb_all_wards VALUE (5034,'Xã Minh Tâm',284);
INSERT INTO vsb_all_wards VALUE (5035,'Xã Thiệu Viên',284);
INSERT INTO vsb_all_wards VALUE (5036,'Xã Thiệu Lý',284);
INSERT INTO vsb_all_wards VALUE (5037,'Xã Thiệu Vận',284);
INSERT INTO vsb_all_wards VALUE (5038,'Xã Thiệu Trung',284);
INSERT INTO vsb_all_wards VALUE (5039,'Xã Tân Châu',284);
INSERT INTO vsb_all_wards VALUE (5040,'Xã Thiệu Giao',284);
INSERT INTO vsb_all_districts VALUE (285,'Huyện Hoằng Hóa',26);
INSERT INTO vsb_all_wards VALUE (5041,'Thị trấn Bút Sơn',285);
INSERT INTO vsb_all_wards VALUE (5042,'Xã Hoằng Giang',285);
INSERT INTO vsb_all_wards VALUE (5043,'Xã Hoằng Xuân',285);
INSERT INTO vsb_all_wards VALUE (5044,'Xã Hoằng Phượng',285);
INSERT INTO vsb_all_wards VALUE (5045,'Xã Hoằng Phú',285);
INSERT INTO vsb_all_wards VALUE (5046,'Xã Hoằng Quỳ',285);
INSERT INTO vsb_all_wards VALUE (5047,'Xã Hoằng Kim',285);
INSERT INTO vsb_all_wards VALUE (5048,'Xã Hoằng Trung',285);
INSERT INTO vsb_all_wards VALUE (5049,'Xã Hoằng Trinh',285);
INSERT INTO vsb_all_wards VALUE (5050,'Xã Hoằng Sơn',285);
INSERT INTO vsb_all_wards VALUE (5051,'Xã Hoằng Cát',285);
INSERT INTO vsb_all_wards VALUE (5052,'Xã Hoằng Xuyên',285);
INSERT INTO vsb_all_wards VALUE (5053,'Xã Hoằng Quý',285);
INSERT INTO vsb_all_wards VALUE (5054,'Xã Hoằng Hợp',285);
INSERT INTO vsb_all_wards VALUE (5055,'Xã Hoằng Đức',285);
INSERT INTO vsb_all_wards VALUE (5056,'Xã Hoằng Hà',285);
INSERT INTO vsb_all_wards VALUE (5057,'Xã Hoằng Đạt',285);
INSERT INTO vsb_all_wards VALUE (5058,'Xã Hoằng Đạo',285);
INSERT INTO vsb_all_wards VALUE (5059,'Xã Hoằng Thắng',285);
INSERT INTO vsb_all_wards VALUE (5060,'Xã Hoằng Đồng',285);
INSERT INTO vsb_all_wards VALUE (5061,'Xã Hoằng Thái',285);
INSERT INTO vsb_all_wards VALUE (5062,'Xã Hoằng Thịnh',285);
INSERT INTO vsb_all_wards VALUE (5063,'Xã Hoằng Thành',285);
INSERT INTO vsb_all_wards VALUE (5064,'Xã Hoằng Lộc',285);
INSERT INTO vsb_all_wards VALUE (5065,'Xã Hoằng Trạch',285);
INSERT INTO vsb_all_wards VALUE (5066,'Xã Hoằng Phong',285);
INSERT INTO vsb_all_wards VALUE (5067,'Xã Hoằng Lưu',285);
INSERT INTO vsb_all_wards VALUE (5068,'Xã Hoằng Châu',285);
INSERT INTO vsb_all_wards VALUE (5069,'Xã Hoằng Tân',285);
INSERT INTO vsb_all_wards VALUE (5070,'Xã Hoằng Yến',285);
INSERT INTO vsb_all_wards VALUE (5071,'Xã Hoằng Tiến',285);
INSERT INTO vsb_all_wards VALUE (5072,'Xã Hoằng Hải',285);
INSERT INTO vsb_all_wards VALUE (5073,'Xã Hoằng Ngọc',285);
INSERT INTO vsb_all_wards VALUE (5074,'Xã Hoằng Đông',285);
INSERT INTO vsb_all_wards VALUE (5075,'Xã Hoằng Thanh',285);
INSERT INTO vsb_all_wards VALUE (5076,'Xã Hoằng Phụ',285);
INSERT INTO vsb_all_wards VALUE (5077,'Xã Hoằng Trường',285);
INSERT INTO vsb_all_districts VALUE (286,'Huyện Hậu Lộc',26);
INSERT INTO vsb_all_wards VALUE (5078,'Thị trấn Hậu Lộc',286);
INSERT INTO vsb_all_wards VALUE (5079,'Xã Đồng Lộc',286);
INSERT INTO vsb_all_wards VALUE (5080,'Xã Đại Lộc',286);
INSERT INTO vsb_all_wards VALUE (5081,'Xã Triệu Lộc',286);
INSERT INTO vsb_all_wards VALUE (5082,'Xã Tiến Lộc',286);
INSERT INTO vsb_all_wards VALUE (5083,'Xã Lộc Sơn',286);
INSERT INTO vsb_all_wards VALUE (5084,'Xã Cầu Lộc',286);
INSERT INTO vsb_all_wards VALUE (5085,'Xã Thành Lộc',286);
INSERT INTO vsb_all_wards VALUE (5086,'Xã Tuy Lộc',286);
INSERT INTO vsb_all_wards VALUE (5087,'Xã Phong Lộc',286);
INSERT INTO vsb_all_wards VALUE (5088,'Xã Mỹ Lộc',286);
INSERT INTO vsb_all_wards VALUE (5089,'Xã Thuần Lộc',286);
INSERT INTO vsb_all_wards VALUE (5090,'Xã Xuân Lộc',286);
INSERT INTO vsb_all_wards VALUE (5091,'Xã Hoa Lộc',286);
INSERT INTO vsb_all_wards VALUE (5092,'Xã Liên Lộc',286);
INSERT INTO vsb_all_wards VALUE (5093,'Xã Quang Lộc',286);
INSERT INTO vsb_all_wards VALUE (5094,'Xã Phú Lộc',286);
INSERT INTO vsb_all_wards VALUE (5095,'Xã Hòa Lộc',286);
INSERT INTO vsb_all_wards VALUE (5096,'Xã Minh Lộc',286);
INSERT INTO vsb_all_wards VALUE (5097,'Xã Hưng Lộc',286);
INSERT INTO vsb_all_wards VALUE (5098,'Xã Hải Lộc',286);
INSERT INTO vsb_all_wards VALUE (5099,'Xã Đa Lộc',286);
INSERT INTO vsb_all_wards VALUE (5100,'Xã Ngư Lộc',286);
INSERT INTO vsb_all_districts VALUE (287,'Huyện Nga Sơn',26);
INSERT INTO vsb_all_wards VALUE (5101,'Thị trấn Nga Sơn',287);
INSERT INTO vsb_all_wards VALUE (5102,'Xã Ba Đình',287);
INSERT INTO vsb_all_wards VALUE (5103,'Xã Nga Vịnh',287);
INSERT INTO vsb_all_wards VALUE (5104,'Xã Nga Văn',287);
INSERT INTO vsb_all_wards VALUE (5105,'Xã Nga Thiện',287);
INSERT INTO vsb_all_wards VALUE (5106,'Xã Nga Tiến',287);
INSERT INTO vsb_all_wards VALUE (5107,'Xã Nga Phượng',287);
INSERT INTO vsb_all_wards VALUE (5108,'Xã Nga Trung',287);
INSERT INTO vsb_all_wards VALUE (5109,'Xã Nga Bạch',287);
INSERT INTO vsb_all_wards VALUE (5110,'Xã Nga Thanh',287);
INSERT INTO vsb_all_wards VALUE (5111,'Xã Nga Yên',287);
INSERT INTO vsb_all_wards VALUE (5112,'Xã Nga Giáp',287);
INSERT INTO vsb_all_wards VALUE (5113,'Xã Nga Hải',287);
INSERT INTO vsb_all_wards VALUE (5114,'Xã Nga Thành',287);
INSERT INTO vsb_all_wards VALUE (5115,'Xã Nga An',287);
INSERT INTO vsb_all_wards VALUE (5116,'Xã Nga Phú',287);
INSERT INTO vsb_all_wards VALUE (5117,'Xã Nga Điền',287);
INSERT INTO vsb_all_wards VALUE (5118,'Xã Nga Tân',287);
INSERT INTO vsb_all_wards VALUE (5119,'Xã Nga Thủy',287);
INSERT INTO vsb_all_wards VALUE (5120,'Xã Nga Liên',287);
INSERT INTO vsb_all_wards VALUE (5121,'Xã Nga Thái',287);
INSERT INTO vsb_all_wards VALUE (5122,'Xã Nga Thạch',287);
INSERT INTO vsb_all_wards VALUE (5123,'Xã Nga Thắng',287);
INSERT INTO vsb_all_wards VALUE (5124,'Xã Nga Trường',287);
INSERT INTO vsb_all_districts VALUE (288,'Huyện Như Xuân',26);
INSERT INTO vsb_all_wards VALUE (5125,'Thị trấn Yên Cát',288);
INSERT INTO vsb_all_wards VALUE (5126,'Xã Bãi Trành',288);
INSERT INTO vsb_all_wards VALUE (5127,'Xã Xuân Hòa',288);
INSERT INTO vsb_all_wards VALUE (5128,'Xã Xuân Bình',288);
INSERT INTO vsb_all_wards VALUE (5129,'Xã Hóa Quỳ',288);
INSERT INTO vsb_all_wards VALUE (5130,'Xã Cát Vân',288);
INSERT INTO vsb_all_wards VALUE (5131,'Xã Cát Tân',288);
INSERT INTO vsb_all_wards VALUE (5132,'Xã Tân Bình',288);
INSERT INTO vsb_all_wards VALUE (5133,'Xã Bình Lương',288);
INSERT INTO vsb_all_wards VALUE (5134,'Xã Thanh Quân',288);
INSERT INTO vsb_all_wards VALUE (5135,'Xã Thanh Xuân',288);
INSERT INTO vsb_all_wards VALUE (5136,'Xã Thanh Hòa',288);
INSERT INTO vsb_all_wards VALUE (5137,'Xã Thanh Phong',288);
INSERT INTO vsb_all_wards VALUE (5138,'Xã Thanh Lâm',288);
INSERT INTO vsb_all_wards VALUE (5139,'Xã Thanh Sơn',288);
INSERT INTO vsb_all_wards VALUE (5140,'Xã Thượng Ninh',288);
INSERT INTO vsb_all_districts VALUE (289,'Huyện Như Thanh',26);
INSERT INTO vsb_all_wards VALUE (5141,'Thị trấn Bến Sung',289);
INSERT INTO vsb_all_wards VALUE (5142,'Xã Cán Khê',289);
INSERT INTO vsb_all_wards VALUE (5143,'Xã Xuân Du',289);
INSERT INTO vsb_all_wards VALUE (5144,'Xã Phượng Nghi',289);
INSERT INTO vsb_all_wards VALUE (5145,'Xã Mậu Lâm',289);
INSERT INTO vsb_all_wards VALUE (5146,'Xã Xuân Khang',289);
INSERT INTO vsb_all_wards VALUE (5147,'Xã Phú Nhuận',289);
INSERT INTO vsb_all_wards VALUE (5148,'Xã Hải Long',289);
INSERT INTO vsb_all_wards VALUE (5149,'Xã Xuân Thái',289);
INSERT INTO vsb_all_wards VALUE (5150,'Xã Xuân Phúc',289);
INSERT INTO vsb_all_wards VALUE (5151,'Xã Yên Thọ',289);
INSERT INTO vsb_all_wards VALUE (5152,'Xã Yên Lạc',289);
INSERT INTO vsb_all_wards VALUE (5153,'Xã Thanh Tân',289);
INSERT INTO vsb_all_wards VALUE (5154,'Xã Thanh Kỳ',289);
INSERT INTO vsb_all_districts VALUE (290,'Huyện Nông Cống',26);
INSERT INTO vsb_all_wards VALUE (5155,'Thị trấn Nông Cống',290);
INSERT INTO vsb_all_wards VALUE (5156,'Xã Tân Phúc',290);
INSERT INTO vsb_all_wards VALUE (5157,'Xã Tân Thọ',290);
INSERT INTO vsb_all_wards VALUE (5158,'Xã Hoàng Sơn',290);
INSERT INTO vsb_all_wards VALUE (5159,'Xã Tân Khang',290);
INSERT INTO vsb_all_wards VALUE (5160,'Xã Hoàng Giang',290);
INSERT INTO vsb_all_wards VALUE (5161,'Xã Trung Chính',290);
INSERT INTO vsb_all_wards VALUE (5162,'Xã Trung Thành',290);
INSERT INTO vsb_all_wards VALUE (5163,'Xã Tế Thắng',290);
INSERT INTO vsb_all_wards VALUE (5164,'Xã Tế Lợi',290);
INSERT INTO vsb_all_wards VALUE (5165,'Xã Tế Nông',290);
INSERT INTO vsb_all_wards VALUE (5166,'Xã Minh Nghĩa',290);
INSERT INTO vsb_all_wards VALUE (5167,'Xã Minh Khôi',290);
INSERT INTO vsb_all_wards VALUE (5168,'Xã Vạn Hòa',290);
INSERT INTO vsb_all_wards VALUE (5169,'Xã Trường Trung',290);
INSERT INTO vsb_all_wards VALUE (5170,'Xã Vạn Thắng',290);
INSERT INTO vsb_all_wards VALUE (5171,'Xã Trường Giang',290);
INSERT INTO vsb_all_wards VALUE (5172,'Xã Vạn Thiện',290);
INSERT INTO vsb_all_wards VALUE (5173,'Xã Thăng Long',290);
INSERT INTO vsb_all_wards VALUE (5174,'Xã Trường Minh',290);
INSERT INTO vsb_all_wards VALUE (5175,'Xã Trường Sơn',290);
INSERT INTO vsb_all_wards VALUE (5176,'Xã Thăng Bình',290);
INSERT INTO vsb_all_wards VALUE (5177,'Xã Công Liêm',290);
INSERT INTO vsb_all_wards VALUE (5178,'Xã Tượng Văn',290);
INSERT INTO vsb_all_wards VALUE (5179,'Xã Thăng Thọ',290);
INSERT INTO vsb_all_wards VALUE (5180,'Xã Tượng Lĩnh',290);
INSERT INTO vsb_all_wards VALUE (5181,'Xã Tượng Sơn',290);
INSERT INTO vsb_all_wards VALUE (5182,'Xã Công Chính',290);
INSERT INTO vsb_all_wards VALUE (5183,'Xã Yên Mỹ',290);
INSERT INTO vsb_all_districts VALUE (291,'Huyện Đông Sơn',26);
INSERT INTO vsb_all_wards VALUE (5184,'Thị trấn Rừng Thông',291);
INSERT INTO vsb_all_wards VALUE (5185,'Xã Đông Hoàng',291);
INSERT INTO vsb_all_wards VALUE (5186,'Xã Đông Ninh',291);
INSERT INTO vsb_all_wards VALUE (5187,'Xã Đông Hòa',291);
INSERT INTO vsb_all_wards VALUE (5188,'Xã Đông Yên',291);
INSERT INTO vsb_all_wards VALUE (5189,'Xã Đông Minh',291);
INSERT INTO vsb_all_wards VALUE (5190,'Xã Đông Thanh',291);
INSERT INTO vsb_all_wards VALUE (5191,'Xã Đông Tiến',291);
INSERT INTO vsb_all_wards VALUE (5192,'Xã Đông Khê',291);
INSERT INTO vsb_all_wards VALUE (5193,'Xã Đông Thịnh',291);
INSERT INTO vsb_all_wards VALUE (5194,'Xã Đông Văn',291);
INSERT INTO vsb_all_wards VALUE (5195,'Xã Đông Phú',291);
INSERT INTO vsb_all_wards VALUE (5196,'Xã Đông Nam',291);
INSERT INTO vsb_all_wards VALUE (5197,'Xã Đông Quang',291);
INSERT INTO vsb_all_districts VALUE (292,'Huyện Quảng Xương',26);
INSERT INTO vsb_all_wards VALUE (5198,'Thị trấn Tân Phong',292);
INSERT INTO vsb_all_wards VALUE (5199,'Xã Quảng Trạch',292);
INSERT INTO vsb_all_wards VALUE (5200,'Xã Quảng Đức',292);
INSERT INTO vsb_all_wards VALUE (5201,'Xã Quảng Định',292);
INSERT INTO vsb_all_wards VALUE (5202,'Xã Quảng Nhân',292);
INSERT INTO vsb_all_wards VALUE (5203,'Xã Quảng Ninh',292);
INSERT INTO vsb_all_wards VALUE (5204,'Xã Quảng Bình',292);
INSERT INTO vsb_all_wards VALUE (5205,'Xã Quảng Hợp',292);
INSERT INTO vsb_all_wards VALUE (5206,'Xã Quảng Văn',292);
INSERT INTO vsb_all_wards VALUE (5207,'Xã Quảng Long',292);
INSERT INTO vsb_all_wards VALUE (5208,'Xã Quảng Yên',292);
INSERT INTO vsb_all_wards VALUE (5209,'Xã Quảng Hòa',292);
INSERT INTO vsb_all_wards VALUE (5210,'Xã Quảng Khê',292);
INSERT INTO vsb_all_wards VALUE (5211,'Xã Quảng Trung',292);
INSERT INTO vsb_all_wards VALUE (5212,'Xã Quảng Chính',292);
INSERT INTO vsb_all_wards VALUE (5213,'Xã Quảng Ngọc',292);
INSERT INTO vsb_all_wards VALUE (5214,'Xã Quảng Trường',292);
INSERT INTO vsb_all_wards VALUE (5215,'Xã Quảng Phúc',292);
INSERT INTO vsb_all_wards VALUE (5216,'Xã Quảng Giao',292);
INSERT INTO vsb_all_wards VALUE (5217,'Xã Quảng Hải',292);
INSERT INTO vsb_all_wards VALUE (5218,'Xã Quảng Lưu',292);
INSERT INTO vsb_all_wards VALUE (5219,'Xã Quảng Lộc',292);
INSERT INTO vsb_all_wards VALUE (5220,'Xã Tiên Trang',292);
INSERT INTO vsb_all_wards VALUE (5221,'Xã Quảng Nham',292);
INSERT INTO vsb_all_wards VALUE (5222,'Xã Quảng Thạch',292);
INSERT INTO vsb_all_wards VALUE (5223,'Xã Quảng Thái',292);
INSERT INTO vsb_all_districts VALUE (293,'Thị xã Nghi Sơn',26);
INSERT INTO vsb_all_wards VALUE (5224,'Phường Hải Hòa',293);
INSERT INTO vsb_all_wards VALUE (5225,'Phường Hải Châu',293);
INSERT INTO vsb_all_wards VALUE (5226,'Xã Thanh Thủy',293);
INSERT INTO vsb_all_wards VALUE (5227,'Xã Thanh Sơn',293);
INSERT INTO vsb_all_wards VALUE (5228,'Phường Hải Ninh',293);
INSERT INTO vsb_all_wards VALUE (5229,'Xã Anh Sơn',293);
INSERT INTO vsb_all_wards VALUE (5230,'Xã Ngọc Lĩnh',293);
INSERT INTO vsb_all_wards VALUE (5231,'Phường Hải An',293);
INSERT INTO vsb_all_wards VALUE (5232,'Xã Các Sơn',293);
INSERT INTO vsb_all_wards VALUE (5233,'Phường Tân Dân',293);
INSERT INTO vsb_all_wards VALUE (5234,'Phường Hải Lĩnh',293);
INSERT INTO vsb_all_wards VALUE (5235,'Xã Định Hải',293);
INSERT INTO vsb_all_wards VALUE (5236,'Xã Phú Sơn',293);
INSERT INTO vsb_all_wards VALUE (5237,'Phường Ninh Hải',293);
INSERT INTO vsb_all_wards VALUE (5238,'Phường Nguyên Bình',293);
INSERT INTO vsb_all_wards VALUE (5239,'Xã Hải Nhân',293);
INSERT INTO vsb_all_wards VALUE (5240,'Phường Bình Minh',293);
INSERT INTO vsb_all_wards VALUE (5241,'Phường Hải Thanh',293);
INSERT INTO vsb_all_wards VALUE (5242,'Xã Phú Lâm',293);
INSERT INTO vsb_all_wards VALUE (5243,'Phường Xuân Lâm',293);
INSERT INTO vsb_all_wards VALUE (5244,'Phường Trúc Lâm',293);
INSERT INTO vsb_all_wards VALUE (5245,'Phường Hải Bình',293);
INSERT INTO vsb_all_wards VALUE (5246,'Xã Tân Trường',293);
INSERT INTO vsb_all_wards VALUE (5247,'Xã Tùng Lâm',293);
INSERT INTO vsb_all_wards VALUE (5248,'Phường Tĩnh Hải',293);
INSERT INTO vsb_all_wards VALUE (5249,'Phường Mai Lâm',293);
INSERT INTO vsb_all_wards VALUE (5250,'Xã Trường Lâm',293);
INSERT INTO vsb_all_wards VALUE (5251,'Xã Hải Yến',293);
INSERT INTO vsb_all_wards VALUE (5252,'Phường Hải Thượng',293);
INSERT INTO vsb_all_wards VALUE (5253,'Xã Nghi Sơn',293);
INSERT INTO vsb_all_wards VALUE (5254,'Xã Hải Hà',293);
INSERT INTO vsb_all_provinces VALUE (27,'Tỉnh Nghệ An');
INSERT INTO vsb_all_districts VALUE (294,'Thành phố Vinh',27);
INSERT INTO vsb_all_wards VALUE (5255,'Phường Đông Vĩnh',294);
INSERT INTO vsb_all_wards VALUE (5256,'Phường Hà Huy Tập',294);
INSERT INTO vsb_all_wards VALUE (5257,'Phường Lê Lợi',294);
INSERT INTO vsb_all_wards VALUE (5258,'Phường Quán Bàu',294);
INSERT INTO vsb_all_wards VALUE (5259,'Phường Hưng Bình',294);
INSERT INTO vsb_all_wards VALUE (5260,'Phường Hưng Phúc',294);
INSERT INTO vsb_all_wards VALUE (5261,'Phường Hưng Dũng',294);
INSERT INTO vsb_all_wards VALUE (5262,'Phường Cửa Nam',294);
INSERT INTO vsb_all_wards VALUE (5263,'Phường Quang Trung',294);
INSERT INTO vsb_all_wards VALUE (5264,'Phường Đội Cung',294);
INSERT INTO vsb_all_wards VALUE (5265,'Phường Lê Mao',294);
INSERT INTO vsb_all_wards VALUE (5266,'Phường Trường Thi',294);
INSERT INTO vsb_all_wards VALUE (5267,'Phường Bến Thủy',294);
INSERT INTO vsb_all_wards VALUE (5268,'Phường Hồng Sơn',294);
INSERT INTO vsb_all_wards VALUE (5269,'Phường Trung Đô',294);
INSERT INTO vsb_all_wards VALUE (5270,'Xã Nghi Phú',294);
INSERT INTO vsb_all_wards VALUE (5271,'Xã Hưng Đông',294);
INSERT INTO vsb_all_wards VALUE (5272,'Xã Hưng Lộc',294);
INSERT INTO vsb_all_wards VALUE (5273,'Xã Hưng Hòa',294);
INSERT INTO vsb_all_wards VALUE (5274,'Phường Vinh Tân',294);
INSERT INTO vsb_all_wards VALUE (5275,'Xã Nghi Liên',294);
INSERT INTO vsb_all_wards VALUE (5276,'Xã Nghi Ân',294);
INSERT INTO vsb_all_wards VALUE (5277,'Xã Nghi Kim',294);
INSERT INTO vsb_all_wards VALUE (5278,'Xã Nghi Đức',294);
INSERT INTO vsb_all_wards VALUE (5279,'Xã Hưng Chính',294);
INSERT INTO vsb_all_districts VALUE (295,'Thị xã Cửa Lò',27);
INSERT INTO vsb_all_wards VALUE (5280,'Phường Nghi Thuỷ',295);
INSERT INTO vsb_all_wards VALUE (5281,'Phường Nghi Tân',295);
INSERT INTO vsb_all_wards VALUE (5282,'Phường Thu Thuỷ',295);
INSERT INTO vsb_all_wards VALUE (5283,'Phường Nghi Hòa',295);
INSERT INTO vsb_all_wards VALUE (5284,'Phường Nghi Hải',295);
INSERT INTO vsb_all_wards VALUE (5285,'Phường Nghi Hương',295);
INSERT INTO vsb_all_wards VALUE (5286,'Phường Nghi Thu',295);
INSERT INTO vsb_all_districts VALUE (296,'Thị xã Thái Hoà',27);
INSERT INTO vsb_all_wards VALUE (5287,'Phường Hoà Hiếu',296);
INSERT INTO vsb_all_wards VALUE (5288,'Phường Quang Phong',296);
INSERT INTO vsb_all_wards VALUE (5289,'Phường Quang Tiến',296);
INSERT INTO vsb_all_wards VALUE (5290,'Phường Long Sơn',296);
INSERT INTO vsb_all_wards VALUE (5291,'Xã Nghĩa Tiến',296);
INSERT INTO vsb_all_wards VALUE (5292,'Xã Nghĩa Mỹ',296);
INSERT INTO vsb_all_wards VALUE (5293,'Xã Tây Hiếu',296);
INSERT INTO vsb_all_wards VALUE (5294,'Xã Nghĩa Thuận',296);
INSERT INTO vsb_all_wards VALUE (5295,'Xã Đông Hiếu',296);
INSERT INTO vsb_all_districts VALUE (297,'Huyện Quế Phong',27);
INSERT INTO vsb_all_wards VALUE (5296,'Thị trấn Kim Sơn',297);
INSERT INTO vsb_all_wards VALUE (5297,'Xã Thông Thụ',297);
INSERT INTO vsb_all_wards VALUE (5298,'Xã Đồng Văn',297);
INSERT INTO vsb_all_wards VALUE (5299,'Xã Hạnh Dịch',297);
INSERT INTO vsb_all_wards VALUE (5300,'Xã Tiền Phong',297);
INSERT INTO vsb_all_wards VALUE (5301,'Xã Nậm Giải',297);
INSERT INTO vsb_all_wards VALUE (5302,'Xã Tri Lễ',297);
INSERT INTO vsb_all_wards VALUE (5303,'Xã Châu Kim',297);
INSERT INTO vsb_all_wards VALUE (5304,'Xã Mường Nọc',297);
INSERT INTO vsb_all_wards VALUE (5305,'Xã Châu Thôn',297);
INSERT INTO vsb_all_wards VALUE (5306,'Xã Nậm Nhoóng',297);
INSERT INTO vsb_all_wards VALUE (5307,'Xã Quang Phong',297);
INSERT INTO vsb_all_wards VALUE (5308,'Xã Căm Muộn',297);
INSERT INTO vsb_all_districts VALUE (298,'Huyện Quỳ Châu',27);
INSERT INTO vsb_all_wards VALUE (5309,'Thị trấn Tân Lạc',298);
INSERT INTO vsb_all_wards VALUE (5310,'Xã Châu Bính',298);
INSERT INTO vsb_all_wards VALUE (5311,'Xã Châu Thuận',298);
INSERT INTO vsb_all_wards VALUE (5312,'Xã Châu Hội',298);
INSERT INTO vsb_all_wards VALUE (5313,'Xã Châu Nga',298);
INSERT INTO vsb_all_wards VALUE (5314,'Xã Châu Tiến',298);
INSERT INTO vsb_all_wards VALUE (5315,'Xã Châu Hạnh',298);
INSERT INTO vsb_all_wards VALUE (5316,'Xã Châu Thắng',298);
INSERT INTO vsb_all_wards VALUE (5317,'Xã Châu Phong',298);
INSERT INTO vsb_all_wards VALUE (5318,'Xã Châu Bình',298);
INSERT INTO vsb_all_wards VALUE (5319,'Xã Châu Hoàn',298);
INSERT INTO vsb_all_wards VALUE (5320,'Xã Diên Lãm',298);
INSERT INTO vsb_all_districts VALUE (299,'Huyện Kỳ Sơn',27);
INSERT INTO vsb_all_wards VALUE (5321,'Thị trấn Mường Xén',299);
INSERT INTO vsb_all_wards VALUE (5322,'Xã Mỹ Lý',299);
INSERT INTO vsb_all_wards VALUE (5323,'Xã Bắc Lý',299);
INSERT INTO vsb_all_wards VALUE (5324,'Xã Keng Đu',299);
INSERT INTO vsb_all_wards VALUE (5325,'Xã Đoọc Mạy',299);
INSERT INTO vsb_all_wards VALUE (5326,'Xã Huồi Tụ',299);
INSERT INTO vsb_all_wards VALUE (5327,'Xã Mường Lống',299);
INSERT INTO vsb_all_wards VALUE (5328,'Xã Na Loi',299);
INSERT INTO vsb_all_wards VALUE (5329,'Xã Nậm Cắn',299);
INSERT INTO vsb_all_wards VALUE (5330,'Xã Bảo Nam',299);
INSERT INTO vsb_all_wards VALUE (5331,'Xã Phà Đánh',299);
INSERT INTO vsb_all_wards VALUE (5332,'Xã Bảo Thắng',299);
INSERT INTO vsb_all_wards VALUE (5333,'Xã Hữu Lập',299);
INSERT INTO vsb_all_wards VALUE (5334,'Xã Tà Cạ',299);
INSERT INTO vsb_all_wards VALUE (5335,'Xã Chiêu Lưu',299);
INSERT INTO vsb_all_wards VALUE (5336,'Xã Mường Típ',299);
INSERT INTO vsb_all_wards VALUE (5337,'Xã Hữu Kiệm',299);
INSERT INTO vsb_all_wards VALUE (5338,'Xã Tây Sơn',299);
INSERT INTO vsb_all_wards VALUE (5339,'Xã Mường Ải',299);
INSERT INTO vsb_all_wards VALUE (5340,'Xã Na Ngoi',299);
INSERT INTO vsb_all_wards VALUE (5341,'Xã Nậm Càn',299);
INSERT INTO vsb_all_districts VALUE (300,'Huyện Tương Dương',27);
INSERT INTO vsb_all_wards VALUE (5342,'Thị trấn Thạch Giám',300);
INSERT INTO vsb_all_wards VALUE (5343,'Xã Mai Sơn',300);
INSERT INTO vsb_all_wards VALUE (5344,'Xã Nhôn Mai',300);
INSERT INTO vsb_all_wards VALUE (5345,'Xã Hữu Khuông',300);
INSERT INTO vsb_all_wards VALUE (5346,'Xã Yên Tĩnh',300);
INSERT INTO vsb_all_wards VALUE (5347,'Xã Nga My',300);
INSERT INTO vsb_all_wards VALUE (5348,'Xã Xiêng My',300);
INSERT INTO vsb_all_wards VALUE (5349,'Xã Lưỡng Minh',300);
INSERT INTO vsb_all_wards VALUE (5350,'Xã Yên Hòa',300);
INSERT INTO vsb_all_wards VALUE (5351,'Xã Yên Na',300);
INSERT INTO vsb_all_wards VALUE (5352,'Xã Lưu Kiền',300);
INSERT INTO vsb_all_wards VALUE (5353,'Xã Xá Lượng',300);
INSERT INTO vsb_all_wards VALUE (5354,'Xã Tam Thái',300);
INSERT INTO vsb_all_wards VALUE (5355,'Xã Tam Đình',300);
INSERT INTO vsb_all_wards VALUE (5356,'Xã Yên Thắng',300);
INSERT INTO vsb_all_wards VALUE (5357,'Xã Tam Quang',300);
INSERT INTO vsb_all_wards VALUE (5358,'Xã Tam Hợp',300);
INSERT INTO vsb_all_districts VALUE (301,'Huyện Nghĩa Đàn',27);
INSERT INTO vsb_all_wards VALUE (5359,'Thị trấn Nghĩa Đàn',301);
INSERT INTO vsb_all_wards VALUE (5360,'Xã Nghĩa Mai',301);
INSERT INTO vsb_all_wards VALUE (5361,'Xã Nghĩa Yên',301);
INSERT INTO vsb_all_wards VALUE (5362,'Xã Nghĩa Lạc',301);
INSERT INTO vsb_all_wards VALUE (5363,'Xã Nghĩa Lâm',301);
INSERT INTO vsb_all_wards VALUE (5364,'Xã Nghĩa Sơn',301);
INSERT INTO vsb_all_wards VALUE (5365,'Xã Nghĩa Lợi',301);
INSERT INTO vsb_all_wards VALUE (5366,'Xã Nghĩa Bình',301);
INSERT INTO vsb_all_wards VALUE (5367,'Xã Nghĩa Thọ',301);
INSERT INTO vsb_all_wards VALUE (5368,'Xã Nghĩa Minh',301);
INSERT INTO vsb_all_wards VALUE (5369,'Xã Nghĩa Phú',301);
INSERT INTO vsb_all_wards VALUE (5370,'Xã Nghĩa Hưng',301);
INSERT INTO vsb_all_wards VALUE (5371,'Xã Nghĩa Hồng',301);
INSERT INTO vsb_all_wards VALUE (5372,'Xã Nghĩa Thịnh',301);
INSERT INTO vsb_all_wards VALUE (5373,'Xã Nghĩa Trung',301);
INSERT INTO vsb_all_wards VALUE (5374,'Xã Nghĩa Hội',301);
INSERT INTO vsb_all_wards VALUE (5375,'Xã Nghĩa Thành',301);
INSERT INTO vsb_all_wards VALUE (5376,'Xã Nghĩa Hiếu',301);
INSERT INTO vsb_all_wards VALUE (5377,'Xã Nghĩa Đức',301);
INSERT INTO vsb_all_wards VALUE (5378,'Xã Nghĩa An',301);
INSERT INTO vsb_all_wards VALUE (5379,'Xã Nghĩa Long',301);
INSERT INTO vsb_all_wards VALUE (5380,'Xã Nghĩa Lộc',301);
INSERT INTO vsb_all_wards VALUE (5381,'Xã Nghĩa Khánh',301);
INSERT INTO vsb_all_districts VALUE (302,'Huyện Quỳ Hợp',27);
INSERT INTO vsb_all_wards VALUE (5382,'Thị trấn Quỳ Hợp',302);
INSERT INTO vsb_all_wards VALUE (5383,'Xã Yên Hợp',302);
INSERT INTO vsb_all_wards VALUE (5384,'Xã Châu Tiến',302);
INSERT INTO vsb_all_wards VALUE (5385,'Xã Châu Hồng',302);
INSERT INTO vsb_all_wards VALUE (5386,'Xã Đồng Hợp',302);
INSERT INTO vsb_all_wards VALUE (5387,'Xã Châu Thành',302);
INSERT INTO vsb_all_wards VALUE (5388,'Xã Liên Hợp',302);
INSERT INTO vsb_all_wards VALUE (5389,'Xã Châu Lộc',302);
INSERT INTO vsb_all_wards VALUE (5390,'Xã Tam Hợp',302);
INSERT INTO vsb_all_wards VALUE (5391,'Xã Châu Cường',302);
INSERT INTO vsb_all_wards VALUE (5392,'Xã Châu Quang',302);
INSERT INTO vsb_all_wards VALUE (5393,'Xã Thọ Hợp',302);
INSERT INTO vsb_all_wards VALUE (5394,'Xã Minh Hợp',302);
INSERT INTO vsb_all_wards VALUE (5395,'Xã Nghĩa Xuân',302);
INSERT INTO vsb_all_wards VALUE (5396,'Xã Châu Thái',302);
INSERT INTO vsb_all_wards VALUE (5397,'Xã Châu Đình',302);
INSERT INTO vsb_all_wards VALUE (5398,'Xã Văn Lợi',302);
INSERT INTO vsb_all_wards VALUE (5399,'Xã Nam Sơn',302);
INSERT INTO vsb_all_wards VALUE (5400,'Xã Châu Lý',302);
INSERT INTO vsb_all_wards VALUE (5401,'Xã Hạ Sơn',302);
INSERT INTO vsb_all_wards VALUE (5402,'Xã Bắc Sơn',302);
INSERT INTO vsb_all_districts VALUE (303,'Huyện Quỳnh Lưu',27);
INSERT INTO vsb_all_wards VALUE (5403,'Thị trấn Cầu Giát',303);
INSERT INTO vsb_all_wards VALUE (5404,'Xã Quỳnh Thắng',303);
INSERT INTO vsb_all_wards VALUE (5405,'Xã Quỳnh Tân',303);
INSERT INTO vsb_all_wards VALUE (5406,'Xã Quỳnh Châu',303);
INSERT INTO vsb_all_wards VALUE (5407,'Xã Tân Sơn',303);
INSERT INTO vsb_all_wards VALUE (5408,'Xã Quỳnh Văn',303);
INSERT INTO vsb_all_wards VALUE (5409,'Xã Ngọc Sơn',303);
INSERT INTO vsb_all_wards VALUE (5410,'Xã Quỳnh Tam',303);
INSERT INTO vsb_all_wards VALUE (5411,'Xã Quỳnh Hoa',303);
INSERT INTO vsb_all_wards VALUE (5412,'Xã Quỳnh Thạch',303);
INSERT INTO vsb_all_wards VALUE (5413,'Xã Quỳnh Bảng',303);
INSERT INTO vsb_all_wards VALUE (5414,'Xã Quỳnh Mỹ',303);
INSERT INTO vsb_all_wards VALUE (5415,'Xã Quỳnh Thanh',303);
INSERT INTO vsb_all_wards VALUE (5416,'Xã Quỳnh Hậu',303);
INSERT INTO vsb_all_wards VALUE (5417,'Xã Quỳnh Lâm',303);
INSERT INTO vsb_all_wards VALUE (5418,'Xã Quỳnh Đôi',303);
INSERT INTO vsb_all_wards VALUE (5419,'Xã Quỳnh Lương',303);
INSERT INTO vsb_all_wards VALUE (5420,'Xã Quỳnh Hồng',303);
INSERT INTO vsb_all_wards VALUE (5421,'Xã Quỳnh Yên',303);
INSERT INTO vsb_all_wards VALUE (5422,'Xã Quỳnh Bá',303);
INSERT INTO vsb_all_wards VALUE (5423,'Xã Quỳnh Minh',303);
INSERT INTO vsb_all_wards VALUE (5424,'Xã Quỳnh Diễn',303);
INSERT INTO vsb_all_wards VALUE (5425,'Xã Quỳnh Hưng',303);
INSERT INTO vsb_all_wards VALUE (5426,'Xã Quỳnh Giang',303);
INSERT INTO vsb_all_wards VALUE (5427,'Xã Quỳnh Ngọc',303);
INSERT INTO vsb_all_wards VALUE (5428,'Xã Quỳnh Nghĩa',303);
INSERT INTO vsb_all_wards VALUE (5429,'Xã An Hòa',303);
INSERT INTO vsb_all_wards VALUE (5430,'Xã Tiến Thủy',303);
INSERT INTO vsb_all_wards VALUE (5431,'Xã Sơn Hải',303);
INSERT INTO vsb_all_wards VALUE (5432,'Xã Quỳnh Thọ',303);
INSERT INTO vsb_all_wards VALUE (5433,'Xã Quỳnh Thuận',303);
INSERT INTO vsb_all_wards VALUE (5434,'Xã Quỳnh Long',303);
INSERT INTO vsb_all_wards VALUE (5435,'Xã Tân Thắng',303);
INSERT INTO vsb_all_districts VALUE (304,'Huyện Con Cuông',27);
INSERT INTO vsb_all_wards VALUE (5436,'Thị trấn Con Cuông',304);
INSERT INTO vsb_all_wards VALUE (5437,'Xã Bình Chuẩn',304);
INSERT INTO vsb_all_wards VALUE (5438,'Xã Lạng Khê',304);
INSERT INTO vsb_all_wards VALUE (5439,'Xã Cam Lâm',304);
INSERT INTO vsb_all_wards VALUE (5440,'Xã Thạch Ngàn',304);
INSERT INTO vsb_all_wards VALUE (5441,'Xã Đôn Phục',304);
INSERT INTO vsb_all_wards VALUE (5442,'Xã Mậu Đức',304);
INSERT INTO vsb_all_wards VALUE (5443,'Xã Châu Khê',304);
INSERT INTO vsb_all_wards VALUE (5444,'Xã Chi Khê',304);
INSERT INTO vsb_all_wards VALUE (5445,'Xã Bồng Khê',304);
INSERT INTO vsb_all_wards VALUE (5446,'Xã Yên Khê',304);
INSERT INTO vsb_all_wards VALUE (5447,'Xã Lục Dạ',304);
INSERT INTO vsb_all_wards VALUE (5448,'Xã Môn Sơn',304);
INSERT INTO vsb_all_districts VALUE (305,'Huyện Tân Kỳ',27);
INSERT INTO vsb_all_wards VALUE (5449,'Thị trấn Tân Kỳ',305);
INSERT INTO vsb_all_wards VALUE (5450,'Xã Tân Hợp',305);
INSERT INTO vsb_all_wards VALUE (5451,'Xã Tân Phú',305);
INSERT INTO vsb_all_wards VALUE (5452,'Xã Tân Xuân',305);
INSERT INTO vsb_all_wards VALUE (5453,'Xã Giai Xuân',305);
INSERT INTO vsb_all_wards VALUE (5454,'Xã Nghĩa Bình',305);
INSERT INTO vsb_all_wards VALUE (5455,'Xã Nghĩa Đồng',305);
INSERT INTO vsb_all_wards VALUE (5456,'Xã Đồng Văn',305);
INSERT INTO vsb_all_wards VALUE (5457,'Xã Nghĩa Thái',305);
INSERT INTO vsb_all_wards VALUE (5458,'Xã Nghĩa Hợp',305);
INSERT INTO vsb_all_wards VALUE (5459,'Xã Nghĩa Hoàn',305);
INSERT INTO vsb_all_wards VALUE (5460,'Xã Nghĩa Phúc',305);
INSERT INTO vsb_all_wards VALUE (5461,'Xã Tiên Kỳ',305);
INSERT INTO vsb_all_wards VALUE (5462,'Xã Tân An',305);
INSERT INTO vsb_all_wards VALUE (5463,'Xã Nghĩa Dũng',305);
INSERT INTO vsb_all_wards VALUE (5464,'Xã Tân Long',305);
INSERT INTO vsb_all_wards VALUE (5465,'Xã Kỳ Sơn',305);
INSERT INTO vsb_all_wards VALUE (5466,'Xã Hương Sơn',305);
INSERT INTO vsb_all_wards VALUE (5467,'Xã Kỳ Tân',305);
INSERT INTO vsb_all_wards VALUE (5468,'Xã Phú Sơn',305);
INSERT INTO vsb_all_wards VALUE (5469,'Xã Tân Hương',305);
INSERT INTO vsb_all_wards VALUE (5470,'Xã Nghĩa Hành',305);
INSERT INTO vsb_all_districts VALUE (306,'Huyện Anh Sơn',27);
INSERT INTO vsb_all_wards VALUE (5471,'Thị trấn Anh Sơn',306);
INSERT INTO vsb_all_wards VALUE (5472,'Xã Thọ Sơn',306);
INSERT INTO vsb_all_wards VALUE (5473,'Xã Thành Sơn',306);
INSERT INTO vsb_all_wards VALUE (5474,'Xã Bình Sơn',306);
INSERT INTO vsb_all_wards VALUE (5475,'Xã Tam Sơn',306);
INSERT INTO vsb_all_wards VALUE (5476,'Xã Đỉnh Sơn',306);
INSERT INTO vsb_all_wards VALUE (5477,'Xã Hùng Sơn',306);
INSERT INTO vsb_all_wards VALUE (5478,'Xã Cẩm Sơn',306);
INSERT INTO vsb_all_wards VALUE (5479,'Xã Đức Sơn',306);
INSERT INTO vsb_all_wards VALUE (5480,'Xã Tường Sơn',306);
INSERT INTO vsb_all_wards VALUE (5481,'Xã Hoa Sơn',306);
INSERT INTO vsb_all_wards VALUE (5482,'Xã Tào Sơn',306);
INSERT INTO vsb_all_wards VALUE (5483,'Xã Vĩnh Sơn',306);
INSERT INTO vsb_all_wards VALUE (5484,'Xã Lạng Sơn',306);
INSERT INTO vsb_all_wards VALUE (5485,'Xã Hội Sơn',306);
INSERT INTO vsb_all_wards VALUE (5486,'Xã Thạch Sơn',306);
INSERT INTO vsb_all_wards VALUE (5487,'Xã Phúc Sơn',306);
INSERT INTO vsb_all_wards VALUE (5488,'Xã Long Sơn',306);
INSERT INTO vsb_all_wards VALUE (5489,'Xã Khai Sơn',306);
INSERT INTO vsb_all_wards VALUE (5490,'Xã Lĩnh Sơn',306);
INSERT INTO vsb_all_wards VALUE (5491,'Xã Cao Sơn',306);
INSERT INTO vsb_all_districts VALUE (307,'Huyện Diễn Châu',27);
INSERT INTO vsb_all_wards VALUE (5492,'Thị trấn Diễn Châu',307);
INSERT INTO vsb_all_wards VALUE (5493,'Xã Diễn Lâm',307);
INSERT INTO vsb_all_wards VALUE (5494,'Xã Diễn Đoài',307);
INSERT INTO vsb_all_wards VALUE (5495,'Xã Diễn Trường',307);
INSERT INTO vsb_all_wards VALUE (5496,'Xã Diễn Yên',307);
INSERT INTO vsb_all_wards VALUE (5497,'Xã Diễn Hoàng',307);
INSERT INTO vsb_all_wards VALUE (5498,'Xã Diễn Hùng',307);
INSERT INTO vsb_all_wards VALUE (5499,'Xã Diễn Mỹ',307);
INSERT INTO vsb_all_wards VALUE (5500,'Xã Diễn Hồng',307);
INSERT INTO vsb_all_wards VALUE (5501,'Xã Diễn Phong',307);
INSERT INTO vsb_all_wards VALUE (5502,'Xã Diễn Hải',307);
INSERT INTO vsb_all_wards VALUE (5503,'Xã Diễn Tháp',307);
INSERT INTO vsb_all_wards VALUE (5504,'Xã Diễn Liên',307);
INSERT INTO vsb_all_wards VALUE (5505,'Xã Diễn Vạn',307);
INSERT INTO vsb_all_wards VALUE (5506,'Xã Diễn Kim',307);
INSERT INTO vsb_all_wards VALUE (5507,'Xã Diễn Kỷ',307);
INSERT INTO vsb_all_wards VALUE (5508,'Xã Diễn Xuân',307);
INSERT INTO vsb_all_wards VALUE (5509,'Xã Diễn Thái',307);
INSERT INTO vsb_all_wards VALUE (5510,'Xã Diễn Đồng',307);
INSERT INTO vsb_all_wards VALUE (5511,'Xã Diễn Bích',307);
INSERT INTO vsb_all_wards VALUE (5512,'Xã Diễn Hạnh',307);
INSERT INTO vsb_all_wards VALUE (5513,'Xã Diễn Ngọc',307);
INSERT INTO vsb_all_wards VALUE (5514,'Xã Diễn Quảng',307);
INSERT INTO vsb_all_wards VALUE (5515,'Xã Diễn Nguyên',307);
INSERT INTO vsb_all_wards VALUE (5516,'Xã Diễn Hoa',307);
INSERT INTO vsb_all_wards VALUE (5517,'Xã Diễn Thành',307);
INSERT INTO vsb_all_wards VALUE (5518,'Xã Diễn Phúc',307);
INSERT INTO vsb_all_wards VALUE (5519,'Xã Diễn Cát',307);
INSERT INTO vsb_all_wards VALUE (5520,'Xã Diễn Thịnh',307);
INSERT INTO vsb_all_wards VALUE (5521,'Xã Diễn Tân',307);
INSERT INTO vsb_all_wards VALUE (5522,'Xã Minh Châu',307);
INSERT INTO vsb_all_wards VALUE (5523,'Xã Diễn Thọ',307);
INSERT INTO vsb_all_wards VALUE (5524,'Xã Diễn Lợi',307);
INSERT INTO vsb_all_wards VALUE (5525,'Xã Diễn Lộc',307);
INSERT INTO vsb_all_wards VALUE (5526,'Xã Diễn Trung',307);
INSERT INTO vsb_all_wards VALUE (5527,'Xã Diễn An',307);
INSERT INTO vsb_all_wards VALUE (5528,'Xã Diễn Phú',307);
INSERT INTO vsb_all_districts VALUE (308,'Huyện Yên Thành',27);
INSERT INTO vsb_all_wards VALUE (5529,'Thị trấn Yên Thành',308);
INSERT INTO vsb_all_wards VALUE (5530,'Xã Mã Thành',308);
INSERT INTO vsb_all_wards VALUE (5531,'Xã Tiến Thành',308);
INSERT INTO vsb_all_wards VALUE (5532,'Xã Lăng Thành',308);
INSERT INTO vsb_all_wards VALUE (5533,'Xã Tân Thành',308);
INSERT INTO vsb_all_wards VALUE (5534,'Xã Đức Thành',308);
INSERT INTO vsb_all_wards VALUE (5535,'Xã Kim Thành',308);
INSERT INTO vsb_all_wards VALUE (5536,'Xã Hậu Thành',308);
INSERT INTO vsb_all_wards VALUE (5537,'Xã Hùng Thành',308);
INSERT INTO vsb_all_wards VALUE (5538,'Xã Đô Thành',308);
INSERT INTO vsb_all_wards VALUE (5539,'Xã Thọ Thành',308);
INSERT INTO vsb_all_wards VALUE (5540,'Xã Quang Thành',308);
INSERT INTO vsb_all_wards VALUE (5541,'Xã Tây Thành',308);
INSERT INTO vsb_all_wards VALUE (5542,'Xã Phúc Thành',308);
INSERT INTO vsb_all_wards VALUE (5543,'Xã Hồng Thành',308);
INSERT INTO vsb_all_wards VALUE (5544,'Xã Đồng Thành',308);
INSERT INTO vsb_all_wards VALUE (5545,'Xã Phú Thành',308);
INSERT INTO vsb_all_wards VALUE (5546,'Xã Hoa Thành',308);
INSERT INTO vsb_all_wards VALUE (5547,'Xã Tăng Thành',308);
INSERT INTO vsb_all_wards VALUE (5548,'Xã Văn Thành',308);
INSERT INTO vsb_all_wards VALUE (5549,'Xã Thịnh Thành',308);
INSERT INTO vsb_all_wards VALUE (5550,'Xã Hợp Thành',308);
INSERT INTO vsb_all_wards VALUE (5551,'Xã Xuân Thành',308);
INSERT INTO vsb_all_wards VALUE (5552,'Xã Bắc Thành',308);
INSERT INTO vsb_all_wards VALUE (5553,'Xã Nhân Thành',308);
INSERT INTO vsb_all_wards VALUE (5554,'Xã Trung Thành',308);
INSERT INTO vsb_all_wards VALUE (5555,'Xã Long Thành',308);
INSERT INTO vsb_all_wards VALUE (5556,'Xã Minh Thành',308);
INSERT INTO vsb_all_wards VALUE (5557,'Xã Nam Thành',308);
INSERT INTO vsb_all_wards VALUE (5558,'Xã Vĩnh Thành',308);
INSERT INTO vsb_all_wards VALUE (5559,'Xã Lý Thành',308);
INSERT INTO vsb_all_wards VALUE (5560,'Xã Khánh Thành',308);
INSERT INTO vsb_all_wards VALUE (5561,'Xã Viên Thành',308);
INSERT INTO vsb_all_wards VALUE (5562,'Xã Đại Thành',308);
INSERT INTO vsb_all_wards VALUE (5563,'Xã Liên Thành',308);
INSERT INTO vsb_all_wards VALUE (5564,'Xã Bảo Thành',308);
INSERT INTO vsb_all_wards VALUE (5565,'Xã Mỹ Thành',308);
INSERT INTO vsb_all_wards VALUE (5566,'Xã Công Thành',308);
INSERT INTO vsb_all_wards VALUE (5567,'Xã Sơn Thành',308);
INSERT INTO vsb_all_districts VALUE (309,'Huyện Đô Lương',27);
INSERT INTO vsb_all_wards VALUE (5568,'Thị trấn Đô Lương',309);
INSERT INTO vsb_all_wards VALUE (5569,'Xã Giang Sơn Đông',309);
INSERT INTO vsb_all_wards VALUE (5570,'Xã Giang Sơn Tây',309);
INSERT INTO vsb_all_wards VALUE (5571,'Xã Lam Sơn',309);
INSERT INTO vsb_all_wards VALUE (5572,'Xã Bồi Sơn',309);
INSERT INTO vsb_all_wards VALUE (5573,'Xã Hồng Sơn',309);
INSERT INTO vsb_all_wards VALUE (5574,'Xã Bài Sơn',309);
INSERT INTO vsb_all_wards VALUE (5575,'Xã Ngọc Sơn',309);
INSERT INTO vsb_all_wards VALUE (5576,'Xã Bắc Sơn',309);
INSERT INTO vsb_all_wards VALUE (5577,'Xã Tràng Sơn',309);
INSERT INTO vsb_all_wards VALUE (5578,'Xã Thượng Sơn',309);
INSERT INTO vsb_all_wards VALUE (5579,'Xã Hòa Sơn',309);
INSERT INTO vsb_all_wards VALUE (5580,'Xã Đặng Sơn',309);
INSERT INTO vsb_all_wards VALUE (5581,'Xã Đông Sơn',309);
INSERT INTO vsb_all_wards VALUE (5582,'Xã Nam Sơn',309);
INSERT INTO vsb_all_wards VALUE (5583,'Xã Lưu Sơn',309);
INSERT INTO vsb_all_wards VALUE (5584,'Xã Yên Sơn',309);
INSERT INTO vsb_all_wards VALUE (5585,'Xã Văn Sơn',309);
INSERT INTO vsb_all_wards VALUE (5586,'Xã Đà Sơn',309);
INSERT INTO vsb_all_wards VALUE (5587,'Xã Lạc Sơn',309);
INSERT INTO vsb_all_wards VALUE (5588,'Xã Tân Sơn',309);
INSERT INTO vsb_all_wards VALUE (5589,'Xã Thái Sơn',309);
INSERT INTO vsb_all_wards VALUE (5590,'Xã Quang Sơn',309);
INSERT INTO vsb_all_wards VALUE (5591,'Xã Thịnh Sơn',309);
INSERT INTO vsb_all_wards VALUE (5592,'Xã Trung Sơn',309);
INSERT INTO vsb_all_wards VALUE (5593,'Xã Xuân Sơn',309);
INSERT INTO vsb_all_wards VALUE (5594,'Xã Minh Sơn',309);
INSERT INTO vsb_all_wards VALUE (5595,'Xã Thuận Sơn',309);
INSERT INTO vsb_all_wards VALUE (5596,'Xã Nhân Sơn',309);
INSERT INTO vsb_all_wards VALUE (5597,'Xã Hiến Sơn',309);
INSERT INTO vsb_all_wards VALUE (5598,'Xã Mỹ Sơn',309);
INSERT INTO vsb_all_wards VALUE (5599,'Xã Trù Sơn',309);
INSERT INTO vsb_all_wards VALUE (5600,'Xã Đại Sơn',309);
INSERT INTO vsb_all_districts VALUE (310,'Huyện Thanh Chương',27);
INSERT INTO vsb_all_wards VALUE (5601,'Thị trấn Thanh Chương',310);
INSERT INTO vsb_all_wards VALUE (5602,'Xã Cát Văn',310);
INSERT INTO vsb_all_wards VALUE (5603,'Xã Thanh Nho',310);
INSERT INTO vsb_all_wards VALUE (5604,'Xã Hạnh Lâm',310);
INSERT INTO vsb_all_wards VALUE (5605,'Xã Thanh Sơn',310);
INSERT INTO vsb_all_wards VALUE (5606,'Xã Thanh Hòa',310);
INSERT INTO vsb_all_wards VALUE (5607,'Xã Phong Thịnh',310);
INSERT INTO vsb_all_wards VALUE (5608,'Xã Thanh Phong',310);
INSERT INTO vsb_all_wards VALUE (5609,'Xã Thanh Mỹ',310);
INSERT INTO vsb_all_wards VALUE (5610,'Xã Thanh Tiên',310);
INSERT INTO vsb_all_wards VALUE (5611,'Xã Thanh Liên',310);
INSERT INTO vsb_all_wards VALUE (5612,'Xã Đại Đồng',310);
INSERT INTO vsb_all_wards VALUE (5613,'Xã Thanh Đồng',310);
INSERT INTO vsb_all_wards VALUE (5614,'Xã Thanh Ngọc',310);
INSERT INTO vsb_all_wards VALUE (5615,'Xã Thanh Hương',310);
INSERT INTO vsb_all_wards VALUE (5616,'Xã Ngọc Lâm',310);
INSERT INTO vsb_all_wards VALUE (5617,'Xã Thanh Lĩnh',310);
INSERT INTO vsb_all_wards VALUE (5618,'Xã Đồng Văn',310);
INSERT INTO vsb_all_wards VALUE (5619,'Xã Ngọc Sơn',310);
INSERT INTO vsb_all_wards VALUE (5620,'Xã Thanh Thịnh',310);
INSERT INTO vsb_all_wards VALUE (5621,'Xã Thanh An',310);
INSERT INTO vsb_all_wards VALUE (5622,'Xã Thanh Chi',310);
INSERT INTO vsb_all_wards VALUE (5623,'Xã Xuân Tường',310);
INSERT INTO vsb_all_wards VALUE (5624,'Xã Thanh Dương',310);
INSERT INTO vsb_all_wards VALUE (5625,'Xã Thanh Lương',310);
INSERT INTO vsb_all_wards VALUE (5626,'Xã Thanh Khê',310);
INSERT INTO vsb_all_wards VALUE (5627,'Xã Võ Liệt',310);
INSERT INTO vsb_all_wards VALUE (5628,'Xã Thanh Long',310);
INSERT INTO vsb_all_wards VALUE (5629,'Xã Thanh Thủy',310);
INSERT INTO vsb_all_wards VALUE (5630,'Xã Thanh Khai',310);
INSERT INTO vsb_all_wards VALUE (5631,'Xã Thanh Yên',310);
INSERT INTO vsb_all_wards VALUE (5632,'Xã Thanh Hà',310);
INSERT INTO vsb_all_wards VALUE (5633,'Xã Thanh Giang',310);
INSERT INTO vsb_all_wards VALUE (5634,'Xã Thanh Tùng',310);
INSERT INTO vsb_all_wards VALUE (5635,'Xã Thanh Lâm',310);
INSERT INTO vsb_all_wards VALUE (5636,'Xã Thanh Mai',310);
INSERT INTO vsb_all_wards VALUE (5637,'Xã Thanh Xuân',310);
INSERT INTO vsb_all_wards VALUE (5638,'Xã Thanh Đức',310);
INSERT INTO vsb_all_districts VALUE (311,'Huyện Nghi Lộc',27);
INSERT INTO vsb_all_wards VALUE (5639,'Thị trấn Quán Hành',311);
INSERT INTO vsb_all_wards VALUE (5640,'Xã Nghi Văn',311);
INSERT INTO vsb_all_wards VALUE (5641,'Xã Nghi Yên',311);
INSERT INTO vsb_all_wards VALUE (5642,'Xã Nghi Tiến',311);
INSERT INTO vsb_all_wards VALUE (5643,'Xã Nghi Hưng',311);
INSERT INTO vsb_all_wards VALUE (5644,'Xã Nghi Đồng',311);
INSERT INTO vsb_all_wards VALUE (5645,'Xã Nghi Thiết',311);
INSERT INTO vsb_all_wards VALUE (5646,'Xã Nghi Lâm',311);
INSERT INTO vsb_all_wards VALUE (5647,'Xã Nghi Quang',311);
INSERT INTO vsb_all_wards VALUE (5648,'Xã Nghi Kiều',311);
INSERT INTO vsb_all_wards VALUE (5649,'Xã Nghi Mỹ',311);
INSERT INTO vsb_all_wards VALUE (5650,'Xã Nghi Phương',311);
INSERT INTO vsb_all_wards VALUE (5651,'Xã Nghi Thuận',311);
INSERT INTO vsb_all_wards VALUE (5652,'Xã Nghi Long',311);
INSERT INTO vsb_all_wards VALUE (5653,'Xã Nghi Xá',311);
INSERT INTO vsb_all_wards VALUE (5654,'Xã Nghi Hoa',311);
INSERT INTO vsb_all_wards VALUE (5655,'Xã Khánh Hợp',311);
INSERT INTO vsb_all_wards VALUE (5656,'Xã Nghi Thịnh',311);
INSERT INTO vsb_all_wards VALUE (5657,'Xã Nghi Công Bắc',311);
INSERT INTO vsb_all_wards VALUE (5658,'Xã Nghi Công Nam',311);
INSERT INTO vsb_all_wards VALUE (5659,'Xã Nghi Thạch',311);
INSERT INTO vsb_all_wards VALUE (5660,'Xã Nghi Trung',311);
INSERT INTO vsb_all_wards VALUE (5661,'Xã Nghi Trường',311);
INSERT INTO vsb_all_wards VALUE (5662,'Xã Nghi Diên',311);
INSERT INTO vsb_all_wards VALUE (5663,'Xã Nghi Phong',311);
INSERT INTO vsb_all_wards VALUE (5664,'Xã Nghi Xuân',311);
INSERT INTO vsb_all_wards VALUE (5665,'Xã Nghi Vạn',311);
INSERT INTO vsb_all_wards VALUE (5666,'Xã Phúc Thọ',311);
INSERT INTO vsb_all_wards VALUE (5667,'Xã Nghi Thái',311);
INSERT INTO vsb_all_districts VALUE (312,'Huyện Nam Đàn',27);
INSERT INTO vsb_all_wards VALUE (5668,'Xã Nam Hưng',312);
INSERT INTO vsb_all_wards VALUE (5669,'Xã Nam Nghĩa',312);
INSERT INTO vsb_all_wards VALUE (5670,'Xã Nam Thanh',312);
INSERT INTO vsb_all_wards VALUE (5671,'Xã Nam Anh',312);
INSERT INTO vsb_all_wards VALUE (5672,'Xã Nam Xuân',312);
INSERT INTO vsb_all_wards VALUE (5673,'Xã Nam Thái',312);
INSERT INTO vsb_all_wards VALUE (5674,'Thị trấn Nam Đàn',312);
INSERT INTO vsb_all_wards VALUE (5675,'Xã Nam Lĩnh',312);
INSERT INTO vsb_all_wards VALUE (5676,'Xã Nam Giang',312);
INSERT INTO vsb_all_wards VALUE (5677,'Xã Xuân Hòa',312);
INSERT INTO vsb_all_wards VALUE (5678,'Xã Hùng Tiến',312);
INSERT INTO vsb_all_wards VALUE (5679,'Xã Thượng Tân Lộc',312);
INSERT INTO vsb_all_wards VALUE (5680,'Xã Kim Liên',312);
INSERT INTO vsb_all_wards VALUE (5681,'Xã Hồng Long',312);
INSERT INTO vsb_all_wards VALUE (5682,'Xã Xuân Lâm',312);
INSERT INTO vsb_all_wards VALUE (5683,'Xã Nam Cát',312);
INSERT INTO vsb_all_wards VALUE (5684,'Xã Khánh Sơn',312);
INSERT INTO vsb_all_wards VALUE (5685,'Xã Trung Phúc Cường',312);
INSERT INTO vsb_all_wards VALUE (5686,'Xã Nam Kim',312);
INSERT INTO vsb_all_districts VALUE (313,'Huyện Hưng Nguyên',27);
INSERT INTO vsb_all_wards VALUE (5687,'Thị trấn Hưng Nguyên',313);
INSERT INTO vsb_all_wards VALUE (5688,'Xã Hưng Trung',313);
INSERT INTO vsb_all_wards VALUE (5689,'Xã Hưng Yên',313);
INSERT INTO vsb_all_wards VALUE (5690,'Xã Hưng Yên Bắc',313);
INSERT INTO vsb_all_wards VALUE (5691,'Xã Hưng Tây',313);
INSERT INTO vsb_all_wards VALUE (5692,'Xã Hưng Đạo',313);
INSERT INTO vsb_all_wards VALUE (5693,'Xã Hưng Mỹ',313);
INSERT INTO vsb_all_wards VALUE (5694,'Xã Hưng Thịnh',313);
INSERT INTO vsb_all_wards VALUE (5695,'Xã Hưng Lĩnh',313);
INSERT INTO vsb_all_wards VALUE (5696,'Xã Hưng Thông',313);
INSERT INTO vsb_all_wards VALUE (5697,'Xã Hưng Tân',313);
INSERT INTO vsb_all_wards VALUE (5698,'Xã Hưng Lợi',313);
INSERT INTO vsb_all_wards VALUE (5699,'Xã Hưng Nghĩa',313);
INSERT INTO vsb_all_wards VALUE (5700,'Xã Hưng Phúc',313);
INSERT INTO vsb_all_wards VALUE (5701,'Xã Long Xá',313);
INSERT INTO vsb_all_wards VALUE (5702,'Xã Châu Nhân',313);
INSERT INTO vsb_all_wards VALUE (5703,'Xã Xuân Lam',313);
INSERT INTO vsb_all_wards VALUE (5704,'Xã Hưng Thành',313);
INSERT INTO vsb_all_districts VALUE (314,'Thị xã Hoàng Mai',27);
INSERT INTO vsb_all_wards VALUE (5705,'Xã Quỳnh Vinh',314);
INSERT INTO vsb_all_wards VALUE (5706,'Xã Quỳnh Lộc',314);
INSERT INTO vsb_all_wards VALUE (5707,'Phường Quỳnh Thiện',314);
INSERT INTO vsb_all_wards VALUE (5708,'Xã Quỳnh Lập',314);
INSERT INTO vsb_all_wards VALUE (5709,'Xã Quỳnh Trang',314);
INSERT INTO vsb_all_wards VALUE (5710,'Phường Mai Hùng',314);
INSERT INTO vsb_all_wards VALUE (5711,'Phường Quỳnh Dị',314);
INSERT INTO vsb_all_wards VALUE (5712,'Phường Quỳnh Xuân',314);
INSERT INTO vsb_all_wards VALUE (5713,'Phường Quỳnh Phương',314);
INSERT INTO vsb_all_wards VALUE (5714,'Xã Quỳnh Liên',314);
INSERT INTO vsb_all_provinces VALUE (28,'Tỉnh Hà Tĩnh');
INSERT INTO vsb_all_districts VALUE (315,'Thành phố Hà Tĩnh',28);
INSERT INTO vsb_all_wards VALUE (5715,'Phường Trần Phú',315);
INSERT INTO vsb_all_wards VALUE (5716,'Phường Nam Hà',315);
INSERT INTO vsb_all_wards VALUE (5717,'Phường Bắc Hà',315);
INSERT INTO vsb_all_wards VALUE (5718,'Phường Nguyễn Du',315);
INSERT INTO vsb_all_wards VALUE (5719,'Phường Tân Giang',315);
INSERT INTO vsb_all_wards VALUE (5720,'Phường Đại Nài',315);
INSERT INTO vsb_all_wards VALUE (5721,'Phường Hà Huy Tập',315);
INSERT INTO vsb_all_wards VALUE (5722,'Xã Thạch Trung',315);
INSERT INTO vsb_all_wards VALUE (5723,'Phường Thạch Quý',315);
INSERT INTO vsb_all_wards VALUE (5724,'Phường Thạch Linh',315);
INSERT INTO vsb_all_wards VALUE (5725,'Phường Văn Yên',315);
INSERT INTO vsb_all_wards VALUE (5726,'Xã Thạch Hạ',315);
INSERT INTO vsb_all_wards VALUE (5727,'Xã Đồng Môn',315);
INSERT INTO vsb_all_wards VALUE (5728,'Xã Thạch Hưng',315);
INSERT INTO vsb_all_wards VALUE (5729,'Xã Thạch Bình',315);
INSERT INTO vsb_all_districts VALUE (316,'Thị xã Hồng Lĩnh',28);
INSERT INTO vsb_all_wards VALUE (5730,'Phường Bắc Hồng',316);
INSERT INTO vsb_all_wards VALUE (5731,'Phường Nam Hồng',316);
INSERT INTO vsb_all_wards VALUE (5732,'Phường Trung Lương',316);
INSERT INTO vsb_all_wards VALUE (5733,'Phường Đức Thuận',316);
INSERT INTO vsb_all_wards VALUE (5734,'Phường Đậu Liêu',316);
INSERT INTO vsb_all_wards VALUE (5735,'Xã Thuận Lộc',316);
INSERT INTO vsb_all_districts VALUE (317,'Huyện Hương Sơn',28);
INSERT INTO vsb_all_wards VALUE (5736,'Thị trấn Phố Châu',317);
INSERT INTO vsb_all_wards VALUE (5737,'Thị trấn Tây Sơn',317);
INSERT INTO vsb_all_wards VALUE (5738,'Xã Sơn Hồng',317);
INSERT INTO vsb_all_wards VALUE (5739,'Xã Sơn Tiến',317);
INSERT INTO vsb_all_wards VALUE (5740,'Xã Sơn Lâm',317);
INSERT INTO vsb_all_wards VALUE (5741,'Xã Sơn Lễ',317);
INSERT INTO vsb_all_wards VALUE (5742,'Xã Sơn Giang',317);
INSERT INTO vsb_all_wards VALUE (5743,'Xã Sơn Lĩnh',317);
INSERT INTO vsb_all_wards VALUE (5744,'Xã An Hòa Thịnh',317);
INSERT INTO vsb_all_wards VALUE (5745,'Xã Sơn Tây',317);
INSERT INTO vsb_all_wards VALUE (5746,'Xã Sơn Ninh',317);
INSERT INTO vsb_all_wards VALUE (5747,'Xã Sơn Châu',317);
INSERT INTO vsb_all_wards VALUE (5748,'Xã Tân Mỹ Hà',317);
INSERT INTO vsb_all_wards VALUE (5749,'Xã Quang Diệm',317);
INSERT INTO vsb_all_wards VALUE (5750,'Xã Sơn Trung',317);
INSERT INTO vsb_all_wards VALUE (5751,'Xã Sơn Bằng',317);
INSERT INTO vsb_all_wards VALUE (5752,'Xã Sơn Bình',317);
INSERT INTO vsb_all_wards VALUE (5753,'Xã Sơn Kim 1',317);
INSERT INTO vsb_all_wards VALUE (5754,'Xã Sơn Kim 2',317);
INSERT INTO vsb_all_wards VALUE (5755,'Xã Sơn Trà',317);
INSERT INTO vsb_all_wards VALUE (5756,'Xã Sơn Long',317);
INSERT INTO vsb_all_wards VALUE (5757,'Xã Kim Hoa',317);
INSERT INTO vsb_all_wards VALUE (5758,'Xã Sơn Hàm',317);
INSERT INTO vsb_all_wards VALUE (5759,'Xã Sơn Phú',317);
INSERT INTO vsb_all_wards VALUE (5760,'Xã Sơn Trường',317);
INSERT INTO vsb_all_districts VALUE (318,'Huyện Đức Thọ',28);
INSERT INTO vsb_all_wards VALUE (5761,'Thị trấn Đức Thọ',318);
INSERT INTO vsb_all_wards VALUE (5762,'Xã Quang Vĩnh',318);
INSERT INTO vsb_all_wards VALUE (5763,'Xã Tùng Châu',318);
INSERT INTO vsb_all_wards VALUE (5764,'Xã Trường Sơn',318);
INSERT INTO vsb_all_wards VALUE (5765,'Xã Liên Minh',318);
INSERT INTO vsb_all_wards VALUE (5766,'Xã Yên Hồ',318);
INSERT INTO vsb_all_wards VALUE (5767,'Xã Tùng Ảnh',318);
INSERT INTO vsb_all_wards VALUE (5768,'Xã Bùi La Nhân',318);
INSERT INTO vsb_all_wards VALUE (5769,'Xã Thanh Bình Thịnh',318);
INSERT INTO vsb_all_wards VALUE (5770,'Xã Lâm Trung Thủy',318);
INSERT INTO vsb_all_wards VALUE (5771,'Xã Hòa Lạc',318);
INSERT INTO vsb_all_wards VALUE (5772,'Xã Tân Dân',318);
INSERT INTO vsb_all_wards VALUE (5773,'Xã An Dũng',318);
INSERT INTO vsb_all_wards VALUE (5774,'Xã Đức Đồng',318);
INSERT INTO vsb_all_wards VALUE (5775,'Xã Đức Lạng',318);
INSERT INTO vsb_all_wards VALUE (5776,'Xã Tân Hương',318);
INSERT INTO vsb_all_districts VALUE (319,'Huyện Vũ Quang',28);
INSERT INTO vsb_all_wards VALUE (5777,'Thị trấn Vũ Quang',319);
INSERT INTO vsb_all_wards VALUE (5778,'Xã Ân Phú',319);
INSERT INTO vsb_all_wards VALUE (5779,'Xã Đức Giang',319);
INSERT INTO vsb_all_wards VALUE (5780,'Xã Đức Lĩnh',319);
INSERT INTO vsb_all_wards VALUE (5781,'Xã Thọ Điền',319);
INSERT INTO vsb_all_wards VALUE (5782,'Xã Đức Hương',319);
INSERT INTO vsb_all_wards VALUE (5783,'Xã Đức Bồng',319);
INSERT INTO vsb_all_wards VALUE (5784,'Xã Đức Liên',319);
INSERT INTO vsb_all_wards VALUE (5785,'Xã Hương Minh',319);
INSERT INTO vsb_all_wards VALUE (5786,'Xã Quang Thọ',319);
INSERT INTO vsb_all_districts VALUE (320,'Huyện Nghi Xuân',28);
INSERT INTO vsb_all_wards VALUE (5787,'Thị trấn Xuân An',320);
INSERT INTO vsb_all_wards VALUE (5788,'Xã Xuân Hội',320);
INSERT INTO vsb_all_wards VALUE (5789,'Xã Đan Trường',320);
INSERT INTO vsb_all_wards VALUE (5790,'Xã Xuân Phổ',320);
INSERT INTO vsb_all_wards VALUE (5791,'Xã Xuân Hải',320);
INSERT INTO vsb_all_wards VALUE (5792,'Xã Xuân Giang',320);
INSERT INTO vsb_all_wards VALUE (5793,'Thị trấn Tiên Điền',320);
INSERT INTO vsb_all_wards VALUE (5794,'Xã Xuân Yên',320);
INSERT INTO vsb_all_wards VALUE (5795,'Xã Xuân Mỹ',320);
INSERT INTO vsb_all_wards VALUE (5796,'Xã Xuân Thành',320);
INSERT INTO vsb_all_wards VALUE (5797,'Xã Xuân Viên',320);
INSERT INTO vsb_all_wards VALUE (5798,'Xã Xuân Hồng',320);
INSERT INTO vsb_all_wards VALUE (5799,'Xã Cỗ Đạm',320);
INSERT INTO vsb_all_wards VALUE (5800,'Xã Xuân Liên',320);
INSERT INTO vsb_all_wards VALUE (5801,'Xã Xuân Lĩnh',320);
INSERT INTO vsb_all_wards VALUE (5802,'Xã Xuân Lam',320);
INSERT INTO vsb_all_wards VALUE (5803,'Xã Cương Gián',320);
INSERT INTO vsb_all_districts VALUE (321,'Huyện Can Lộc',28);
INSERT INTO vsb_all_wards VALUE (5804,'Thị trấn Nghèn',321);
INSERT INTO vsb_all_wards VALUE (5805,'Xã Thiên Lộc',321);
INSERT INTO vsb_all_wards VALUE (5806,'Xã Thuần Thiện',321);
INSERT INTO vsb_all_wards VALUE (5807,'Xã Vượng Lộc',321);
INSERT INTO vsb_all_wards VALUE (5808,'Xã Thanh Lộc',321);
INSERT INTO vsb_all_wards VALUE (5809,'Xã Kim Song Trường',321);
INSERT INTO vsb_all_wards VALUE (5810,'Xã Thường Nga',321);
INSERT INTO vsb_all_wards VALUE (5811,'Xã Tùng Lộc',321);
INSERT INTO vsb_all_wards VALUE (5812,'Xã Phú Lộc',321);
INSERT INTO vsb_all_wards VALUE (5813,'Xã Gia Hanh',321);
INSERT INTO vsb_all_wards VALUE (5814,'Xã Khánh Vĩnh Yên',321);
INSERT INTO vsb_all_wards VALUE (5815,'Xã Trung Lộc',321);
INSERT INTO vsb_all_wards VALUE (5816,'Xã Xuân Lộc',321);
INSERT INTO vsb_all_wards VALUE (5817,'Xã Thượng Lộc',321);
INSERT INTO vsb_all_wards VALUE (5818,'Xã Quang Lộc',321);
INSERT INTO vsb_all_wards VALUE (5819,'Thị trấn Đồng Lộc',321);
INSERT INTO vsb_all_wards VALUE (5820,'Xã Mỹ Lộc',321);
INSERT INTO vsb_all_wards VALUE (5821,'Xã Sơn Lộc',321);
INSERT INTO vsb_all_districts VALUE (322,'Huyện Hương Khê',28);
INSERT INTO vsb_all_wards VALUE (5822,'Thị trấn Hương Khê',322);
INSERT INTO vsb_all_wards VALUE (5823,'Xã Điền Mỹ',322);
INSERT INTO vsb_all_wards VALUE (5824,'Xã Hà Linh',322);
INSERT INTO vsb_all_wards VALUE (5825,'Xã Hương Thủy',322);
INSERT INTO vsb_all_wards VALUE (5826,'Xã Hòa Hải',322);
INSERT INTO vsb_all_wards VALUE (5827,'Xã Phúc Đồng',322);
INSERT INTO vsb_all_wards VALUE (5828,'Xã Hương Giang',322);
INSERT INTO vsb_all_wards VALUE (5829,'Xã Lộc Yên',322);
INSERT INTO vsb_all_wards VALUE (5830,'Xã Hương Bình',322);
INSERT INTO vsb_all_wards VALUE (5831,'Xã Hương Long',322);
INSERT INTO vsb_all_wards VALUE (5832,'Xã Phú Gia',322);
INSERT INTO vsb_all_wards VALUE (5833,'Xã Gia Phố',322);
INSERT INTO vsb_all_wards VALUE (5834,'Xã Phú Phong',322);
INSERT INTO vsb_all_wards VALUE (5835,'Xã Hương Đô',322);
INSERT INTO vsb_all_wards VALUE (5836,'Xã Hương Vĩnh',322);
INSERT INTO vsb_all_wards VALUE (5837,'Xã Hương Xuân',322);
INSERT INTO vsb_all_wards VALUE (5838,'Xã Phúc Trạch',322);
INSERT INTO vsb_all_wards VALUE (5839,'Xã Hương Trà',322);
INSERT INTO vsb_all_wards VALUE (5840,'Xã Hương Trạch',322);
INSERT INTO vsb_all_wards VALUE (5841,'Xã Hương Lâm',322);
INSERT INTO vsb_all_wards VALUE (5842,'Xã Hương Liên',322);
INSERT INTO vsb_all_districts VALUE (323,'Huyện Thạch Hà',28);
INSERT INTO vsb_all_wards VALUE (5843,'Thị trấn Thạch Hà',323);
INSERT INTO vsb_all_wards VALUE (5844,'Xã Ngọc Sơn',323);
INSERT INTO vsb_all_wards VALUE (5845,'Xã Thạch Hải',323);
INSERT INTO vsb_all_wards VALUE (5846,'Xã Thạch Kênh',323);
INSERT INTO vsb_all_wards VALUE (5847,'Xã Thạch Sơn',323);
INSERT INTO vsb_all_wards VALUE (5848,'Xã Thạch Liên',323);
INSERT INTO vsb_all_wards VALUE (5849,'Xã Đỉnh Bàn',323);
INSERT INTO vsb_all_wards VALUE (5850,'Xã Việt Tiến',323);
INSERT INTO vsb_all_wards VALUE (5851,'Xã Thạch Khê',323);
INSERT INTO vsb_all_wards VALUE (5852,'Xã Thạch Long',323);
INSERT INTO vsb_all_wards VALUE (5853,'Xã Thạch Trị',323);
INSERT INTO vsb_all_wards VALUE (5854,'Xã Thạch Lạc',323);
INSERT INTO vsb_all_wards VALUE (5855,'Xã Thạch Ngọc',323);
INSERT INTO vsb_all_wards VALUE (5856,'Xã Tượng Sơn',323);
INSERT INTO vsb_all_wards VALUE (5857,'Xã Thạch Văn',323);
INSERT INTO vsb_all_wards VALUE (5858,'Xã Lưu Vĩnh Sơn',323);
INSERT INTO vsb_all_wards VALUE (5859,'Xã Thạch Thắng',323);
INSERT INTO vsb_all_wards VALUE (5860,'Xã Thạch Đài',323);
INSERT INTO vsb_all_wards VALUE (5861,'Xã Thạch Hội',323);
INSERT INTO vsb_all_wards VALUE (5862,'Xã Tân Lâm Hương',323);
INSERT INTO vsb_all_wards VALUE (5863,'Xã Thạch Xuân',323);
INSERT INTO vsb_all_wards VALUE (5864,'Xã Nam Điền',323);
INSERT INTO vsb_all_districts VALUE (324,'Huyện Cẩm Xuyên',28);
INSERT INTO vsb_all_wards VALUE (5865,'Thị trấn Cẩm Xuyên',324);
INSERT INTO vsb_all_wards VALUE (5866,'Thị trấn Thiên Cầm',324);
INSERT INTO vsb_all_wards VALUE (5867,'Xã Yên Hòa',324);
INSERT INTO vsb_all_wards VALUE (5868,'Xã Cẩm Dương',324);
INSERT INTO vsb_all_wards VALUE (5869,'Xã Cẩm Bình',324);
INSERT INTO vsb_all_wards VALUE (5870,'Xã Cẩm Vĩnh',324);
INSERT INTO vsb_all_wards VALUE (5871,'Xã Cẩm Thành',324);
INSERT INTO vsb_all_wards VALUE (5872,'Xã Cẩm Quang',324);
INSERT INTO vsb_all_wards VALUE (5873,'Xã Cẩm Thạch',324);
INSERT INTO vsb_all_wards VALUE (5874,'Xã Cẩm Nhượng',324);
INSERT INTO vsb_all_wards VALUE (5875,'Xã Nam Phúc Thăng',324);
INSERT INTO vsb_all_wards VALUE (5876,'Xã Cẩm Duệ',324);
INSERT INTO vsb_all_wards VALUE (5877,'Xã Cẩm Lĩnh',324);
INSERT INTO vsb_all_wards VALUE (5878,'Xã Cẩm Quan',324);
INSERT INTO vsb_all_wards VALUE (5879,'Xã Cẩm Hà',324);
INSERT INTO vsb_all_wards VALUE (5880,'Xã Cẩm Lộc',324);
INSERT INTO vsb_all_wards VALUE (5881,'Xã Cẩm Hưng',324);
INSERT INTO vsb_all_wards VALUE (5882,'Xã Cẩm Thịnh',324);
INSERT INTO vsb_all_wards VALUE (5883,'Xã Cẩm Mỹ',324);
INSERT INTO vsb_all_wards VALUE (5884,'Xã Cẩm Trung',324);
INSERT INTO vsb_all_wards VALUE (5885,'Xã Cẩm Sơn',324);
INSERT INTO vsb_all_wards VALUE (5886,'Xã Cẩm Lạc',324);
INSERT INTO vsb_all_wards VALUE (5887,'Xã Cẩm Minh',324);
INSERT INTO vsb_all_districts VALUE (325,'Huyện Kỳ Anh',28);
INSERT INTO vsb_all_wards VALUE (5888,'Xã Kỳ Xuân',325);
INSERT INTO vsb_all_wards VALUE (5889,'Xã Kỳ Bắc',325);
INSERT INTO vsb_all_wards VALUE (5890,'Xã Kỳ Phú',325);
INSERT INTO vsb_all_wards VALUE (5891,'Xã Kỳ Phong',325);
INSERT INTO vsb_all_wards VALUE (5892,'Xã Kỳ Tiến',325);
INSERT INTO vsb_all_wards VALUE (5893,'Xã Kỳ Giang',325);
INSERT INTO vsb_all_wards VALUE (5894,'Xã Kỳ Đồng',325);
INSERT INTO vsb_all_wards VALUE (5895,'Xã Kỳ Khang',325);
INSERT INTO vsb_all_wards VALUE (5896,'Xã Kỳ Văn',325);
INSERT INTO vsb_all_wards VALUE (5897,'Xã Kỳ Trung',325);
INSERT INTO vsb_all_wards VALUE (5898,'Xã Kỳ Thọ',325);
INSERT INTO vsb_all_wards VALUE (5899,'Xã Kỳ Tây',325);
INSERT INTO vsb_all_wards VALUE (5900,'Xã Kỳ Thượng',325);
INSERT INTO vsb_all_wards VALUE (5901,'Xã Kỳ Hải',325);
INSERT INTO vsb_all_wards VALUE (5902,'Xã Kỳ Thư',325);
INSERT INTO vsb_all_wards VALUE (5903,'Xã Kỳ Châu',325);
INSERT INTO vsb_all_wards VALUE (5904,'Xã Kỳ Tân',325);
INSERT INTO vsb_all_wards VALUE (5905,'Xã Lâm Hợp',325);
INSERT INTO vsb_all_wards VALUE (5906,'Xã Kỳ Sơn',325);
INSERT INTO vsb_all_wards VALUE (5907,'Xã Kỳ Lạc',325);
INSERT INTO vsb_all_districts VALUE (326,'Huyện Lộc Hà',28);
INSERT INTO vsb_all_wards VALUE (5908,'Xã Tân Lộc',326);
INSERT INTO vsb_all_wards VALUE (5909,'Xã Hồng Lộc',326);
INSERT INTO vsb_all_wards VALUE (5910,'Xã Thịnh Lộc',326);
INSERT INTO vsb_all_wards VALUE (5911,'Xã Bình An',326);
INSERT INTO vsb_all_wards VALUE (5912,'Xã Ích Hậu',326);
INSERT INTO vsb_all_wards VALUE (5913,'Xã Phù Lưu',326);
INSERT INTO vsb_all_wards VALUE (5914,'Thị trấn Lộc Hà',326);
INSERT INTO vsb_all_wards VALUE (5915,'Xã Thạch Mỹ',326);
INSERT INTO vsb_all_wards VALUE (5916,'Xã Thạch Kim',326);
INSERT INTO vsb_all_wards VALUE (5917,'Xã Thạch Châu',326);
INSERT INTO vsb_all_wards VALUE (5918,'Xã Hộ Độ',326);
INSERT INTO vsb_all_wards VALUE (5919,'Xã Mai Phụ',326);
INSERT INTO vsb_all_districts VALUE (327,'Thị xã Kỳ Anh',28);
INSERT INTO vsb_all_wards VALUE (5920,'Phường Hưng Trí',327);
INSERT INTO vsb_all_wards VALUE (5921,'Xã Kỳ Ninh',327);
INSERT INTO vsb_all_wards VALUE (5922,'Xã Kỳ Lợi',327);
INSERT INTO vsb_all_wards VALUE (5923,'Xã Kỳ Hà',327);
INSERT INTO vsb_all_wards VALUE (5924,'Phường Kỳ Trinh',327);
INSERT INTO vsb_all_wards VALUE (5925,'Phường Kỳ Thịnh',327);
INSERT INTO vsb_all_wards VALUE (5926,'Xã Kỳ Hoa',327);
INSERT INTO vsb_all_wards VALUE (5927,'Phường Kỳ Phương',327);
INSERT INTO vsb_all_wards VALUE (5928,'Phường Kỳ Long',327);
INSERT INTO vsb_all_wards VALUE (5929,'Phường Kỳ Liên',327);
INSERT INTO vsb_all_wards VALUE (5930,'Xã Kỳ Nam',327);
INSERT INTO vsb_all_provinces VALUE (29,'Tỉnh Quảng Bình');
INSERT INTO vsb_all_districts VALUE (328,'Thành Phố Đồng Hới',29);
INSERT INTO vsb_all_wards VALUE (5931,'Phường Hải Thành',328);
INSERT INTO vsb_all_wards VALUE (5932,'Phường Đồng Phú',328);
INSERT INTO vsb_all_wards VALUE (5933,'Phường Bắc Lý',328);
INSERT INTO vsb_all_wards VALUE (5934,'Phường Nam Lý',328);
INSERT INTO vsb_all_wards VALUE (5935,'Phường Đồng Hải',328);
INSERT INTO vsb_all_wards VALUE (5936,'Phường Đồng Sơn',328);
INSERT INTO vsb_all_wards VALUE (5937,'Phường Phú Hải',328);
INSERT INTO vsb_all_wards VALUE (5938,'Phường Bắc Nghĩa',328);
INSERT INTO vsb_all_wards VALUE (5939,'Phường Đức Ninh Đông',328);
INSERT INTO vsb_all_wards VALUE (5940,'Xã Quang Phú',328);
INSERT INTO vsb_all_wards VALUE (5941,'Xã Lộc Ninh',328);
INSERT INTO vsb_all_wards VALUE (5942,'Xã Bảo Ninh',328);
INSERT INTO vsb_all_wards VALUE (5943,'Xã Nghĩa Ninh',328);
INSERT INTO vsb_all_wards VALUE (5944,'Xã Thuận Đức',328);
INSERT INTO vsb_all_wards VALUE (5945,'Xã Đức Ninh',328);
INSERT INTO vsb_all_districts VALUE (329,'Huyện Minh Hóa',29);
INSERT INTO vsb_all_wards VALUE (5946,'Thị trấn Quy Đạt',329);
INSERT INTO vsb_all_wards VALUE (5947,'Xã Dân Hóa',329);
INSERT INTO vsb_all_wards VALUE (5948,'Xã Trọng Hóa',329);
INSERT INTO vsb_all_wards VALUE (5949,'Xã Hóa Phúc',329);
INSERT INTO vsb_all_wards VALUE (5950,'Xã Hồng Hóa',329);
INSERT INTO vsb_all_wards VALUE (5951,'Xã Hóa Thanh',329);
INSERT INTO vsb_all_wards VALUE (5952,'Xã Hóa Tiến',329);
INSERT INTO vsb_all_wards VALUE (5953,'Xã Hóa Hợp',329);
INSERT INTO vsb_all_wards VALUE (5954,'Xã Xuân Hóa',329);
INSERT INTO vsb_all_wards VALUE (5955,'Xã Yên Hóa',329);
INSERT INTO vsb_all_wards VALUE (5956,'Xã Minh Hóa',329);
INSERT INTO vsb_all_wards VALUE (5957,'Xã Tân Hóa',329);
INSERT INTO vsb_all_wards VALUE (5958,'Xã Hóa Sơn',329);
INSERT INTO vsb_all_wards VALUE (5959,'Xã Trung Hóa',329);
INSERT INTO vsb_all_wards VALUE (5960,'Xã Thượng Hóa',329);
INSERT INTO vsb_all_districts VALUE (330,'Huyện Tuyên Hóa',29);
INSERT INTO vsb_all_wards VALUE (5961,'Thị trấn Đồng Lê',330);
INSERT INTO vsb_all_wards VALUE (5962,'Xã Hương Hóa',330);
INSERT INTO vsb_all_wards VALUE (5963,'Xã Kim Hóa',330);
INSERT INTO vsb_all_wards VALUE (5964,'Xã Thanh Hóa',330);
INSERT INTO vsb_all_wards VALUE (5965,'Xã Thanh Thạch',330);
INSERT INTO vsb_all_wards VALUE (5966,'Xã Thuận Hóa',330);
INSERT INTO vsb_all_wards VALUE (5967,'Xã Lâm Hóa',330);
INSERT INTO vsb_all_wards VALUE (5968,'Xã Lê Hóa',330);
INSERT INTO vsb_all_wards VALUE (5969,'Xã Sơn Hóa',330);
INSERT INTO vsb_all_wards VALUE (5970,'Xã Đồng Hóa',330);
INSERT INTO vsb_all_wards VALUE (5971,'Xã Ngư Hóa',330);
INSERT INTO vsb_all_wards VALUE (5972,'Xã Thạch Hóa',330);
INSERT INTO vsb_all_wards VALUE (5973,'Xã Đức Hóa',330);
INSERT INTO vsb_all_wards VALUE (5974,'Xã Phong Hóa',330);
INSERT INTO vsb_all_wards VALUE (5975,'Xã Mai Hóa',330);
INSERT INTO vsb_all_wards VALUE (5976,'Xã Tiến Hóa',330);
INSERT INTO vsb_all_wards VALUE (5977,'Xã Châu Hóa',330);
INSERT INTO vsb_all_wards VALUE (5978,'Xã Cao Quảng',330);
INSERT INTO vsb_all_wards VALUE (5979,'Xã Văn Hóa',330);
INSERT INTO vsb_all_districts VALUE (331,'Huyện Quảng Trạch',29);
INSERT INTO vsb_all_wards VALUE (5980,'Xã Quảng Hợp',331);
INSERT INTO vsb_all_wards VALUE (5981,'Xã Quảng Kim',331);
INSERT INTO vsb_all_wards VALUE (5982,'Xã Quảng Đông',331);
INSERT INTO vsb_all_wards VALUE (5983,'Xã Quảng Phú',331);
INSERT INTO vsb_all_wards VALUE (5984,'Xã Quảng Châu',331);
INSERT INTO vsb_all_wards VALUE (5985,'Xã Quảng Thạch',331);
INSERT INTO vsb_all_wards VALUE (5986,'Xã Quảng Lưu',331);
INSERT INTO vsb_all_wards VALUE (5987,'Xã Quảng Tùng',331);
INSERT INTO vsb_all_wards VALUE (5988,'Xã Cảnh Dương',331);
INSERT INTO vsb_all_wards VALUE (5989,'Xã Quảng Tiến',331);
INSERT INTO vsb_all_wards VALUE (5990,'Xã Quảng Hưng',331);
INSERT INTO vsb_all_wards VALUE (5991,'Xã Quảng Xuân',331);
INSERT INTO vsb_all_wards VALUE (5992,'Xã Cảnh Hóa',331);
INSERT INTO vsb_all_wards VALUE (5993,'Xã Liên Trường',331);
INSERT INTO vsb_all_wards VALUE (5994,'Xã Quảng Phương',331);
INSERT INTO vsb_all_wards VALUE (5995,'Xã Phù Hóa',331);
INSERT INTO vsb_all_wards VALUE (5996,'Xã Quảng Thanh',331);
INSERT INTO vsb_all_districts VALUE (332,'Huyện Bố Trạch',29);
INSERT INTO vsb_all_wards VALUE (5997,'Thị trấn Hoàn Lão',332);
INSERT INTO vsb_all_wards VALUE (5998,'Thị trấn NT Việt Trung',332);
INSERT INTO vsb_all_wards VALUE (5999,'Xã Xuân Trạch',332);
INSERT INTO vsb_all_wards VALUE (6000,'Xã Mỹ Trạch',332);
INSERT INTO vsb_all_wards VALUE (6001,'Xã Hạ Trạch',332);
INSERT INTO vsb_all_wards VALUE (6002,'Xã Bắc Trạch',332);
INSERT INTO vsb_all_wards VALUE (6003,'Xã Lâm Trạch',332);
INSERT INTO vsb_all_wards VALUE (6004,'Xã Thanh Trạch',332);
INSERT INTO vsb_all_wards VALUE (6005,'Xã Liên Trạch',332);
INSERT INTO vsb_all_wards VALUE (6006,'Xã Phúc Trạch',332);
INSERT INTO vsb_all_wards VALUE (6007,'Xã Cự Nẫm',332);
INSERT INTO vsb_all_wards VALUE (6008,'Xã Hải Phú',332);
INSERT INTO vsb_all_wards VALUE (6009,'Xã Thượng Trạch',332);
INSERT INTO vsb_all_wards VALUE (6010,'Xã Sơn Lộc',332);
INSERT INTO vsb_all_wards VALUE (6011,'Xã Hưng Trạch',332);
INSERT INTO vsb_all_wards VALUE (6012,'Xã Đồng Trạch',332);
INSERT INTO vsb_all_wards VALUE (6013,'Xã Đức Trạch',332);
INSERT INTO vsb_all_wards VALUE (6014,'Thị trấn Phong Nha',332);
INSERT INTO vsb_all_wards VALUE (6015,'Xã Vạn Trạch',332);
INSERT INTO vsb_all_wards VALUE (6016,'Xã Phú Định',332);
INSERT INTO vsb_all_wards VALUE (6017,'Xã Trung Trạch',332);
INSERT INTO vsb_all_wards VALUE (6018,'Xã Tây Trạch',332);
INSERT INTO vsb_all_wards VALUE (6019,'Xã Hòa Trạch',332);
INSERT INTO vsb_all_wards VALUE (6020,'Xã Đại Trạch',332);
INSERT INTO vsb_all_wards VALUE (6021,'Xã Nhân Trạch',332);
INSERT INTO vsb_all_wards VALUE (6022,'Xã Tân Trạch',332);
INSERT INTO vsb_all_wards VALUE (6023,'Xã Nam Trạch',332);
INSERT INTO vsb_all_wards VALUE (6024,'Xã Lý Trạch',332);
INSERT INTO vsb_all_districts VALUE (333,'Huyện Quảng Ninh',29);
INSERT INTO vsb_all_wards VALUE (6025,'Thị trấn Quán Hàu',333);
INSERT INTO vsb_all_wards VALUE (6026,'Xã Trường Sơn',333);
INSERT INTO vsb_all_wards VALUE (6027,'Xã Lương Ninh',333);
INSERT INTO vsb_all_wards VALUE (6028,'Xã Vĩnh Ninh',333);
INSERT INTO vsb_all_wards VALUE (6029,'Xã Võ Ninh',333);
INSERT INTO vsb_all_wards VALUE (6030,'Xã Hải Ninh',333);
INSERT INTO vsb_all_wards VALUE (6031,'Xã Hàm Ninh',333);
INSERT INTO vsb_all_wards VALUE (6032,'Xã Duy Ninh',333);
INSERT INTO vsb_all_wards VALUE (6033,'Xã Gia Ninh',333);
INSERT INTO vsb_all_wards VALUE (6034,'Xã Trường Xuân',333);
INSERT INTO vsb_all_wards VALUE (6035,'Xã Hiền Ninh',333);
INSERT INTO vsb_all_wards VALUE (6036,'Xã Tân Ninh',333);
INSERT INTO vsb_all_wards VALUE (6037,'Xã Xuân Ninh',333);
INSERT INTO vsb_all_wards VALUE (6038,'Xã An Ninh',333);
INSERT INTO vsb_all_wards VALUE (6039,'Xã Vạn Ninh',333);
INSERT INTO vsb_all_districts VALUE (334,'Huyện Lệ Thủy',29);
INSERT INTO vsb_all_wards VALUE (6040,'Thị trấn NT Lệ Ninh',334);
INSERT INTO vsb_all_wards VALUE (6041,'Thị trấn Kiến Giang',334);
INSERT INTO vsb_all_wards VALUE (6042,'Xã Hồng Thủy',334);
INSERT INTO vsb_all_wards VALUE (6043,'Xã Ngư Thủy Bắc',334);
INSERT INTO vsb_all_wards VALUE (6044,'Xã Hoa Thủy',334);
INSERT INTO vsb_all_wards VALUE (6045,'Xã Thanh Thủy',334);
INSERT INTO vsb_all_wards VALUE (6046,'Xã An Thủy',334);
INSERT INTO vsb_all_wards VALUE (6047,'Xã Phong Thủy',334);
INSERT INTO vsb_all_wards VALUE (6048,'Xã Cam Thủy',334);
INSERT INTO vsb_all_wards VALUE (6049,'Xã Ngân Thủy',334);
INSERT INTO vsb_all_wards VALUE (6050,'Xã Sơn Thủy',334);
INSERT INTO vsb_all_wards VALUE (6051,'Xã Lộc Thủy',334);
INSERT INTO vsb_all_wards VALUE (6052,'Xã Liên Thủy',334);
INSERT INTO vsb_all_wards VALUE (6053,'Xã Hưng Thủy',334);
INSERT INTO vsb_all_wards VALUE (6054,'Xã Dương Thủy',334);
INSERT INTO vsb_all_wards VALUE (6055,'Xã Tân Thủy',334);
INSERT INTO vsb_all_wards VALUE (6056,'Xã Phú Thủy',334);
INSERT INTO vsb_all_wards VALUE (6057,'Xã Xuân Thủy',334);
INSERT INTO vsb_all_wards VALUE (6058,'Xã Mỹ Thủy',334);
INSERT INTO vsb_all_wards VALUE (6059,'Xã Ngư Thủy',334);
INSERT INTO vsb_all_wards VALUE (6060,'Xã Mai Thủy',334);
INSERT INTO vsb_all_wards VALUE (6061,'Xã Sen Thủy',334);
INSERT INTO vsb_all_wards VALUE (6062,'Xã Thái Thủy',334);
INSERT INTO vsb_all_wards VALUE (6063,'Xã Kim Thủy',334);
INSERT INTO vsb_all_wards VALUE (6064,'Xã Trường Thủy',334);
INSERT INTO vsb_all_wards VALUE (6065,'Xã Lâm Thủy',334);
INSERT INTO vsb_all_districts VALUE (335,'Thị xã Ba Đồn',29);
INSERT INTO vsb_all_wards VALUE (6066,'Phường Ba Đồn',335);
INSERT INTO vsb_all_wards VALUE (6067,'Phường Quảng Long',335);
INSERT INTO vsb_all_wards VALUE (6068,'Phường Quảng Thọ',335);
INSERT INTO vsb_all_wards VALUE (6069,'Xã Quảng Tiên',335);
INSERT INTO vsb_all_wards VALUE (6070,'Xã Quảng Trung',335);
INSERT INTO vsb_all_wards VALUE (6071,'Phường Quảng Phong',335);
INSERT INTO vsb_all_wards VALUE (6072,'Phường Quảng Thuận',335);
INSERT INTO vsb_all_wards VALUE (6073,'Xã Quảng Tân',335);
INSERT INTO vsb_all_wards VALUE (6074,'Xã Quảng Hải',335);
INSERT INTO vsb_all_wards VALUE (6075,'Xã Quảng Sơn',335);
INSERT INTO vsb_all_wards VALUE (6076,'Xã Quảng Lộc',335);
INSERT INTO vsb_all_wards VALUE (6077,'Xã Quảng Thủy',335);
INSERT INTO vsb_all_wards VALUE (6078,'Xã Quảng Văn',335);
INSERT INTO vsb_all_wards VALUE (6079,'Phường Quảng Phúc',335);
INSERT INTO vsb_all_wards VALUE (6080,'Xã Quảng Hòa',335);
INSERT INTO vsb_all_wards VALUE (6081,'Xã Quảng Minh',335);
INSERT INTO vsb_all_provinces VALUE (30,'Tỉnh Quảng Trị');
INSERT INTO vsb_all_districts VALUE (336,'Thành phố Đông Hà',30);
INSERT INTO vsb_all_wards VALUE (6082,'Phường Đông Giang',336);
INSERT INTO vsb_all_wards VALUE (6083,'Phường 1',336);
INSERT INTO vsb_all_wards VALUE (6084,'Phường Đông Lễ',336);
INSERT INTO vsb_all_wards VALUE (6085,'Phường Đông Thanh',336);
INSERT INTO vsb_all_wards VALUE (6086,'Phường 2',336);
INSERT INTO vsb_all_wards VALUE (6087,'Phường 4',336);
INSERT INTO vsb_all_wards VALUE (6088,'Phường 5',336);
INSERT INTO vsb_all_wards VALUE (6089,'Phường Đông Lương',336);
INSERT INTO vsb_all_wards VALUE (6090,'Phường 3',336);
INSERT INTO vsb_all_districts VALUE (337,'Thị xã Quảng Trị',30);
INSERT INTO vsb_all_wards VALUE (6091,'Phường 1',337);
INSERT INTO vsb_all_wards VALUE (6092,'Phường An Đôn',337);
INSERT INTO vsb_all_wards VALUE (6093,'Phường 2',337);
INSERT INTO vsb_all_wards VALUE (6094,'Phường 3',337);
INSERT INTO vsb_all_wards VALUE (6095,'Xã Hải Lệ',337);
INSERT INTO vsb_all_districts VALUE (338,'Huyện Vĩnh Linh',30);
INSERT INTO vsb_all_wards VALUE (6096,'Thị trấn Hồ Xá',338);
INSERT INTO vsb_all_wards VALUE (6097,'Thị trấn Bến Quan',338);
INSERT INTO vsb_all_wards VALUE (6098,'Xã Vĩnh Thái',338);
INSERT INTO vsb_all_wards VALUE (6099,'Xã Vĩnh Tú',338);
INSERT INTO vsb_all_wards VALUE (6100,'Xã Vĩnh Chấp',338);
INSERT INTO vsb_all_wards VALUE (6101,'Xã Trung Nam',338);
INSERT INTO vsb_all_wards VALUE (6102,'Xã Kim Thạch',338);
INSERT INTO vsb_all_wards VALUE (6103,'Xã Vĩnh Long',338);
INSERT INTO vsb_all_wards VALUE (6104,'Xã Vĩnh Khê',338);
INSERT INTO vsb_all_wards VALUE (6105,'Xã Vĩnh Hòa',338);
INSERT INTO vsb_all_wards VALUE (6106,'Xã Vĩnh Thủy',338);
INSERT INTO vsb_all_wards VALUE (6107,'Xã Vĩnh Lâm',338);
INSERT INTO vsb_all_wards VALUE (6108,'Xã Hiền Thành',338);
INSERT INTO vsb_all_wards VALUE (6109,'Thị trấn Cửa Tùng',338);
INSERT INTO vsb_all_wards VALUE (6110,'Xã Vĩnh Hà',338);
INSERT INTO vsb_all_wards VALUE (6111,'Xã Vĩnh Sơn',338);
INSERT INTO vsb_all_wards VALUE (6112,'Xã Vĩnh Giang',338);
INSERT INTO vsb_all_wards VALUE (6113,'Xã Vĩnh Ô',338);
INSERT INTO vsb_all_districts VALUE (339,'Huyện Hướng Hóa',30);
INSERT INTO vsb_all_wards VALUE (6114,'Thị trấn Khe Sanh',339);
INSERT INTO vsb_all_wards VALUE (6115,'Thị trấn Lao Bảo',339);
INSERT INTO vsb_all_wards VALUE (6116,'Xã Hướng Lập',339);
INSERT INTO vsb_all_wards VALUE (6117,'Xã Hướng Việt',339);
INSERT INTO vsb_all_wards VALUE (6118,'Xã Hướng Phùng',339);
INSERT INTO vsb_all_wards VALUE (6119,'Xã Hướng Sơn',339);
INSERT INTO vsb_all_wards VALUE (6120,'Xã Hướng Linh',339);
INSERT INTO vsb_all_wards VALUE (6121,'Xã Tân Hợp',339);
INSERT INTO vsb_all_wards VALUE (6122,'Xã Hướng Tân',339);
INSERT INTO vsb_all_wards VALUE (6123,'Xã Tân Thành',339);
INSERT INTO vsb_all_wards VALUE (6124,'Xã Tân Long',339);
INSERT INTO vsb_all_wards VALUE (6125,'Xã Tân Lập',339);
INSERT INTO vsb_all_wards VALUE (6126,'Xã Tân Liên',339);
INSERT INTO vsb_all_wards VALUE (6127,'Xã Húc',339);
INSERT INTO vsb_all_wards VALUE (6128,'Xã Thuận',339);
INSERT INTO vsb_all_wards VALUE (6129,'Xã Hướng Lộc',339);
INSERT INTO vsb_all_wards VALUE (6130,'Xã Ba Tầng',339);
INSERT INTO vsb_all_wards VALUE (6131,'Xã Thanh',339);
INSERT INTO vsb_all_wards VALUE (6132,'Xã A Dơi',339);
INSERT INTO vsb_all_wards VALUE (6133,'Xã Lìa',339);
INSERT INTO vsb_all_wards VALUE (6134,'Xã Xy',339);
INSERT INTO vsb_all_districts VALUE (340,'Huyện Gio Linh',30);
INSERT INTO vsb_all_wards VALUE (6135,'Thị trấn Gio Linh',340);
INSERT INTO vsb_all_wards VALUE (6136,'Thị trấn Cửa Việt',340);
INSERT INTO vsb_all_wards VALUE (6137,'Xã Trung Giang',340);
INSERT INTO vsb_all_wards VALUE (6138,'Xã Trung Hải',340);
INSERT INTO vsb_all_wards VALUE (6139,'Xã Trung Sơn',340);
INSERT INTO vsb_all_wards VALUE (6140,'Xã Phong Bình',340);
INSERT INTO vsb_all_wards VALUE (6141,'Xã Gio Mỹ',340);
INSERT INTO vsb_all_wards VALUE (6142,'Xã Gio Hải',340);
INSERT INTO vsb_all_wards VALUE (6143,'Xã Gio An',340);
INSERT INTO vsb_all_wards VALUE (6144,'Xã Gio Châu',340);
INSERT INTO vsb_all_wards VALUE (6145,'Xã Gio Việt',340);
INSERT INTO vsb_all_wards VALUE (6146,'Xã Linh Trường',340);
INSERT INTO vsb_all_wards VALUE (6147,'Xã Gio Sơn',340);
INSERT INTO vsb_all_wards VALUE (6148,'Xã Gio Mai',340);
INSERT INTO vsb_all_wards VALUE (6149,'Xã Hải Thái',340);
INSERT INTO vsb_all_wards VALUE (6150,'Xã Linh Hải',340);
INSERT INTO vsb_all_wards VALUE (6151,'Xã Gio Quang',340);
INSERT INTO vsb_all_districts VALUE (341,'Huyện Đa Krông',30);
INSERT INTO vsb_all_wards VALUE (6152,'Thị trấn Krông Klang',341);
INSERT INTO vsb_all_wards VALUE (6153,'Xã Mò Ó',341);
INSERT INTO vsb_all_wards VALUE (6154,'Xã Hướng Hiệp',341);
INSERT INTO vsb_all_wards VALUE (6155,'Xã Đa Krông',341);
INSERT INTO vsb_all_wards VALUE (6156,'Xã Triệu Nguyên',341);
INSERT INTO vsb_all_wards VALUE (6157,'Xã Ba Lòng',341);
INSERT INTO vsb_all_wards VALUE (6158,'Xã Ba Nang',341);
INSERT INTO vsb_all_wards VALUE (6159,'Xã Tà Long',341);
INSERT INTO vsb_all_wards VALUE (6160,'Xã Húc Nghì',341);
INSERT INTO vsb_all_wards VALUE (6161,'Xã A Vao',341);
INSERT INTO vsb_all_wards VALUE (6162,'Xã Tà Rụt',341);
INSERT INTO vsb_all_wards VALUE (6163,'Xã A Bung',341);
INSERT INTO vsb_all_wards VALUE (6164,'Xã A Ngo',341);
INSERT INTO vsb_all_districts VALUE (342,'Huyện Cam Lộ',30);
INSERT INTO vsb_all_wards VALUE (6165,'Thị trấn Cam Lộ',342);
INSERT INTO vsb_all_wards VALUE (6166,'Xã Cam Tuyền',342);
INSERT INTO vsb_all_wards VALUE (6167,'Xã Thanh An',342);
INSERT INTO vsb_all_wards VALUE (6168,'Xã Cam Thủy',342);
INSERT INTO vsb_all_wards VALUE (6169,'Xã Cam Thành',342);
INSERT INTO vsb_all_wards VALUE (6170,'Xã Cam Hiếu',342);
INSERT INTO vsb_all_wards VALUE (6171,'Xã Cam Chính',342);
INSERT INTO vsb_all_wards VALUE (6172,'Xã Cam Nghĩa',342);
INSERT INTO vsb_all_districts VALUE (343,'Huyện Triệu Phong',30);
INSERT INTO vsb_all_wards VALUE (6173,'Thị trấn Ái Tử',343);
INSERT INTO vsb_all_wards VALUE (6174,'Xã Triệu An',343);
INSERT INTO vsb_all_wards VALUE (6175,'Xã Triệu Vân',343);
INSERT INTO vsb_all_wards VALUE (6176,'Xã Triệu Phước',343);
INSERT INTO vsb_all_wards VALUE (6177,'Xã Triệu Độ',343);
INSERT INTO vsb_all_wards VALUE (6178,'Xã Triệu Trạch',343);
INSERT INTO vsb_all_wards VALUE (6179,'Xã Triệu Thuận',343);
INSERT INTO vsb_all_wards VALUE (6180,'Xã Triệu Đại',343);
INSERT INTO vsb_all_wards VALUE (6181,'Xã Triệu Hòa',343);
INSERT INTO vsb_all_wards VALUE (6182,'Xã Triệu Lăng',343);
INSERT INTO vsb_all_wards VALUE (6183,'Xã Triệu Sơn',343);
INSERT INTO vsb_all_wards VALUE (6184,'Xã Triệu Long',343);
INSERT INTO vsb_all_wards VALUE (6185,'Xã Triệu Tài',343);
INSERT INTO vsb_all_wards VALUE (6186,'Xã Triệu Trung',343);
INSERT INTO vsb_all_wards VALUE (6187,'Xã Triệu Ái',343);
INSERT INTO vsb_all_wards VALUE (6188,'Xã Triệu Thượng',343);
INSERT INTO vsb_all_wards VALUE (6189,'Xã Triệu Giang',343);
INSERT INTO vsb_all_wards VALUE (6190,'Xã Triệu Thành',343);
INSERT INTO vsb_all_districts VALUE (344,'Huyện Hải Lăng',30);
INSERT INTO vsb_all_wards VALUE (6191,'Thị trấn Diên Sanh',344);
INSERT INTO vsb_all_wards VALUE (6192,'Xã Hải An',344);
INSERT INTO vsb_all_wards VALUE (6193,'Xã Hải Ba',344);
INSERT INTO vsb_all_wards VALUE (6194,'Xã Hải Quy',344);
INSERT INTO vsb_all_wards VALUE (6195,'Xã Hải Quế',344);
INSERT INTO vsb_all_wards VALUE (6196,'Xã Hải Hưng',344);
INSERT INTO vsb_all_wards VALUE (6197,'Xã Hải Phú',344);
INSERT INTO vsb_all_wards VALUE (6198,'Xã Hải Thượng',344);
INSERT INTO vsb_all_wards VALUE (6199,'Xã Hải Dương',344);
INSERT INTO vsb_all_wards VALUE (6200,'Xã Hải Định',344);
INSERT INTO vsb_all_wards VALUE (6201,'Xã Hải Lâm',344);
INSERT INTO vsb_all_wards VALUE (6202,'Xã Hải Phong',344);
INSERT INTO vsb_all_wards VALUE (6203,'Xã Hải Trường',344);
INSERT INTO vsb_all_wards VALUE (6204,'Xã Hải Sơn',344);
INSERT INTO vsb_all_wards VALUE (6205,'Xã Hải Chánh',344);
INSERT INTO vsb_all_wards VALUE (6206,'Xã Hải Khê',344);
INSERT INTO vsb_all_districts VALUE (345,'Huyện Cồn Cỏ',30);
INSERT INTO vsb_all_provinces VALUE (31,'Tỉnh Thừa Thiên Huế');
INSERT INTO vsb_all_districts VALUE (346,'Thành phố Huế',31);
INSERT INTO vsb_all_wards VALUE (6207,'Phường Tây Lộc',346);
INSERT INTO vsb_all_wards VALUE (6208,'Phường Thuận Lộc',346);
INSERT INTO vsb_all_wards VALUE (6209,'Phường Gia Hội',346);
INSERT INTO vsb_all_wards VALUE (6210,'Phường Phú Hậu',346);
INSERT INTO vsb_all_wards VALUE (6211,'Phường Thuận Hòa',346);
INSERT INTO vsb_all_wards VALUE (6212,'Phường Đông Ba',346);
INSERT INTO vsb_all_wards VALUE (6213,'Phường Kim Long',346);
INSERT INTO vsb_all_wards VALUE (6214,'Phường Vỹ Dạ',346);
INSERT INTO vsb_all_wards VALUE (6215,'Phường Phường Đúc',346);
INSERT INTO vsb_all_wards VALUE (6216,'Phường Vĩnh Ninh',346);
INSERT INTO vsb_all_wards VALUE (6217,'Phường Phú Hội',346);
INSERT INTO vsb_all_wards VALUE (6218,'Phường Phú Nhuận',346);
INSERT INTO vsb_all_wards VALUE (6219,'Phường Xuân Phú',346);
INSERT INTO vsb_all_wards VALUE (6220,'Phường Trường An',346);
INSERT INTO vsb_all_wards VALUE (6221,'Phường Phước Vĩnh',346);
INSERT INTO vsb_all_wards VALUE (6222,'Phường An Cựu',346);
INSERT INTO vsb_all_wards VALUE (6223,'Phường An Hòa',346);
INSERT INTO vsb_all_wards VALUE (6224,'Phường Hương Sơ',346);
INSERT INTO vsb_all_wards VALUE (6225,'Phường Thuỷ Biều',346);
INSERT INTO vsb_all_wards VALUE (6226,'Phường Hương Long',346);
INSERT INTO vsb_all_wards VALUE (6227,'Phường Thuỷ Xuân',346);
INSERT INTO vsb_all_wards VALUE (6228,'Phường An Đông',346);
INSERT INTO vsb_all_wards VALUE (6229,'Phường An Tây',346);
INSERT INTO vsb_all_wards VALUE (6230,'Phường Thuận An',346);
INSERT INTO vsb_all_wards VALUE (6231,'Xã Phú Dương',346);
INSERT INTO vsb_all_wards VALUE (6232,'Xã Phú Mậu',346);
INSERT INTO vsb_all_wards VALUE (6233,'Xã Phú Thanh',346);
INSERT INTO vsb_all_wards VALUE (6234,'Phường Phú Thượng',346);
INSERT INTO vsb_all_wards VALUE (6235,'Phường Thủy Vân',346);
INSERT INTO vsb_all_wards VALUE (6236,'Xã Thủy Bằng',346);
INSERT INTO vsb_all_wards VALUE (6237,'Xã Hải Dương',346);
INSERT INTO vsb_all_wards VALUE (6238,'Xã Hương Phong',346);
INSERT INTO vsb_all_wards VALUE (6239,'Phường Hương Vinh',346);
INSERT INTO vsb_all_wards VALUE (6240,'Phường Hương An',346);
INSERT INTO vsb_all_wards VALUE (6241,'Phường Hương Hồ',346);
INSERT INTO vsb_all_wards VALUE (6242,'Xã Hương Thọ',346);
INSERT INTO vsb_all_districts VALUE (347,'Huyện Phong Điền',31);
INSERT INTO vsb_all_wards VALUE (6243,'Thị trấn Phong Điền',347);
INSERT INTO vsb_all_wards VALUE (6244,'Xã Điền Hương',347);
INSERT INTO vsb_all_wards VALUE (6245,'Xã Điền Môn',347);
INSERT INTO vsb_all_wards VALUE (6246,'Xã Điền Lộc',347);
INSERT INTO vsb_all_wards VALUE (6247,'Xã Phong Bình',347);
INSERT INTO vsb_all_wards VALUE (6248,'Xã Điền Hòa',347);
INSERT INTO vsb_all_wards VALUE (6249,'Xã Phong Chương',347);
INSERT INTO vsb_all_wards VALUE (6250,'Xã Phong Hải',347);
INSERT INTO vsb_all_wards VALUE (6251,'Xã Điền Hải',347);
INSERT INTO vsb_all_wards VALUE (6252,'Xã Phong Hòa',347);
INSERT INTO vsb_all_wards VALUE (6253,'Xã Phong Thu',347);
INSERT INTO vsb_all_wards VALUE (6254,'Xã Phong Hiền',347);
INSERT INTO vsb_all_wards VALUE (6255,'Xã Phong Mỹ',347);
INSERT INTO vsb_all_wards VALUE (6256,'Xã Phong An',347);
INSERT INTO vsb_all_wards VALUE (6257,'Xã Phong Xuân',347);
INSERT INTO vsb_all_wards VALUE (6258,'Xã Phong Sơn',347);
INSERT INTO vsb_all_districts VALUE (348,'Huyện Quảng Điền',31);
INSERT INTO vsb_all_wards VALUE (6259,'Thị trấn Sịa',348);
INSERT INTO vsb_all_wards VALUE (6260,'Xã Quảng Thái',348);
INSERT INTO vsb_all_wards VALUE (6261,'Xã Quảng Ngạn',348);
INSERT INTO vsb_all_wards VALUE (6262,'Xã Quảng Lợi',348);
INSERT INTO vsb_all_wards VALUE (6263,'Xã Quảng Công',348);
INSERT INTO vsb_all_wards VALUE (6264,'Xã Quảng Phước',348);
INSERT INTO vsb_all_wards VALUE (6265,'Xã Quảng Vinh',348);
INSERT INTO vsb_all_wards VALUE (6266,'Xã Quảng An',348);
INSERT INTO vsb_all_wards VALUE (6267,'Xã Quảng Thành',348);
INSERT INTO vsb_all_wards VALUE (6268,'Xã Quảng Thọ',348);
INSERT INTO vsb_all_wards VALUE (6269,'Xã Quảng Phú',348);
INSERT INTO vsb_all_districts VALUE (349,'Huyện Phú Vang',31);
INSERT INTO vsb_all_wards VALUE (6270,'Xã Phú Thuận',349);
INSERT INTO vsb_all_wards VALUE (6271,'Xã Phú An',349);
INSERT INTO vsb_all_wards VALUE (6272,'Xã Phú Hải',349);
INSERT INTO vsb_all_wards VALUE (6273,'Xã Phú Xuân',349);
INSERT INTO vsb_all_wards VALUE (6274,'Xã Phú Diên',349);
INSERT INTO vsb_all_wards VALUE (6275,'Xã Phú Mỹ',349);
INSERT INTO vsb_all_wards VALUE (6276,'Xã Phú Hồ',349);
INSERT INTO vsb_all_wards VALUE (6277,'Xã Vinh Xuân',349);
INSERT INTO vsb_all_wards VALUE (6278,'Xã Phú Lương',349);
INSERT INTO vsb_all_wards VALUE (6279,'Thị trấn Phú Đa',349);
INSERT INTO vsb_all_wards VALUE (6280,'Xã Vinh Thanh',349);
INSERT INTO vsb_all_wards VALUE (6281,'Xã Vinh An',349);
INSERT INTO vsb_all_wards VALUE (6282,'Xã Phú Gia',349);
INSERT INTO vsb_all_wards VALUE (6283,'Xã Vinh Hà',349);
INSERT INTO vsb_all_districts VALUE (350,'Thị xã Hương Thủy',31);
INSERT INTO vsb_all_wards VALUE (6284,'Phường Phú Bài',350);
INSERT INTO vsb_all_wards VALUE (6285,'Xã Thủy Thanh',350);
INSERT INTO vsb_all_wards VALUE (6286,'Phường Thủy Dương',350);
INSERT INTO vsb_all_wards VALUE (6287,'Phường Thủy Phương',350);
INSERT INTO vsb_all_wards VALUE (6288,'Phường Thủy Châu',350);
INSERT INTO vsb_all_wards VALUE (6289,'Phường Thủy Lương',350);
INSERT INTO vsb_all_wards VALUE (6290,'Xã Thủy Tân',350);
INSERT INTO vsb_all_wards VALUE (6291,'Xã Thủy Phù',350);
INSERT INTO vsb_all_wards VALUE (6292,'Xã Phú Sơn',350);
INSERT INTO vsb_all_wards VALUE (6293,'Xã Dương Hòa',350);
INSERT INTO vsb_all_districts VALUE (351,'Thị xã Hương Trà',31);
INSERT INTO vsb_all_wards VALUE (6294,'Phường Tứ Hạ',351);
INSERT INTO vsb_all_wards VALUE (6295,'Xã Hương Toàn',351);
INSERT INTO vsb_all_wards VALUE (6296,'Phường Hương Vân',351);
INSERT INTO vsb_all_wards VALUE (6297,'Phường Hương Văn',351);
INSERT INTO vsb_all_wards VALUE (6298,'Phường Hương Xuân',351);
INSERT INTO vsb_all_wards VALUE (6299,'Phường Hương Chữ',351);
INSERT INTO vsb_all_wards VALUE (6300,'Xã Hương Bình',351);
INSERT INTO vsb_all_wards VALUE (6301,'Xã Bình Tiến',351);
INSERT INTO vsb_all_wards VALUE (6302,'Xã Bình Thành',351);
INSERT INTO vsb_all_districts VALUE (352,'Huyện A Lưới',31);
INSERT INTO vsb_all_wards VALUE (6303,'Thị trấn A Lưới',352);
INSERT INTO vsb_all_wards VALUE (6304,'Xã Hồng Vân',352);
INSERT INTO vsb_all_wards VALUE (6305,'Xã Hồng Hạ',352);
INSERT INTO vsb_all_wards VALUE (6306,'Xã Hồng Kim',352);
INSERT INTO vsb_all_wards VALUE (6307,'Xã Trung Sơn',352);
INSERT INTO vsb_all_wards VALUE (6308,'Xã Hương Nguyên',352);
INSERT INTO vsb_all_wards VALUE (6309,'Xã Hồng Bắc',352);
INSERT INTO vsb_all_wards VALUE (6310,'Xã A Ngo',352);
INSERT INTO vsb_all_wards VALUE (6311,'Xã Sơn Thủy',352);
INSERT INTO vsb_all_wards VALUE (6312,'Xã Phú Vinh',352);
INSERT INTO vsb_all_wards VALUE (6313,'Xã Hương Phong',352);
INSERT INTO vsb_all_wards VALUE (6314,'Xã Quảng Nhâm',352);
INSERT INTO vsb_all_wards VALUE (6315,'Xã Hồng Thượng',352);
INSERT INTO vsb_all_wards VALUE (6316,'Xã Hồng Thái',352);
INSERT INTO vsb_all_wards VALUE (6317,'Xã A Roàng',352);
INSERT INTO vsb_all_wards VALUE (6318,'Xã Đông Sơn',352);
INSERT INTO vsb_all_wards VALUE (6319,'Xã Lâm Đớt',352);
INSERT INTO vsb_all_wards VALUE (6320,'Xã Hồng Thủy',352);
INSERT INTO vsb_all_districts VALUE (353,'Huyện Phú Lộc',31);
INSERT INTO vsb_all_wards VALUE (6321,'Thị trấn Phú Lộc',353);
INSERT INTO vsb_all_wards VALUE (6322,'Thị trấn Lăng Cô',353);
INSERT INTO vsb_all_wards VALUE (6323,'Xã Vinh Mỹ',353);
INSERT INTO vsb_all_wards VALUE (6324,'Xã Vinh Hưng',353);
INSERT INTO vsb_all_wards VALUE (6325,'Xã Giang Hải',353);
INSERT INTO vsb_all_wards VALUE (6326,'Xã Vinh Hiền',353);
INSERT INTO vsb_all_wards VALUE (6327,'Xã Lộc Bổn',353);
INSERT INTO vsb_all_wards VALUE (6328,'Xã Lộc Sơn',353);
INSERT INTO vsb_all_wards VALUE (6329,'Xã Lộc Bình',353);
INSERT INTO vsb_all_wards VALUE (6330,'Xã Lộc Vĩnh',353);
INSERT INTO vsb_all_wards VALUE (6331,'Xã Lộc An',353);
INSERT INTO vsb_all_wards VALUE (6332,'Xã Lộc Điền',353);
INSERT INTO vsb_all_wards VALUE (6333,'Xã Lộc Thủy',353);
INSERT INTO vsb_all_wards VALUE (6334,'Xã Lộc Trì',353);
INSERT INTO vsb_all_wards VALUE (6335,'Xã Lộc Tiến',353);
INSERT INTO vsb_all_wards VALUE (6336,'Xã Lộc Hòa',353);
INSERT INTO vsb_all_wards VALUE (6337,'Xã Xuân Lộc',353);
INSERT INTO vsb_all_districts VALUE (354,'Huyện Nam Đông',31);
INSERT INTO vsb_all_wards VALUE (6338,'Thị trấn Khe Tre',354);
INSERT INTO vsb_all_wards VALUE (6339,'Xã Hương Phú',354);
INSERT INTO vsb_all_wards VALUE (6340,'Xã Hương Sơn',354);
INSERT INTO vsb_all_wards VALUE (6341,'Xã Hương Lộc',354);
INSERT INTO vsb_all_wards VALUE (6342,'Xã Thượng Quảng',354);
INSERT INTO vsb_all_wards VALUE (6343,'Xã Hương Xuân',354);
INSERT INTO vsb_all_wards VALUE (6344,'Xã Hương Hữu',354);
INSERT INTO vsb_all_wards VALUE (6345,'Xã Thượng Lộ',354);
INSERT INTO vsb_all_wards VALUE (6346,'Xã Thượng Long',354);
INSERT INTO vsb_all_wards VALUE (6347,'Xã Thượng Nhật',354);
INSERT INTO vsb_all_provinces VALUE (32,'Thành phố Đà Nẵng');
INSERT INTO vsb_all_districts VALUE (355,'Quận Liên Chiểu',32);
INSERT INTO vsb_all_wards VALUE (6348,'Phường Hòa Hiệp Bắc',355);
INSERT INTO vsb_all_wards VALUE (6349,'Phường Hòa Hiệp Nam',355);
INSERT INTO vsb_all_wards VALUE (6350,'Phường Hòa Khánh Bắc',355);
INSERT INTO vsb_all_wards VALUE (6351,'Phường Hòa Khánh Nam',355);
INSERT INTO vsb_all_wards VALUE (6352,'Phường Hòa Minh',355);
INSERT INTO vsb_all_districts VALUE (356,'Quận Thanh Khê',32);
INSERT INTO vsb_all_wards VALUE (6353,'Phường Tam Thuận',356);
INSERT INTO vsb_all_wards VALUE (6354,'Phường Thanh Khê Tây',356);
INSERT INTO vsb_all_wards VALUE (6355,'Phường Thanh Khê Đông',356);
INSERT INTO vsb_all_wards VALUE (6356,'Phường Xuân Hà',356);
INSERT INTO vsb_all_wards VALUE (6357,'Phường Tân Chính',356);
INSERT INTO vsb_all_wards VALUE (6358,'Phường Chính Gián',356);
INSERT INTO vsb_all_wards VALUE (6359,'Phường Vĩnh Trung',356);
INSERT INTO vsb_all_wards VALUE (6360,'Phường Thạc Gián',356);
INSERT INTO vsb_all_wards VALUE (6361,'Phường An Khê',356);
INSERT INTO vsb_all_wards VALUE (6362,'Phường Hòa Khê',356);
INSERT INTO vsb_all_districts VALUE (357,'Quận Hải Châu',32);
INSERT INTO vsb_all_wards VALUE (6363,'Phường Thanh Bình',357);
INSERT INTO vsb_all_wards VALUE (6364,'Phường Thuận Phước',357);
INSERT INTO vsb_all_wards VALUE (6365,'Phường Thạch Thang',357);
INSERT INTO vsb_all_wards VALUE (6366,'Phường Hải Châu I',357);
INSERT INTO vsb_all_wards VALUE (6367,'Phường Hải Châu II',357);
INSERT INTO vsb_all_wards VALUE (6368,'Phường Phước Ninh',357);
INSERT INTO vsb_all_wards VALUE (6369,'Phường Hòa Thuận Tây',357);
INSERT INTO vsb_all_wards VALUE (6370,'Phường Hòa Thuận Đông',357);
INSERT INTO vsb_all_wards VALUE (6371,'Phường Nam Dương',357);
INSERT INTO vsb_all_wards VALUE (6372,'Phường Bình Hiên',357);
INSERT INTO vsb_all_wards VALUE (6373,'Phường Bình Thuận',357);
INSERT INTO vsb_all_wards VALUE (6374,'Phường Hòa Cường Bắc',357);
INSERT INTO vsb_all_wards VALUE (6375,'Phường Hòa Cường Nam',357);
INSERT INTO vsb_all_districts VALUE (358,'Quận Sơn Trà',32);
INSERT INTO vsb_all_wards VALUE (6376,'Phường Thọ Quang',358);
INSERT INTO vsb_all_wards VALUE (6377,'Phường Nại Hiên Đông',358);
INSERT INTO vsb_all_wards VALUE (6378,'Phường Mân Thái',358);
INSERT INTO vsb_all_wards VALUE (6379,'Phường An Hải Bắc',358);
INSERT INTO vsb_all_wards VALUE (6380,'Phường Phước Mỹ',358);
INSERT INTO vsb_all_wards VALUE (6381,'Phường An Hải Tây',358);
INSERT INTO vsb_all_wards VALUE (6382,'Phường An Hải Đông',358);
INSERT INTO vsb_all_districts VALUE (359,'Quận Ngũ Hành Sơn',32);
INSERT INTO vsb_all_wards VALUE (6383,'Phường Mỹ An',359);
INSERT INTO vsb_all_wards VALUE (6384,'Phường Khuê Mỹ',359);
INSERT INTO vsb_all_wards VALUE (6385,'Phường Hoà Quý',359);
INSERT INTO vsb_all_wards VALUE (6386,'Phường Hoà Hải',359);
INSERT INTO vsb_all_districts VALUE (360,'Quận Cẩm Lệ',32);
INSERT INTO vsb_all_wards VALUE (6387,'Phường Khuê Trung',360);
INSERT INTO vsb_all_wards VALUE (6388,'Phường Hòa Phát',360);
INSERT INTO vsb_all_wards VALUE (6389,'Phường Hòa An',360);
INSERT INTO vsb_all_wards VALUE (6390,'Phường Hòa Thọ Tây',360);
INSERT INTO vsb_all_wards VALUE (6391,'Phường Hòa Thọ Đông',360);
INSERT INTO vsb_all_wards VALUE (6392,'Phường Hòa Xuân',360);
INSERT INTO vsb_all_districts VALUE (361,'Huyện Hòa Vang',32);
INSERT INTO vsb_all_wards VALUE (6393,'Xã Hòa Bắc',361);
INSERT INTO vsb_all_wards VALUE (6394,'Xã Hòa Liên',361);
INSERT INTO vsb_all_wards VALUE (6395,'Xã Hòa Ninh',361);
INSERT INTO vsb_all_wards VALUE (6396,'Xã Hòa Sơn',361);
INSERT INTO vsb_all_wards VALUE (6397,'Xã Hòa Nhơn',361);
INSERT INTO vsb_all_wards VALUE (6398,'Xã Hòa Phú',361);
INSERT INTO vsb_all_wards VALUE (6399,'Xã Hòa Phong',361);
INSERT INTO vsb_all_wards VALUE (6400,'Xã Hòa Châu',361);
INSERT INTO vsb_all_wards VALUE (6401,'Xã Hòa Tiến',361);
INSERT INTO vsb_all_wards VALUE (6402,'Xã Hòa Phước',361);
INSERT INTO vsb_all_wards VALUE (6403,'Xã Hòa Khương',361);
INSERT INTO vsb_all_districts VALUE (362,'Huyện Hoàng Sa',32);
INSERT INTO vsb_all_provinces VALUE (33,'Tỉnh Quảng Nam');
INSERT INTO vsb_all_districts VALUE (363,'Thành phố Tam Kỳ',33);
INSERT INTO vsb_all_wards VALUE (6404,'Phường Tân Thạnh',363);
INSERT INTO vsb_all_wards VALUE (6405,'Phường Phước Hòa',363);
INSERT INTO vsb_all_wards VALUE (6406,'Phường An Mỹ',363);
INSERT INTO vsb_all_wards VALUE (6407,'Phường Hòa Hương',363);
INSERT INTO vsb_all_wards VALUE (6408,'Phường An Xuân',363);
INSERT INTO vsb_all_wards VALUE (6409,'Phường An Sơn',363);
INSERT INTO vsb_all_wards VALUE (6410,'Phường Trường Xuân',363);
INSERT INTO vsb_all_wards VALUE (6411,'Phường An Phú',363);
INSERT INTO vsb_all_wards VALUE (6412,'Xã Tam Thanh',363);
INSERT INTO vsb_all_wards VALUE (6413,'Xã Tam Thăng',363);
INSERT INTO vsb_all_wards VALUE (6414,'Xã Tam Phú',363);
INSERT INTO vsb_all_wards VALUE (6415,'Phường Hoà Thuận',363);
INSERT INTO vsb_all_wards VALUE (6416,'Xã Tam Ngọc',363);
INSERT INTO vsb_all_districts VALUE (364,'Thành phố Hội An',33);
INSERT INTO vsb_all_wards VALUE (6417,'Phường Minh An',364);
INSERT INTO vsb_all_wards VALUE (6418,'Phường Tân An',364);
INSERT INTO vsb_all_wards VALUE (6419,'Phường Cẩm Phô',364);
INSERT INTO vsb_all_wards VALUE (6420,'Phường Thanh Hà',364);
INSERT INTO vsb_all_wards VALUE (6421,'Phường Sơn Phong',364);
INSERT INTO vsb_all_wards VALUE (6422,'Phường Cẩm Châu',364);
INSERT INTO vsb_all_wards VALUE (6423,'Phường Cửa Đại',364);
INSERT INTO vsb_all_wards VALUE (6424,'Phường Cẩm An',364);
INSERT INTO vsb_all_wards VALUE (6425,'Xã Cẩm Hà',364);
INSERT INTO vsb_all_wards VALUE (6426,'Xã Cẩm Kim',364);
INSERT INTO vsb_all_wards VALUE (6427,'Phường Cẩm Nam',364);
INSERT INTO vsb_all_wards VALUE (6428,'Xã Cẩm Thanh',364);
INSERT INTO vsb_all_wards VALUE (6429,'Xã Tân Hiệp',364);
INSERT INTO vsb_all_districts VALUE (365,'Huyện Tây Giang',33);
INSERT INTO vsb_all_wards VALUE (6430,'Xã Ch''ơm',365);
INSERT INTO vsb_all_wards VALUE (6431,'Xã Ga Ri',365);
INSERT INTO vsb_all_wards VALUE (6432,'Xã A Xan',365);
INSERT INTO vsb_all_wards VALUE (6433,'Xã Tr''Hy',365);
INSERT INTO vsb_all_wards VALUE (6434,'Xã Lăng',365);
INSERT INTO vsb_all_wards VALUE (6435,'Xã A Nông',365);
INSERT INTO vsb_all_wards VALUE (6436,'Xã A Tiêng',365);
INSERT INTO vsb_all_wards VALUE (6437,'Xã Bha Lê',365);
INSERT INTO vsb_all_wards VALUE (6438,'Xã A Vương',365);
INSERT INTO vsb_all_wards VALUE (6439,'Xã Dang',365);
INSERT INTO vsb_all_districts VALUE (366,'Huyện Đông Giang',33);
INSERT INTO vsb_all_wards VALUE (6440,'Thị trấn P Rao',366);
INSERT INTO vsb_all_wards VALUE (6441,'Xã Tà Lu',366);
INSERT INTO vsb_all_wards VALUE (6442,'Xã Sông Kôn',366);
INSERT INTO vsb_all_wards VALUE (6443,'Xã Jơ Ngây',366);
INSERT INTO vsb_all_wards VALUE (6444,'Xã A Ting',366);
INSERT INTO vsb_all_wards VALUE (6445,'Xã Tư',366);
INSERT INTO vsb_all_wards VALUE (6446,'Xã Ba',366);
INSERT INTO vsb_all_wards VALUE (6447,'Xã A Rooi',366);
INSERT INTO vsb_all_wards VALUE (6448,'Xã Za Hung',366);
INSERT INTO vsb_all_wards VALUE (6449,'Xã Mà Cooi',366);
INSERT INTO vsb_all_wards VALUE (6450,'Xã Ka Dăng',366);
INSERT INTO vsb_all_districts VALUE (367,'Huyện Đại Lộc',33);
INSERT INTO vsb_all_wards VALUE (6451,'Thị trấn Ái Nghĩa',367);
INSERT INTO vsb_all_wards VALUE (6452,'Xã Đại Sơn',367);
INSERT INTO vsb_all_wards VALUE (6453,'Xã Đại Lãnh',367);
INSERT INTO vsb_all_wards VALUE (6454,'Xã Đại Hưng',367);
INSERT INTO vsb_all_wards VALUE (6455,'Xã Đại Hồng',367);
INSERT INTO vsb_all_wards VALUE (6456,'Xã Đại Đồng',367);
INSERT INTO vsb_all_wards VALUE (6457,'Xã Đại Quang',367);
INSERT INTO vsb_all_wards VALUE (6458,'Xã Đại Nghĩa',367);
INSERT INTO vsb_all_wards VALUE (6459,'Xã Đại Hiệp',367);
INSERT INTO vsb_all_wards VALUE (6460,'Xã Đại Thạnh',367);
INSERT INTO vsb_all_wards VALUE (6461,'Xã Đại Chánh',367);
INSERT INTO vsb_all_wards VALUE (6462,'Xã Đại Tân',367);
INSERT INTO vsb_all_wards VALUE (6463,'Xã Đại Phong',367);
INSERT INTO vsb_all_wards VALUE (6464,'Xã Đại Minh',367);
INSERT INTO vsb_all_wards VALUE (6465,'Xã Đại Thắng',367);
INSERT INTO vsb_all_wards VALUE (6466,'Xã Đại Cường',367);
INSERT INTO vsb_all_wards VALUE (6467,'Xã Đại An',367);
INSERT INTO vsb_all_wards VALUE (6468,'Xã Đại Hòa',367);
INSERT INTO vsb_all_districts VALUE (368,'Thị xã Điện Bàn',33);
INSERT INTO vsb_all_wards VALUE (6469,'Phường Vĩnh Điện',368);
INSERT INTO vsb_all_wards VALUE (6470,'Xã Điện Tiến',368);
INSERT INTO vsb_all_wards VALUE (6471,'Xã Điện Hòa',368);
INSERT INTO vsb_all_wards VALUE (6472,'Phường Điện Thắng Bắc',368);
INSERT INTO vsb_all_wards VALUE (6473,'Phường Điện Thắng Trung',368);
INSERT INTO vsb_all_wards VALUE (6474,'Phường Điện Thắng Nam',368);
INSERT INTO vsb_all_wards VALUE (6475,'Phường Điện Ngọc',368);
INSERT INTO vsb_all_wards VALUE (6476,'Xã Điện Hồng',368);
INSERT INTO vsb_all_wards VALUE (6477,'Xã Điện Thọ',368);
INSERT INTO vsb_all_wards VALUE (6478,'Xã Điện Phước',368);
INSERT INTO vsb_all_wards VALUE (6479,'Phường Điện An',368);
INSERT INTO vsb_all_wards VALUE (6480,'Phường Điện Nam Bắc',368);
INSERT INTO vsb_all_wards VALUE (6481,'Phường Điện Nam Trung',368);
INSERT INTO vsb_all_wards VALUE (6482,'Phường Điện Nam Đông',368);
INSERT INTO vsb_all_wards VALUE (6483,'Phường Điện Dương',368);
INSERT INTO vsb_all_wards VALUE (6484,'Xã Điện Quang',368);
INSERT INTO vsb_all_wards VALUE (6485,'Xã Điện Trung',368);
INSERT INTO vsb_all_wards VALUE (6486,'Xã Điện Phong',368);
INSERT INTO vsb_all_wards VALUE (6487,'Phường Điện Minh',368);
INSERT INTO vsb_all_wards VALUE (6488,'Phường Điện Phương',368);
INSERT INTO vsb_all_districts VALUE (369,'Huyện Duy Xuyên',33);
INSERT INTO vsb_all_wards VALUE (6489,'Thị trấn Nam Phước',369);
INSERT INTO vsb_all_wards VALUE (6490,'Xã Duy Thu',369);
INSERT INTO vsb_all_wards VALUE (6491,'Xã Duy Phú',369);
INSERT INTO vsb_all_wards VALUE (6492,'Xã Duy Tân',369);
INSERT INTO vsb_all_wards VALUE (6493,'Xã Duy Hòa',369);
INSERT INTO vsb_all_wards VALUE (6494,'Xã Duy Châu',369);
INSERT INTO vsb_all_wards VALUE (6495,'Xã Duy Trinh',369);
INSERT INTO vsb_all_wards VALUE (6496,'Xã Duy Sơn',369);
INSERT INTO vsb_all_wards VALUE (6497,'Xã Duy Trung',369);
INSERT INTO vsb_all_wards VALUE (6498,'Xã Duy Phước',369);
INSERT INTO vsb_all_wards VALUE (6499,'Xã Duy Thành',369);
INSERT INTO vsb_all_wards VALUE (6500,'Xã Duy Vinh',369);
INSERT INTO vsb_all_wards VALUE (6501,'Xã Duy Nghĩa',369);
INSERT INTO vsb_all_wards VALUE (6502,'Xã Duy Hải',369);
INSERT INTO vsb_all_districts VALUE (370,'Huyện Quế Sơn',33);
INSERT INTO vsb_all_wards VALUE (6503,'Thị trấn Đông Phú',370);
INSERT INTO vsb_all_wards VALUE (6504,'Xã Quế Xuân 1',370);
INSERT INTO vsb_all_wards VALUE (6505,'Xã Quế Xuân 2',370);
INSERT INTO vsb_all_wards VALUE (6506,'Xã Quế Phú',370);
INSERT INTO vsb_all_wards VALUE (6507,'Thị trấn Hương An',370);
INSERT INTO vsb_all_wards VALUE (6508,'Xã Quế Hiệp',370);
INSERT INTO vsb_all_wards VALUE (6509,'Xã Quế Thuận',370);
INSERT INTO vsb_all_wards VALUE (6510,'Xã Quế Mỹ',370);
INSERT INTO vsb_all_wards VALUE (6511,'Xã Quế Long',370);
INSERT INTO vsb_all_wards VALUE (6512,'Xã Quế Châu',370);
INSERT INTO vsb_all_wards VALUE (6513,'Xã Quế Phong',370);
INSERT INTO vsb_all_wards VALUE (6514,'Xã Quế An',370);
INSERT INTO vsb_all_wards VALUE (6515,'Xã Quế Minh',370);
INSERT INTO vsb_all_districts VALUE (371,'Huyện Nam Giang',33);
INSERT INTO vsb_all_wards VALUE (6516,'Thị trấn Thạnh Mỹ',371);
INSERT INTO vsb_all_wards VALUE (6517,'Xã Laêê',371);
INSERT INTO vsb_all_wards VALUE (6518,'Xã Chơ Chun',371);
INSERT INTO vsb_all_wards VALUE (6519,'Xã Zuôich',371);
INSERT INTO vsb_all_wards VALUE (6520,'Xã Tà Pơơ',371);
INSERT INTO vsb_all_wards VALUE (6521,'Xã La Dêê',371);
INSERT INTO vsb_all_wards VALUE (6522,'Xã Đắc Tôi',371);
INSERT INTO vsb_all_wards VALUE (6523,'Xã Chà Vàl',371);
INSERT INTO vsb_all_wards VALUE (6524,'Xã Tà Bhinh',371);
INSERT INTO vsb_all_wards VALUE (6525,'Xã Cà Dy',371);
INSERT INTO vsb_all_wards VALUE (6526,'Xã Đắc Pre',371);
INSERT INTO vsb_all_wards VALUE (6527,'Xã Đắc Pring',371);
INSERT INTO vsb_all_districts VALUE (372,'Huyện Phước Sơn',33);
INSERT INTO vsb_all_wards VALUE (6528,'Thị trấn Khâm Đức',372);
INSERT INTO vsb_all_wards VALUE (6529,'Xã Phước Xuân',372);
INSERT INTO vsb_all_wards VALUE (6530,'Xã Phước Hiệp',372);
INSERT INTO vsb_all_wards VALUE (6531,'Xã Phước Hoà',372);
INSERT INTO vsb_all_wards VALUE (6532,'Xã Phước Đức',372);
INSERT INTO vsb_all_wards VALUE (6533,'Xã Phước Năng',372);
INSERT INTO vsb_all_wards VALUE (6534,'Xã Phước Mỹ',372);
INSERT INTO vsb_all_wards VALUE (6535,'Xã Phước Chánh',372);
INSERT INTO vsb_all_wards VALUE (6536,'Xã Phước Công',372);
INSERT INTO vsb_all_wards VALUE (6537,'Xã Phước Kim',372);
INSERT INTO vsb_all_wards VALUE (6538,'Xã Phước Lộc',372);
INSERT INTO vsb_all_wards VALUE (6539,'Xã Phước Thành',372);
INSERT INTO vsb_all_districts VALUE (373,'Huyện Hiệp Đức',33);
INSERT INTO vsb_all_wards VALUE (6540,'Xã Hiệp Hòa',373);
INSERT INTO vsb_all_wards VALUE (6541,'Xã Hiệp Thuận',373);
INSERT INTO vsb_all_wards VALUE (6542,'Xã Quế Thọ',373);
INSERT INTO vsb_all_wards VALUE (6543,'Xã Bình Lâm',373);
INSERT INTO vsb_all_wards VALUE (6544,'Xã Sông Trà',373);
INSERT INTO vsb_all_wards VALUE (6545,'Xã Phước Trà',373);
INSERT INTO vsb_all_wards VALUE (6546,'Xã Phước Gia',373);
INSERT INTO vsb_all_wards VALUE (6547,'Thị trấn Tân Bình',373);
INSERT INTO vsb_all_wards VALUE (6548,'Xã Quế Lưu',373);
INSERT INTO vsb_all_wards VALUE (6549,'Xã Thăng Phước',373);
INSERT INTO vsb_all_wards VALUE (6550,'Xã Bình Sơn',373);
INSERT INTO vsb_all_districts VALUE (374,'Huyện Thăng Bình',33);
INSERT INTO vsb_all_wards VALUE (6551,'Thị trấn Hà Lam',374);
INSERT INTO vsb_all_wards VALUE (6552,'Xã Bình Dương',374);
INSERT INTO vsb_all_wards VALUE (6553,'Xã Bình Giang',374);
INSERT INTO vsb_all_wards VALUE (6554,'Xã Bình Nguyên',374);
INSERT INTO vsb_all_wards VALUE (6555,'Xã Bình Phục',374);
INSERT INTO vsb_all_wards VALUE (6556,'Xã Bình Triều',374);
INSERT INTO vsb_all_wards VALUE (6557,'Xã Bình Đào',374);
INSERT INTO vsb_all_wards VALUE (6558,'Xã Bình Minh',374);
INSERT INTO vsb_all_wards VALUE (6559,'Xã Bình Lãnh',374);
INSERT INTO vsb_all_wards VALUE (6560,'Xã Bình Trị',374);
INSERT INTO vsb_all_wards VALUE (6561,'Xã Bình Định Bắc',374);
INSERT INTO vsb_all_wards VALUE (6562,'Xã Bình Định Nam',374);
INSERT INTO vsb_all_wards VALUE (6563,'Xã Bình Quý',374);
INSERT INTO vsb_all_wards VALUE (6564,'Xã Bình Phú',374);
INSERT INTO vsb_all_wards VALUE (6565,'Xã Bình Chánh',374);
INSERT INTO vsb_all_wards VALUE (6566,'Xã Bình Tú',374);
INSERT INTO vsb_all_wards VALUE (6567,'Xã Bình Sa',374);
INSERT INTO vsb_all_wards VALUE (6568,'Xã Bình Hải',374);
INSERT INTO vsb_all_wards VALUE (6569,'Xã Bình Quế',374);
INSERT INTO vsb_all_wards VALUE (6570,'Xã Bình An',374);
INSERT INTO vsb_all_wards VALUE (6571,'Xã Bình Trung',374);
INSERT INTO vsb_all_wards VALUE (6572,'Xã Bình Nam',374);
INSERT INTO vsb_all_districts VALUE (375,'Huyện Tiên Phước',33);
INSERT INTO vsb_all_wards VALUE (6573,'Thị trấn Tiên Kỳ',375);
INSERT INTO vsb_all_wards VALUE (6574,'Xã Tiên Sơn',375);
INSERT INTO vsb_all_wards VALUE (6575,'Xã Tiên Hà',375);
INSERT INTO vsb_all_wards VALUE (6576,'Xã Tiên Cẩm',375);
INSERT INTO vsb_all_wards VALUE (6577,'Xã Tiên Châu',375);
INSERT INTO vsb_all_wards VALUE (6578,'Xã Tiên Lãnh',375);
INSERT INTO vsb_all_wards VALUE (6579,'Xã Tiên Ngọc',375);
INSERT INTO vsb_all_wards VALUE (6580,'Xã Tiên Hiệp',375);
INSERT INTO vsb_all_wards VALUE (6581,'Xã Tiên Cảnh',375);
INSERT INTO vsb_all_wards VALUE (6582,'Xã Tiên Mỹ',375);
INSERT INTO vsb_all_wards VALUE (6583,'Xã Tiên Phong',375);
INSERT INTO vsb_all_wards VALUE (6584,'Xã Tiên Thọ',375);
INSERT INTO vsb_all_wards VALUE (6585,'Xã Tiên An',375);
INSERT INTO vsb_all_wards VALUE (6586,'Xã Tiên Lộc',375);
INSERT INTO vsb_all_wards VALUE (6587,'Xã Tiên Lập',375);
INSERT INTO vsb_all_districts VALUE (376,'Huyện Bắc Trà My',33);
INSERT INTO vsb_all_wards VALUE (6588,'Thị trấn Trà My',376);
INSERT INTO vsb_all_wards VALUE (6589,'Xã Trà Sơn',376);
INSERT INTO vsb_all_wards VALUE (6590,'Xã Trà Kót',376);
INSERT INTO vsb_all_wards VALUE (6591,'Xã Trà Nú',376);
INSERT INTO vsb_all_wards VALUE (6592,'Xã Trà Đông',376);
INSERT INTO vsb_all_wards VALUE (6593,'Xã Trà Dương',376);
INSERT INTO vsb_all_wards VALUE (6594,'Xã Trà Giang',376);
INSERT INTO vsb_all_wards VALUE (6595,'Xã Trà Bui',376);
INSERT INTO vsb_all_wards VALUE (6596,'Xã Trà Đốc',376);
INSERT INTO vsb_all_wards VALUE (6597,'Xã Trà Tân',376);
INSERT INTO vsb_all_wards VALUE (6598,'Xã Trà Giác',376);
INSERT INTO vsb_all_wards VALUE (6599,'Xã Trà Giáp',376);
INSERT INTO vsb_all_wards VALUE (6600,'Xã Trà Ka',376);
INSERT INTO vsb_all_districts VALUE (377,'Huyện Nam Trà My',33);
INSERT INTO vsb_all_wards VALUE (6601,'Xã Trà Leng',377);
INSERT INTO vsb_all_wards VALUE (6602,'Xã Trà Dơn',377);
INSERT INTO vsb_all_wards VALUE (6603,'Xã Trà Tập',377);
INSERT INTO vsb_all_wards VALUE (6604,'Xã Trà Mai',377);
INSERT INTO vsb_all_wards VALUE (6605,'Xã Trà Cang',377);
INSERT INTO vsb_all_wards VALUE (6606,'Xã Trà Linh',377);
INSERT INTO vsb_all_wards VALUE (6607,'Xã Trà Nam',377);
INSERT INTO vsb_all_wards VALUE (6608,'Xã Trà Don',377);
INSERT INTO vsb_all_wards VALUE (6609,'Xã Trà Vân',377);
INSERT INTO vsb_all_wards VALUE (6610,'Xã Trà Vinh',377);
INSERT INTO vsb_all_districts VALUE (378,'Huyện Núi Thành',33);
INSERT INTO vsb_all_wards VALUE (6611,'Thị trấn Núi Thành',378);
INSERT INTO vsb_all_wards VALUE (6612,'Xã Tam Xuân I',378);
INSERT INTO vsb_all_wards VALUE (6613,'Xã Tam Xuân II',378);
INSERT INTO vsb_all_wards VALUE (6614,'Xã Tam Tiến',378);
INSERT INTO vsb_all_wards VALUE (6615,'Xã Tam Sơn',378);
INSERT INTO vsb_all_wards VALUE (6616,'Xã Tam Thạnh',378);
INSERT INTO vsb_all_wards VALUE (6617,'Xã Tam Anh Bắc',378);
INSERT INTO vsb_all_wards VALUE (6618,'Xã Tam Anh Nam',378);
INSERT INTO vsb_all_wards VALUE (6619,'Xã Tam Hòa',378);
INSERT INTO vsb_all_wards VALUE (6620,'Xã Tam Hiệp',378);
INSERT INTO vsb_all_wards VALUE (6621,'Xã Tam Hải',378);
INSERT INTO vsb_all_wards VALUE (6622,'Xã Tam Giang',378);
INSERT INTO vsb_all_wards VALUE (6623,'Xã Tam Quang',378);
INSERT INTO vsb_all_wards VALUE (6624,'Xã Tam Nghĩa',378);
INSERT INTO vsb_all_wards VALUE (6625,'Xã Tam Mỹ Tây',378);
INSERT INTO vsb_all_wards VALUE (6626,'Xã Tam Mỹ Đông',378);
INSERT INTO vsb_all_wards VALUE (6627,'Xã Tam Trà',378);
INSERT INTO vsb_all_districts VALUE (379,'Huyện Phú Ninh',33);
INSERT INTO vsb_all_wards VALUE (6628,'Thị trấn Phú Thịnh',379);
INSERT INTO vsb_all_wards VALUE (6629,'Xã Tam Thành',379);
INSERT INTO vsb_all_wards VALUE (6630,'Xã Tam An',379);
INSERT INTO vsb_all_wards VALUE (6631,'Xã Tam Đàn',379);
INSERT INTO vsb_all_wards VALUE (6632,'Xã Tam Lộc',379);
INSERT INTO vsb_all_wards VALUE (6633,'Xã Tam Phước',379);
INSERT INTO vsb_all_wards VALUE (6634,'Xã Tam Vinh',379);
INSERT INTO vsb_all_wards VALUE (6635,'Xã Tam Thái',379);
INSERT INTO vsb_all_wards VALUE (6636,'Xã Tam Đại',379);
INSERT INTO vsb_all_wards VALUE (6637,'Xã Tam Dân',379);
INSERT INTO vsb_all_wards VALUE (6638,'Xã Tam Lãnh',379);
INSERT INTO vsb_all_districts VALUE (380,'Huyện Nông Sơn',33);
INSERT INTO vsb_all_wards VALUE (6639,'Thị trấn Trung Phước',380);
INSERT INTO vsb_all_wards VALUE (6640,'Xã Ninh Phước',380);
INSERT INTO vsb_all_wards VALUE (6641,'Xã Phước Ninh',380);
INSERT INTO vsb_all_wards VALUE (6642,'Xã Quế Lộc',380);
INSERT INTO vsb_all_wards VALUE (6643,'Xã Sơn Viên',380);
INSERT INTO vsb_all_wards VALUE (6644,'Xã Quế Lâm',380);
INSERT INTO vsb_all_provinces VALUE (34,'Tỉnh Quảng Ngãi');
INSERT INTO vsb_all_districts VALUE (381,'Thành phố Quảng Ngãi',34);
INSERT INTO vsb_all_wards VALUE (6645,'Phường Lê Hồng Phong',381);
INSERT INTO vsb_all_wards VALUE (6646,'Phường Trần Phú',381);
INSERT INTO vsb_all_wards VALUE (6647,'Phường Quảng Phú',381);
INSERT INTO vsb_all_wards VALUE (6648,'Phường Nghĩa Chánh',381);
INSERT INTO vsb_all_wards VALUE (6649,'Phường Trần Hưng Đạo',381);
INSERT INTO vsb_all_wards VALUE (6650,'Phường Nguyễn Nghiêm',381);
INSERT INTO vsb_all_wards VALUE (6651,'Phường Nghĩa Lộ',381);
INSERT INTO vsb_all_wards VALUE (6652,'Phường Chánh Lộ',381);
INSERT INTO vsb_all_wards VALUE (6653,'Xã Nghĩa Dũng',381);
INSERT INTO vsb_all_wards VALUE (6654,'Xã Nghĩa Dõng',381);
INSERT INTO vsb_all_wards VALUE (6655,'Phường Trương Quang Trọng',381);
INSERT INTO vsb_all_wards VALUE (6656,'Xã Tịnh Hòa',381);
INSERT INTO vsb_all_wards VALUE (6657,'Xã Tịnh Kỳ',381);
INSERT INTO vsb_all_wards VALUE (6658,'Xã Tịnh Thiện',381);
INSERT INTO vsb_all_wards VALUE (6659,'Xã Tịnh Ấn Đông',381);
INSERT INTO vsb_all_wards VALUE (6660,'Xã Tịnh Châu',381);
INSERT INTO vsb_all_wards VALUE (6661,'Xã Tịnh Khê',381);
INSERT INTO vsb_all_wards VALUE (6662,'Xã Tịnh Long',381);
INSERT INTO vsb_all_wards VALUE (6663,'Xã Tịnh Ấn Tây',381);
INSERT INTO vsb_all_wards VALUE (6664,'Xã Tịnh An',381);
INSERT INTO vsb_all_wards VALUE (6665,'Xã Nghĩa Phú',381);
INSERT INTO vsb_all_wards VALUE (6666,'Xã Nghĩa Hà',381);
INSERT INTO vsb_all_wards VALUE (6667,'Xã Nghĩa An',381);
INSERT INTO vsb_all_districts VALUE (382,'Huyện Bình Sơn',34);
INSERT INTO vsb_all_wards VALUE (6668,'Thị trấn Châu Ổ',382);
INSERT INTO vsb_all_wards VALUE (6669,'Xã Bình Thuận',382);
INSERT INTO vsb_all_wards VALUE (6670,'Xã Bình Thạnh',382);
INSERT INTO vsb_all_wards VALUE (6671,'Xã Bình Đông',382);
INSERT INTO vsb_all_wards VALUE (6672,'Xã Bình Chánh',382);
INSERT INTO vsb_all_wards VALUE (6673,'Xã Bình Nguyên',382);
INSERT INTO vsb_all_wards VALUE (6674,'Xã Bình Khương',382);
INSERT INTO vsb_all_wards VALUE (6675,'Xã Bình Trị',382);
INSERT INTO vsb_all_wards VALUE (6676,'Xã Bình An',382);
INSERT INTO vsb_all_wards VALUE (6677,'Xã Bình Hải',382);
INSERT INTO vsb_all_wards VALUE (6678,'Xã Bình Dương',382);
INSERT INTO vsb_all_wards VALUE (6679,'Xã Bình Phước',382);
INSERT INTO vsb_all_wards VALUE (6680,'Xã Bình Hòa',382);
INSERT INTO vsb_all_wards VALUE (6681,'Xã Bình Trung',382);
INSERT INTO vsb_all_wards VALUE (6682,'Xã Bình Minh',382);
INSERT INTO vsb_all_wards VALUE (6683,'Xã Bình Long',382);
INSERT INTO vsb_all_wards VALUE (6684,'Xã Bình Thanh',382);
INSERT INTO vsb_all_wards VALUE (6685,'Xã Bình Chương',382);
INSERT INTO vsb_all_wards VALUE (6686,'Xã Bình Hiệp',382);
INSERT INTO vsb_all_wards VALUE (6687,'Xã Bình Mỹ',382);
INSERT INTO vsb_all_wards VALUE (6688,'Xã Bình Tân Phú',382);
INSERT INTO vsb_all_wards VALUE (6689,'Xã Bình Châu',382);
INSERT INTO vsb_all_districts VALUE (383,'Huyện Trà Bồng',34);
INSERT INTO vsb_all_wards VALUE (6690,'Thị trấn Trà Xuân',383);
INSERT INTO vsb_all_wards VALUE (6691,'Xã Trà Giang',383);
INSERT INTO vsb_all_wards VALUE (6692,'Xã Trà Thủy',383);
INSERT INTO vsb_all_wards VALUE (6693,'Xã Trà Hiệp',383);
INSERT INTO vsb_all_wards VALUE (6694,'Xã Trà Bình',383);
INSERT INTO vsb_all_wards VALUE (6695,'Xã Trà Phú',383);
INSERT INTO vsb_all_wards VALUE (6696,'Xã Trà Lâm',383);
INSERT INTO vsb_all_wards VALUE (6697,'Xã Trà Tân',383);
INSERT INTO vsb_all_wards VALUE (6698,'Xã Trà Sơn',383);
INSERT INTO vsb_all_wards VALUE (6699,'Xã Trà Bùi',383);
INSERT INTO vsb_all_wards VALUE (6700,'Xã Trà Thanh',383);
INSERT INTO vsb_all_wards VALUE (6701,'Xã Sơn Trà',383);
INSERT INTO vsb_all_wards VALUE (6702,'Xã Trà Phong',383);
INSERT INTO vsb_all_wards VALUE (6703,'Xã Hương Trà',383);
INSERT INTO vsb_all_wards VALUE (6704,'Xã Trà Xinh',383);
INSERT INTO vsb_all_wards VALUE (6705,'Xã Trà Tây',383);
INSERT INTO vsb_all_districts VALUE (384,'Huyện Sơn Tịnh',34);
INSERT INTO vsb_all_wards VALUE (6706,'Xã Tịnh Thọ',384);
INSERT INTO vsb_all_wards VALUE (6707,'Xã Tịnh Trà',384);
INSERT INTO vsb_all_wards VALUE (6708,'Xã Tịnh Phong',384);
INSERT INTO vsb_all_wards VALUE (6709,'Xã Tịnh Hiệp',384);
INSERT INTO vsb_all_wards VALUE (6710,'Xã Tịnh Bình',384);
INSERT INTO vsb_all_wards VALUE (6711,'Xã Tịnh Đông',384);
INSERT INTO vsb_all_wards VALUE (6712,'Xã Tịnh Bắc',384);
INSERT INTO vsb_all_wards VALUE (6713,'Xã Tịnh Sơn',384);
INSERT INTO vsb_all_wards VALUE (6714,'Xã Tịnh Hà',384);
INSERT INTO vsb_all_wards VALUE (6715,'Xã Tịnh Giang',384);
INSERT INTO vsb_all_wards VALUE (6716,'Xã Tịnh Minh',384);
INSERT INTO vsb_all_districts VALUE (385,'Huyện Tư Nghĩa',34);
INSERT INTO vsb_all_wards VALUE (6717,'Thị trấn La Hà',385);
INSERT INTO vsb_all_wards VALUE (6718,'Thị trấn Sông Vệ',385);
INSERT INTO vsb_all_wards VALUE (6719,'Xã Nghĩa Lâm',385);
INSERT INTO vsb_all_wards VALUE (6720,'Xã Nghĩa Thắng',385);
INSERT INTO vsb_all_wards VALUE (6721,'Xã Nghĩa Thuận',385);
INSERT INTO vsb_all_wards VALUE (6722,'Xã Nghĩa Kỳ',385);
INSERT INTO vsb_all_wards VALUE (6723,'Xã Nghĩa Sơn',385);
INSERT INTO vsb_all_wards VALUE (6724,'Xã Nghĩa Hòa',385);
INSERT INTO vsb_all_wards VALUE (6725,'Xã Nghĩa Điền',385);
INSERT INTO vsb_all_wards VALUE (6726,'Xã Nghĩa Thương',385);
INSERT INTO vsb_all_wards VALUE (6727,'Xã Nghĩa Trung',385);
INSERT INTO vsb_all_wards VALUE (6728,'Xã Nghĩa Hiệp',385);
INSERT INTO vsb_all_wards VALUE (6729,'Xã Nghĩa Phương',385);
INSERT INTO vsb_all_wards VALUE (6730,'Xã Nghĩa Mỹ',385);
INSERT INTO vsb_all_districts VALUE (386,'Huyện Sơn Hà',34);
INSERT INTO vsb_all_wards VALUE (6731,'Thị trấn Di Lăng',386);
INSERT INTO vsb_all_wards VALUE (6732,'Xã Sơn Hạ',386);
INSERT INTO vsb_all_wards VALUE (6733,'Xã Sơn Thành',386);
INSERT INTO vsb_all_wards VALUE (6734,'Xã Sơn Nham',386);
INSERT INTO vsb_all_wards VALUE (6735,'Xã Sơn Bao',386);
INSERT INTO vsb_all_wards VALUE (6736,'Xã Sơn Linh',386);
INSERT INTO vsb_all_wards VALUE (6737,'Xã Sơn Giang',386);
INSERT INTO vsb_all_wards VALUE (6738,'Xã Sơn Trung',386);
INSERT INTO vsb_all_wards VALUE (6739,'Xã Sơn Thượng',386);
INSERT INTO vsb_all_wards VALUE (6740,'Xã Sơn Cao',386);
INSERT INTO vsb_all_wards VALUE (6741,'Xã Sơn Hải',386);
INSERT INTO vsb_all_wards VALUE (6742,'Xã Sơn Thủy',386);
INSERT INTO vsb_all_wards VALUE (6743,'Xã Sơn Kỳ',386);
INSERT INTO vsb_all_wards VALUE (6744,'Xã Sơn Ba',386);
INSERT INTO vsb_all_districts VALUE (387,'Huyện Sơn Tây',34);
INSERT INTO vsb_all_wards VALUE (6745,'Xã Sơn Bua',387);
INSERT INTO vsb_all_wards VALUE (6746,'Xã Sơn Mùa',387);
INSERT INTO vsb_all_wards VALUE (6747,'Xã Sơn Liên',387);
INSERT INTO vsb_all_wards VALUE (6748,'Xã Sơn Tân',387);
INSERT INTO vsb_all_wards VALUE (6749,'Xã Sơn Màu',387);
INSERT INTO vsb_all_wards VALUE (6750,'Xã Sơn Dung',387);
INSERT INTO vsb_all_wards VALUE (6751,'Xã Sơn Long',387);
INSERT INTO vsb_all_wards VALUE (6752,'Xã Sơn Tinh',387);
INSERT INTO vsb_all_wards VALUE (6753,'Xã Sơn Lập',387);
INSERT INTO vsb_all_districts VALUE (388,'Huyện Minh Long',34);
INSERT INTO vsb_all_wards VALUE (6754,'Xã Long Sơn',388);
INSERT INTO vsb_all_wards VALUE (6755,'Xã Long Mai',388);
INSERT INTO vsb_all_wards VALUE (6756,'Xã Thanh An',388);
INSERT INTO vsb_all_wards VALUE (6757,'Xã Long Môn',388);
INSERT INTO vsb_all_wards VALUE (6758,'Xã Long Hiệp',388);
INSERT INTO vsb_all_districts VALUE (389,'Huyện Nghĩa Hành',34);
INSERT INTO vsb_all_wards VALUE (6759,'Thị trấn Chợ Chùa',389);
INSERT INTO vsb_all_wards VALUE (6760,'Xã Hành Thuận',389);
INSERT INTO vsb_all_wards VALUE (6761,'Xã Hành Dũng',389);
INSERT INTO vsb_all_wards VALUE (6762,'Xã Hành Trung',389);
INSERT INTO vsb_all_wards VALUE (6763,'Xã Hành Nhân',389);
INSERT INTO vsb_all_wards VALUE (6764,'Xã Hành Đức',389);
INSERT INTO vsb_all_wards VALUE (6765,'Xã Hành Minh',389);
INSERT INTO vsb_all_wards VALUE (6766,'Xã Hành Phước',389);
INSERT INTO vsb_all_wards VALUE (6767,'Xã Hành Thiện',389);
INSERT INTO vsb_all_wards VALUE (6768,'Xã Hành Thịnh',389);
INSERT INTO vsb_all_wards VALUE (6769,'Xã Hành Tín Tây',389);
INSERT INTO vsb_all_wards VALUE (6770,'Xã Hành Tín Đông',389);
INSERT INTO vsb_all_districts VALUE (390,'Huyện Mộ Đức',34);
INSERT INTO vsb_all_wards VALUE (6771,'Thị trấn Mộ Đức',390);
INSERT INTO vsb_all_wards VALUE (6772,'Xã Đức Lợi',390);
INSERT INTO vsb_all_wards VALUE (6773,'Xã Đức Thắng',390);
INSERT INTO vsb_all_wards VALUE (6774,'Xã Đức Nhuận',390);
INSERT INTO vsb_all_wards VALUE (6775,'Xã Đức Chánh',390);
INSERT INTO vsb_all_wards VALUE (6776,'Xã Đức Hiệp',390);
INSERT INTO vsb_all_wards VALUE (6777,'Xã Đức Minh',390);
INSERT INTO vsb_all_wards VALUE (6778,'Xã Đức Thạnh',390);
INSERT INTO vsb_all_wards VALUE (6779,'Xã Đức Hòa',390);
INSERT INTO vsb_all_wards VALUE (6780,'Xã Đức Tân',390);
INSERT INTO vsb_all_wards VALUE (6781,'Xã Đức Phú',390);
INSERT INTO vsb_all_wards VALUE (6782,'Xã Đức Phong',390);
INSERT INTO vsb_all_wards VALUE (6783,'Xã Đức Lân',390);
INSERT INTO vsb_all_districts VALUE (391,'Thị xã Đức Phổ',34);
INSERT INTO vsb_all_wards VALUE (6784,'Phường Nguyễn Nghiêm',391);
INSERT INTO vsb_all_wards VALUE (6785,'Xã Phổ An',391);
INSERT INTO vsb_all_wards VALUE (6786,'Xã Phổ Phong',391);
INSERT INTO vsb_all_wards VALUE (6787,'Xã Phổ Thuận',391);
INSERT INTO vsb_all_wards VALUE (6788,'Phường Phổ Văn',391);
INSERT INTO vsb_all_wards VALUE (6789,'Phường Phổ Quang',391);
INSERT INTO vsb_all_wards VALUE (6790,'Xã Phổ Nhơn',391);
INSERT INTO vsb_all_wards VALUE (6791,'Phường Phổ Ninh',391);
INSERT INTO vsb_all_wards VALUE (6792,'Phường Phổ Minh',391);
INSERT INTO vsb_all_wards VALUE (6793,'Phường Phổ Vinh',391);
INSERT INTO vsb_all_wards VALUE (6794,'Phường Phổ Hòa',391);
INSERT INTO vsb_all_wards VALUE (6795,'Xã Phổ Cường',391);
INSERT INTO vsb_all_wards VALUE (6796,'Xã Phổ Khánh',391);
INSERT INTO vsb_all_wards VALUE (6797,'Phường Phổ Thạnh',391);
INSERT INTO vsb_all_wards VALUE (6798,'Xã Phổ Châu',391);
INSERT INTO vsb_all_districts VALUE (392,'Huyện Ba Tơ',34);
INSERT INTO vsb_all_wards VALUE (6799,'Thị trấn Ba Tơ',392);
INSERT INTO vsb_all_wards VALUE (6800,'Xã Ba Điền',392);
INSERT INTO vsb_all_wards VALUE (6801,'Xã Ba Vinh',392);
INSERT INTO vsb_all_wards VALUE (6802,'Xã Ba Thành',392);
INSERT INTO vsb_all_wards VALUE (6803,'Xã Ba Động',392);
INSERT INTO vsb_all_wards VALUE (6804,'Xã Ba Dinh',392);
INSERT INTO vsb_all_wards VALUE (6805,'Xã Ba Giang',392);
INSERT INTO vsb_all_wards VALUE (6806,'Xã Ba Liên',392);
INSERT INTO vsb_all_wards VALUE (6807,'Xã Ba Ngạc',392);
INSERT INTO vsb_all_wards VALUE (6808,'Xã Ba Khâm',392);
INSERT INTO vsb_all_wards VALUE (6809,'Xã Ba Cung',392);
INSERT INTO vsb_all_wards VALUE (6810,'Xã Ba Tiêu',392);
INSERT INTO vsb_all_wards VALUE (6811,'Xã Ba Trang',392);
INSERT INTO vsb_all_wards VALUE (6812,'Xã Ba Tô',392);
INSERT INTO vsb_all_wards VALUE (6813,'Xã Ba Bích',392);
INSERT INTO vsb_all_wards VALUE (6814,'Xã Ba Vì',392);
INSERT INTO vsb_all_wards VALUE (6815,'Xã Ba Lế',392);
INSERT INTO vsb_all_wards VALUE (6816,'Xã Ba Nam',392);
INSERT INTO vsb_all_wards VALUE (6817,'Xã Ba Xa',392);
INSERT INTO vsb_all_districts VALUE (393,'Huyện Lý Sơn',34);
INSERT INTO vsb_all_provinces VALUE (35,'Tỉnh Bình Định');
INSERT INTO vsb_all_districts VALUE (394,'Thành phố Quy Nhơn',35);
INSERT INTO vsb_all_wards VALUE (6818,'Phường Nhơn Bình',394);
INSERT INTO vsb_all_wards VALUE (6819,'Phường Nhơn Phú',394);
INSERT INTO vsb_all_wards VALUE (6820,'Phường Đống Đa',394);
INSERT INTO vsb_all_wards VALUE (6821,'Phường Trần Quang Diệu',394);
INSERT INTO vsb_all_wards VALUE (6822,'Phường Hải Cảng',394);
INSERT INTO vsb_all_wards VALUE (6823,'Phường Quang Trung',394);
INSERT INTO vsb_all_wards VALUE (6824,'Phường Thị Nại',394);
INSERT INTO vsb_all_wards VALUE (6825,'Phường Lê Hồng Phong',394);
INSERT INTO vsb_all_wards VALUE (6826,'Phường Trần Hưng Đạo',394);
INSERT INTO vsb_all_wards VALUE (6827,'Phường Ngô Mây',394);
INSERT INTO vsb_all_wards VALUE (6828,'Phường Lý Thường Kiệt',394);
INSERT INTO vsb_all_wards VALUE (6829,'Phường Lê Lợi',394);
INSERT INTO vsb_all_wards VALUE (6830,'Phường Trần Phú',394);
INSERT INTO vsb_all_wards VALUE (6831,'Phường Bùi Thị Xuân',394);
INSERT INTO vsb_all_wards VALUE (6832,'Phường Nguyễn Văn Cừ',394);
INSERT INTO vsb_all_wards VALUE (6833,'Phường Ghềnh Ráng',394);
INSERT INTO vsb_all_wards VALUE (6834,'Xã Nhơn Lý',394);
INSERT INTO vsb_all_wards VALUE (6835,'Xã Nhơn Hội',394);
INSERT INTO vsb_all_wards VALUE (6836,'Xã Nhơn Hải',394);
INSERT INTO vsb_all_wards VALUE (6837,'Xã Nhơn Châu',394);
INSERT INTO vsb_all_wards VALUE (6838,'Xã Phước Mỹ',394);
INSERT INTO vsb_all_districts VALUE (395,'Huyện An Lão',35);
INSERT INTO vsb_all_wards VALUE (6839,'Thị trấn An Lão',395);
INSERT INTO vsb_all_wards VALUE (6840,'Xã An Hưng',395);
INSERT INTO vsb_all_wards VALUE (6841,'Xã An Trung',395);
INSERT INTO vsb_all_wards VALUE (6842,'Xã An Dũng',395);
INSERT INTO vsb_all_wards VALUE (6843,'Xã An Vinh',395);
INSERT INTO vsb_all_wards VALUE (6844,'Xã An Toàn',395);
INSERT INTO vsb_all_wards VALUE (6845,'Xã An Tân',395);
INSERT INTO vsb_all_wards VALUE (6846,'Xã An Hòa',395);
INSERT INTO vsb_all_wards VALUE (6847,'Xã An Quang',395);
INSERT INTO vsb_all_wards VALUE (6848,'Xã An Nghĩa',395);
INSERT INTO vsb_all_districts VALUE (396,'Thị xã Hoài Nhơn',35);
INSERT INTO vsb_all_wards VALUE (6849,'Phường Tam Quan',396);
INSERT INTO vsb_all_wards VALUE (6850,'Phường Bồng Sơn',396);
INSERT INTO vsb_all_wards VALUE (6851,'Xã Hoài Sơn',396);
INSERT INTO vsb_all_wards VALUE (6852,'Xã Hoài Châu Bắc',396);
INSERT INTO vsb_all_wards VALUE (6853,'Xã Hoài Châu',396);
INSERT INTO vsb_all_wards VALUE (6854,'Xã Hoài Phú',396);
INSERT INTO vsb_all_wards VALUE (6855,'Phường Tam Quan Bắc',396);
INSERT INTO vsb_all_wards VALUE (6856,'Phường Tam Quan Nam',396);
INSERT INTO vsb_all_wards VALUE (6857,'Phường Hoài Hảo',396);
INSERT INTO vsb_all_wards VALUE (6858,'Phường Hoài Thanh Tây',396);
INSERT INTO vsb_all_wards VALUE (6859,'Phường Hoài Thanh',396);
INSERT INTO vsb_all_wards VALUE (6860,'Phường Hoài Hương',396);
INSERT INTO vsb_all_wards VALUE (6861,'Phường Hoài Tân',396);
INSERT INTO vsb_all_wards VALUE (6862,'Xã Hoài Hải',396);
INSERT INTO vsb_all_wards VALUE (6863,'Phường Hoài Xuân',396);
INSERT INTO vsb_all_wards VALUE (6864,'Xã Hoài Mỹ',396);
INSERT INTO vsb_all_wards VALUE (6865,'Phường Hoài Đức',396);
INSERT INTO vsb_all_districts VALUE (397,'Huyện Hoài Ân',35);
INSERT INTO vsb_all_wards VALUE (6866,'Thị trấn Tăng Bạt Hổ',397);
INSERT INTO vsb_all_wards VALUE (6867,'Xã Ân Hảo Tây',397);
INSERT INTO vsb_all_wards VALUE (6868,'Xã Ân Hảo Đông',397);
INSERT INTO vsb_all_wards VALUE (6869,'Xã Ân Sơn',397);
INSERT INTO vsb_all_wards VALUE (6870,'Xã Ân Mỹ',397);
INSERT INTO vsb_all_wards VALUE (6871,'Xã Đak Mang',397);
INSERT INTO vsb_all_wards VALUE (6872,'Xã Ân Tín',397);
INSERT INTO vsb_all_wards VALUE (6873,'Xã Ân Thạnh',397);
INSERT INTO vsb_all_wards VALUE (6874,'Xã Ân Phong',397);
INSERT INTO vsb_all_wards VALUE (6875,'Xã Ân Đức',397);
INSERT INTO vsb_all_wards VALUE (6876,'Xã Ân Hữu',397);
INSERT INTO vsb_all_wards VALUE (6877,'Xã Bok Tới',397);
INSERT INTO vsb_all_wards VALUE (6878,'Xã Ân Tường Tây',397);
INSERT INTO vsb_all_wards VALUE (6879,'Xã Ân Tường Đông',397);
INSERT INTO vsb_all_wards VALUE (6880,'Xã Ân Nghĩa',397);
INSERT INTO vsb_all_districts VALUE (398,'Huyện Phù Mỹ',35);
INSERT INTO vsb_all_wards VALUE (6881,'Thị trấn Phù Mỹ',398);
INSERT INTO vsb_all_wards VALUE (6882,'Thị trấn Bình Dương',398);
INSERT INTO vsb_all_wards VALUE (6883,'Xã Mỹ Đức',398);
INSERT INTO vsb_all_wards VALUE (6884,'Xã Mỹ Châu',398);
INSERT INTO vsb_all_wards VALUE (6885,'Xã Mỹ Thắng',398);
INSERT INTO vsb_all_wards VALUE (6886,'Xã Mỹ Lộc',398);
INSERT INTO vsb_all_wards VALUE (6887,'Xã Mỹ Lợi',398);
INSERT INTO vsb_all_wards VALUE (6888,'Xã Mỹ An',398);
INSERT INTO vsb_all_wards VALUE (6889,'Xã Mỹ Phong',398);
INSERT INTO vsb_all_wards VALUE (6890,'Xã Mỹ Trinh',398);
INSERT INTO vsb_all_wards VALUE (6891,'Xã Mỹ Thọ',398);
INSERT INTO vsb_all_wards VALUE (6892,'Xã Mỹ Hòa',398);
INSERT INTO vsb_all_wards VALUE (6893,'Xã Mỹ Thành',398);
INSERT INTO vsb_all_wards VALUE (6894,'Xã Mỹ Chánh',398);
INSERT INTO vsb_all_wards VALUE (6895,'Xã Mỹ Quang',398);
INSERT INTO vsb_all_wards VALUE (6896,'Xã Mỹ Hiệp',398);
INSERT INTO vsb_all_wards VALUE (6897,'Xã Mỹ Tài',398);
INSERT INTO vsb_all_wards VALUE (6898,'Xã Mỹ Cát',398);
INSERT INTO vsb_all_wards VALUE (6899,'Xã Mỹ Chánh Tây',398);
INSERT INTO vsb_all_districts VALUE (399,'Huyện Vĩnh Thạnh',35);
INSERT INTO vsb_all_wards VALUE (6900,'Thị trấn Vĩnh Thạnh',399);
INSERT INTO vsb_all_wards VALUE (6901,'Xã Vĩnh Sơn',399);
INSERT INTO vsb_all_wards VALUE (6902,'Xã Vĩnh Kim',399);
INSERT INTO vsb_all_wards VALUE (6903,'Xã Vĩnh Hiệp',399);
INSERT INTO vsb_all_wards VALUE (6904,'Xã Vĩnh Hảo',399);
INSERT INTO vsb_all_wards VALUE (6905,'Xã Vĩnh Hòa',399);
INSERT INTO vsb_all_wards VALUE (6906,'Xã Vĩnh Thịnh',399);
INSERT INTO vsb_all_wards VALUE (6907,'Xã Vĩnh Thuận',399);
INSERT INTO vsb_all_wards VALUE (6908,'Xã Vĩnh Quang',399);
INSERT INTO vsb_all_districts VALUE (400,'Huyện Tây Sơn',35);
INSERT INTO vsb_all_wards VALUE (6909,'Thị trấn Phú Phong',400);
INSERT INTO vsb_all_wards VALUE (6910,'Xã Bình Tân',400);
INSERT INTO vsb_all_wards VALUE (6911,'Xã Tây Thuận',400);
INSERT INTO vsb_all_wards VALUE (6912,'Xã Bình Thuận',400);
INSERT INTO vsb_all_wards VALUE (6913,'Xã Tây Giang',400);
INSERT INTO vsb_all_wards VALUE (6914,'Xã Bình Thành',400);
INSERT INTO vsb_all_wards VALUE (6915,'Xã Tây An',400);
INSERT INTO vsb_all_wards VALUE (6916,'Xã Bình Hòa',400);
INSERT INTO vsb_all_wards VALUE (6917,'Xã Tây Bình',400);
INSERT INTO vsb_all_wards VALUE (6918,'Xã Bình Tường',400);
INSERT INTO vsb_all_wards VALUE (6919,'Xã Tây Vinh',400);
INSERT INTO vsb_all_wards VALUE (6920,'Xã Vĩnh An',400);
INSERT INTO vsb_all_wards VALUE (6921,'Xã Tây Xuân',400);
INSERT INTO vsb_all_wards VALUE (6922,'Xã Bình Nghi',400);
INSERT INTO vsb_all_wards VALUE (6923,'Xã Tây Phú',400);
INSERT INTO vsb_all_districts VALUE (401,'Huyện Phù Cát',35);
INSERT INTO vsb_all_wards VALUE (6924,'Thị trấn Ngô Mây',401);
INSERT INTO vsb_all_wards VALUE (6925,'Xã Cát Sơn',401);
INSERT INTO vsb_all_wards VALUE (6926,'Xã Cát Minh',401);
INSERT INTO vsb_all_wards VALUE (6927,'Xã Cát Khánh',401);
INSERT INTO vsb_all_wards VALUE (6928,'Xã Cát Tài',401);
INSERT INTO vsb_all_wards VALUE (6929,'Xã Cát Lâm',401);
INSERT INTO vsb_all_wards VALUE (6930,'Xã Cát Hanh',401);
INSERT INTO vsb_all_wards VALUE (6931,'Xã Cát Thành',401);
INSERT INTO vsb_all_wards VALUE (6932,'Xã Cát Trinh',401);
INSERT INTO vsb_all_wards VALUE (6933,'Xã Cát Hải',401);
INSERT INTO vsb_all_wards VALUE (6934,'Xã Cát Hiệp',401);
INSERT INTO vsb_all_wards VALUE (6935,'Xã Cát Nhơn',401);
INSERT INTO vsb_all_wards VALUE (6936,'Xã Cát Hưng',401);
INSERT INTO vsb_all_wards VALUE (6937,'Xã Cát Tường',401);
INSERT INTO vsb_all_wards VALUE (6938,'Xã Cát Tân',401);
INSERT INTO vsb_all_wards VALUE (6939,'Thị trấn Cát Tiến',401);
INSERT INTO vsb_all_wards VALUE (6940,'Xã Cát Thắng',401);
INSERT INTO vsb_all_wards VALUE (6941,'Xã Cát Chánh',401);
INSERT INTO vsb_all_districts VALUE (402,'Thị xã An Nhơn',35);
INSERT INTO vsb_all_wards VALUE (6942,'Phường Bình Định',402);
INSERT INTO vsb_all_wards VALUE (6943,'Phường Đập Đá',402);
INSERT INTO vsb_all_wards VALUE (6944,'Xã Nhơn Mỹ',402);
INSERT INTO vsb_all_wards VALUE (6945,'Phường Nhơn Thành',402);
INSERT INTO vsb_all_wards VALUE (6946,'Xã Nhơn Hạnh',402);
INSERT INTO vsb_all_wards VALUE (6947,'Xã Nhơn Hậu',402);
INSERT INTO vsb_all_wards VALUE (6948,'Xã Nhơn Phong',402);
INSERT INTO vsb_all_wards VALUE (6949,'Xã Nhơn An',402);
INSERT INTO vsb_all_wards VALUE (6950,'Xã Nhơn Phúc',402);
INSERT INTO vsb_all_wards VALUE (6951,'Phường Nhơn Hưng',402);
INSERT INTO vsb_all_wards VALUE (6952,'Xã Nhơn Khánh',402);
INSERT INTO vsb_all_wards VALUE (6953,'Xã Nhơn Lộc',402);
INSERT INTO vsb_all_wards VALUE (6954,'Phường Nhơn Hoà',402);
INSERT INTO vsb_all_wards VALUE (6955,'Xã Nhơn Tân',402);
INSERT INTO vsb_all_wards VALUE (6956,'Xã Nhơn Thọ',402);
INSERT INTO vsb_all_districts VALUE (403,'Huyện Tuy Phước',35);
INSERT INTO vsb_all_wards VALUE (6957,'Thị trấn Tuy Phước',403);
INSERT INTO vsb_all_wards VALUE (6958,'Thị trấn Diêu Trì',403);
INSERT INTO vsb_all_wards VALUE (6959,'Xã Phước Thắng',403);
INSERT INTO vsb_all_wards VALUE (6960,'Xã Phước Hưng',403);
INSERT INTO vsb_all_wards VALUE (6961,'Xã Phước Quang',403);
INSERT INTO vsb_all_wards VALUE (6962,'Xã Phước Hòa',403);
INSERT INTO vsb_all_wards VALUE (6963,'Xã Phước Sơn',403);
INSERT INTO vsb_all_wards VALUE (6964,'Xã Phước Hiệp',403);
INSERT INTO vsb_all_wards VALUE (6965,'Xã Phước Lộc',403);
INSERT INTO vsb_all_wards VALUE (6966,'Xã Phước Nghĩa',403);
INSERT INTO vsb_all_wards VALUE (6967,'Xã Phước Thuận',403);
INSERT INTO vsb_all_wards VALUE (6968,'Xã Phước An',403);
INSERT INTO vsb_all_wards VALUE (6969,'Xã Phước Thành',403);
INSERT INTO vsb_all_districts VALUE (404,'Huyện Vân Canh',35);
INSERT INTO vsb_all_wards VALUE (6970,'Thị trấn Vân Canh',404);
INSERT INTO vsb_all_wards VALUE (6971,'Xã Canh Liên',404);
INSERT INTO vsb_all_wards VALUE (6972,'Xã Canh Hiệp',404);
INSERT INTO vsb_all_wards VALUE (6973,'Xã Canh Vinh',404);
INSERT INTO vsb_all_wards VALUE (6974,'Xã Canh Hiển',404);
INSERT INTO vsb_all_wards VALUE (6975,'Xã Canh Thuận',404);
INSERT INTO vsb_all_wards VALUE (6976,'Xã Canh Hòa',404);
INSERT INTO vsb_all_provinces VALUE (36,'Tỉnh Phú Yên');
INSERT INTO vsb_all_districts VALUE (405,'Thành phố Tuy Hoà',36);
INSERT INTO vsb_all_wards VALUE (6977,'Phường 1',405);
INSERT INTO vsb_all_wards VALUE (6978,'Phường 8',405);
INSERT INTO vsb_all_wards VALUE (6979,'Phường 2',405);
INSERT INTO vsb_all_wards VALUE (6980,'Phường 9',405);
INSERT INTO vsb_all_wards VALUE (6981,'Phường 3',405);
INSERT INTO vsb_all_wards VALUE (6982,'Phường 4',405);
INSERT INTO vsb_all_wards VALUE (6983,'Phường 5',405);
INSERT INTO vsb_all_wards VALUE (6984,'Phường 7',405);
INSERT INTO vsb_all_wards VALUE (6985,'Phường 6',405);
INSERT INTO vsb_all_wards VALUE (6986,'Phường Phú Thạnh',405);
INSERT INTO vsb_all_wards VALUE (6987,'Phường Phú Đông',405);
INSERT INTO vsb_all_wards VALUE (6988,'Xã Hòa Kiến',405);
INSERT INTO vsb_all_wards VALUE (6989,'Xã Bình Kiến',405);
INSERT INTO vsb_all_wards VALUE (6990,'Xã Bình Ngọc',405);
INSERT INTO vsb_all_wards VALUE (6991,'Xã An Phú',405);
INSERT INTO vsb_all_wards VALUE (6992,'Phường Phú Lâm',405);
INSERT INTO vsb_all_districts VALUE (406,'Thị xã Sông Cầu',36);
INSERT INTO vsb_all_wards VALUE (6993,'Phường Xuân Phú',406);
INSERT INTO vsb_all_wards VALUE (6994,'Xã Xuân Lâm',406);
INSERT INTO vsb_all_wards VALUE (6995,'Phường Xuân Thành',406);
INSERT INTO vsb_all_wards VALUE (6996,'Xã Xuân Hải',406);
INSERT INTO vsb_all_wards VALUE (6997,'Xã Xuân Lộc',406);
INSERT INTO vsb_all_wards VALUE (6998,'Xã Xuân Bình',406);
INSERT INTO vsb_all_wards VALUE (6999,'Xã Xuân Cảnh',406);
INSERT INTO vsb_all_wards VALUE (7000,'Xã Xuân Thịnh',406);
INSERT INTO vsb_all_wards VALUE (7001,'Xã Xuân Phương',406);
INSERT INTO vsb_all_wards VALUE (7002,'Phường Xuân Yên',406);
INSERT INTO vsb_all_wards VALUE (7003,'Xã Xuân Thọ 1',406);
INSERT INTO vsb_all_wards VALUE (7004,'Phường Xuân Đài',406);
INSERT INTO vsb_all_wards VALUE (7005,'Xã Xuân Thọ 2',406);
INSERT INTO vsb_all_districts VALUE (407,'Huyện Đồng Xuân',36);
INSERT INTO vsb_all_wards VALUE (7006,'Thị trấn La Hai',407);
INSERT INTO vsb_all_wards VALUE (7007,'Xã Đa Lộc',407);
INSERT INTO vsb_all_wards VALUE (7008,'Xã Phú Mỡ',407);
INSERT INTO vsb_all_wards VALUE (7009,'Xã Xuân Lãnh',407);
INSERT INTO vsb_all_wards VALUE (7010,'Xã Xuân Long',407);
INSERT INTO vsb_all_wards VALUE (7011,'Xã Xuân Quang 1',407);
INSERT INTO vsb_all_wards VALUE (7012,'Xã Xuân Sơn Bắc',407);
INSERT INTO vsb_all_wards VALUE (7013,'Xã Xuân Quang 2',407);
INSERT INTO vsb_all_wards VALUE (7014,'Xã Xuân Sơn Nam',407);
INSERT INTO vsb_all_wards VALUE (7015,'Xã Xuân Quang 3',407);
INSERT INTO vsb_all_wards VALUE (7016,'Xã Xuân Phước',407);
INSERT INTO vsb_all_districts VALUE (408,'Huyện Tuy An',36);
INSERT INTO vsb_all_wards VALUE (7017,'Thị trấn Chí Thạnh',408);
INSERT INTO vsb_all_wards VALUE (7018,'Xã An Dân',408);
INSERT INTO vsb_all_wards VALUE (7019,'Xã An Ninh Tây',408);
INSERT INTO vsb_all_wards VALUE (7020,'Xã An Ninh Đông',408);
INSERT INTO vsb_all_wards VALUE (7021,'Xã An Thạch',408);
INSERT INTO vsb_all_wards VALUE (7022,'Xã An Định',408);
INSERT INTO vsb_all_wards VALUE (7023,'Xã An Nghiệp',408);
INSERT INTO vsb_all_wards VALUE (7024,'Xã An Cư',408);
INSERT INTO vsb_all_wards VALUE (7025,'Xã An Xuân',408);
INSERT INTO vsb_all_wards VALUE (7026,'Xã An Lĩnh',408);
INSERT INTO vsb_all_wards VALUE (7027,'Xã An Hòa Hải',408);
INSERT INTO vsb_all_wards VALUE (7028,'Xã An Hiệp',408);
INSERT INTO vsb_all_wards VALUE (7029,'Xã An Mỹ',408);
INSERT INTO vsb_all_wards VALUE (7030,'Xã An Chấn',408);
INSERT INTO vsb_all_wards VALUE (7031,'Xã An Thọ',408);
INSERT INTO vsb_all_districts VALUE (409,'Huyện Sơn Hòa',36);
INSERT INTO vsb_all_wards VALUE (7032,'Thị trấn Củng Sơn',409);
INSERT INTO vsb_all_wards VALUE (7033,'Xã Phước Tân',409);
INSERT INTO vsb_all_wards VALUE (7034,'Xã Sơn Hội',409);
INSERT INTO vsb_all_wards VALUE (7035,'Xã Sơn Định',409);
INSERT INTO vsb_all_wards VALUE (7036,'Xã Sơn Long',409);
INSERT INTO vsb_all_wards VALUE (7037,'Xã Cà Lúi',409);
INSERT INTO vsb_all_wards VALUE (7038,'Xã Sơn Phước',409);
INSERT INTO vsb_all_wards VALUE (7039,'Xã Sơn Xuân',409);
INSERT INTO vsb_all_wards VALUE (7040,'Xã Sơn Nguyên',409);
INSERT INTO vsb_all_wards VALUE (7041,'Xã Eachà Rang',409);
INSERT INTO vsb_all_wards VALUE (7042,'Xã Krông Pa',409);
INSERT INTO vsb_all_wards VALUE (7043,'Xã Suối Bạc',409);
INSERT INTO vsb_all_wards VALUE (7044,'Xã Sơn Hà',409);
INSERT INTO vsb_all_wards VALUE (7045,'Xã Suối Trai',409);
INSERT INTO vsb_all_districts VALUE (410,'Huyện Sông Hinh',36);
INSERT INTO vsb_all_wards VALUE (7046,'Thị trấn Hai Riêng',410);
INSERT INTO vsb_all_wards VALUE (7047,'Xã Ea Lâm',410);
INSERT INTO vsb_all_wards VALUE (7048,'Xã Đức Bình Tây',410);
INSERT INTO vsb_all_wards VALUE (7049,'Xã Ea Bá',410);
INSERT INTO vsb_all_wards VALUE (7050,'Xã Sơn Giang',410);
INSERT INTO vsb_all_wards VALUE (7051,'Xã Đức Bình Đông',410);
INSERT INTO vsb_all_wards VALUE (7052,'Xã EaBar',410);
INSERT INTO vsb_all_wards VALUE (7053,'Xã EaBia',410);
INSERT INTO vsb_all_wards VALUE (7054,'Xã EaTrol',410);
INSERT INTO vsb_all_wards VALUE (7055,'Xã Sông Hinh',410);
INSERT INTO vsb_all_wards VALUE (7056,'Xã Ealy',410);
INSERT INTO vsb_all_districts VALUE (411,'Huyện Tây Hoà',36);
INSERT INTO vsb_all_wards VALUE (7057,'Xã Sơn Thành Tây',411);
INSERT INTO vsb_all_wards VALUE (7058,'Xã Sơn Thành Đông',411);
INSERT INTO vsb_all_wards VALUE (7059,'Xã Hòa Bình 1',411);
INSERT INTO vsb_all_wards VALUE (7060,'Thị trấn Phú Thứ',411);
INSERT INTO vsb_all_wards VALUE (7061,'Xã Hòa Phong',411);
INSERT INTO vsb_all_wards VALUE (7062,'Xã Hòa Phú',411);
INSERT INTO vsb_all_wards VALUE (7063,'Xã Hòa Tân Tây',411);
INSERT INTO vsb_all_wards VALUE (7064,'Xã Hòa Đồng',411);
INSERT INTO vsb_all_wards VALUE (7065,'Xã Hòa Mỹ Đông',411);
INSERT INTO vsb_all_wards VALUE (7066,'Xã Hòa Mỹ Tây',411);
INSERT INTO vsb_all_wards VALUE (7067,'Xã Hòa Thịnh',411);
INSERT INTO vsb_all_districts VALUE (412,'Huyện Phú Hoà',36);
INSERT INTO vsb_all_wards VALUE (7068,'Xã Hòa Quang Bắc',412);
INSERT INTO vsb_all_wards VALUE (7069,'Xã Hòa Quang Nam',412);
INSERT INTO vsb_all_wards VALUE (7070,'Xã Hòa Hội',412);
INSERT INTO vsb_all_wards VALUE (7071,'Xã Hòa Trị',412);
INSERT INTO vsb_all_wards VALUE (7072,'Xã Hòa An',412);
INSERT INTO vsb_all_wards VALUE (7073,'Xã Hòa Định Đông',412);
INSERT INTO vsb_all_wards VALUE (7074,'Thị trấn Phú Hoà',412);
INSERT INTO vsb_all_wards VALUE (7075,'Xã Hòa Định Tây',412);
INSERT INTO vsb_all_wards VALUE (7076,'Xã Hòa Thắng',412);
INSERT INTO vsb_all_districts VALUE (413,'Thị xã Đông Hòa',36);
INSERT INTO vsb_all_wards VALUE (7077,'Xã Hòa Thành',413);
INSERT INTO vsb_all_wards VALUE (7078,'Phường Hòa Hiệp Bắc',413);
INSERT INTO vsb_all_wards VALUE (7079,'Phường Hoà Vinh',413);
INSERT INTO vsb_all_wards VALUE (7080,'Phường Hoà Hiệp Trung',413);
INSERT INTO vsb_all_wards VALUE (7081,'Xã Hòa Tân Đông',413);
INSERT INTO vsb_all_wards VALUE (7082,'Phường Hòa Xuân Tây',413);
INSERT INTO vsb_all_wards VALUE (7083,'Phường Hòa Hiệp Nam',413);
INSERT INTO vsb_all_wards VALUE (7084,'Xã Hòa Xuân Đông',413);
INSERT INTO vsb_all_wards VALUE (7085,'Xã Hòa Tâm',413);
INSERT INTO vsb_all_wards VALUE (7086,'Xã Hòa Xuân Nam',413);
INSERT INTO vsb_all_provinces VALUE (37,'Tỉnh Khánh Hòa');
INSERT INTO vsb_all_districts VALUE (414,'Thành phố Nha Trang',37);
INSERT INTO vsb_all_wards VALUE (7087,'Phường Vĩnh Hòa',414);
INSERT INTO vsb_all_wards VALUE (7088,'Phường Vĩnh Hải',414);
INSERT INTO vsb_all_wards VALUE (7089,'Phường Vĩnh Phước',414);
INSERT INTO vsb_all_wards VALUE (7090,'Phường Ngọc Hiệp',414);
INSERT INTO vsb_all_wards VALUE (7091,'Phường Vĩnh Thọ',414);
INSERT INTO vsb_all_wards VALUE (7092,'Phường Xương Huân',414);
INSERT INTO vsb_all_wards VALUE (7093,'Phường Vạn Thắng',414);
INSERT INTO vsb_all_wards VALUE (7094,'Phường Vạn Thạnh',414);
INSERT INTO vsb_all_wards VALUE (7095,'Phường Phương Sài',414);
INSERT INTO vsb_all_wards VALUE (7096,'Phường Phương Sơn',414);
INSERT INTO vsb_all_wards VALUE (7097,'Phường Phước Hải',414);
INSERT INTO vsb_all_wards VALUE (7098,'Phường Phước Tân',414);
INSERT INTO vsb_all_wards VALUE (7099,'Phường Lộc Thọ',414);
INSERT INTO vsb_all_wards VALUE (7100,'Phường Phước Tiến',414);
INSERT INTO vsb_all_wards VALUE (7101,'Phường Tân Lập',414);
INSERT INTO vsb_all_wards VALUE (7102,'Phường Phước Hòa',414);
INSERT INTO vsb_all_wards VALUE (7103,'Phường Vĩnh Nguyên',414);
INSERT INTO vsb_all_wards VALUE (7104,'Phường Phước Long',414);
INSERT INTO vsb_all_wards VALUE (7105,'Phường Vĩnh Trường',414);
INSERT INTO vsb_all_wards VALUE (7106,'Xã Vĩnh Lương',414);
INSERT INTO vsb_all_wards VALUE (7107,'Xã Vĩnh Phương',414);
INSERT INTO vsb_all_wards VALUE (7108,'Xã Vĩnh Ngọc',414);
INSERT INTO vsb_all_wards VALUE (7109,'Xã Vĩnh Thạnh',414);
INSERT INTO vsb_all_wards VALUE (7110,'Xã Vĩnh Trung',414);
INSERT INTO vsb_all_wards VALUE (7111,'Xã Vĩnh Hiệp',414);
INSERT INTO vsb_all_wards VALUE (7112,'Xã Vĩnh Thái',414);
INSERT INTO vsb_all_wards VALUE (7113,'Xã Phước Đồng',414);
INSERT INTO vsb_all_districts VALUE (415,'Thành phố Cam Ranh',37);
INSERT INTO vsb_all_wards VALUE (7114,'Phường Cam Nghĩa',415);
INSERT INTO vsb_all_wards VALUE (7115,'Phường Cam Phúc Bắc',415);
INSERT INTO vsb_all_wards VALUE (7116,'Phường Cam Phúc Nam',415);
INSERT INTO vsb_all_wards VALUE (7117,'Phường Cam Lộc',415);
INSERT INTO vsb_all_wards VALUE (7118,'Phường Cam Phú',415);
INSERT INTO vsb_all_wards VALUE (7119,'Phường Ba Ngòi',415);
INSERT INTO vsb_all_wards VALUE (7120,'Phường Cam Thuận',415);
INSERT INTO vsb_all_wards VALUE (7121,'Phường Cam Lợi',415);
INSERT INTO vsb_all_wards VALUE (7122,'Phường Cam Linh',415);
INSERT INTO vsb_all_wards VALUE (7123,'Xã Cam Thành Nam',415);
INSERT INTO vsb_all_wards VALUE (7124,'Xã Cam Phước Đông',415);
INSERT INTO vsb_all_wards VALUE (7125,'Xã Cam Thịnh Tây',415);
INSERT INTO vsb_all_wards VALUE (7126,'Xã Cam Thịnh Đông',415);
INSERT INTO vsb_all_wards VALUE (7127,'Xã Cam Lập',415);
INSERT INTO vsb_all_wards VALUE (7128,'Xã Cam Bình',415);
INSERT INTO vsb_all_districts VALUE (416,'Huyện Cam Lâm',37);
INSERT INTO vsb_all_wards VALUE (7129,'Xã Cam Tân',416);
INSERT INTO vsb_all_wards VALUE (7130,'Xã Cam Hòa',416);
INSERT INTO vsb_all_wards VALUE (7131,'Xã Cam Hải Đông',416);
INSERT INTO vsb_all_wards VALUE (7132,'Xã Cam Hải Tây',416);
INSERT INTO vsb_all_wards VALUE (7133,'Xã Sơn Tân',416);
INSERT INTO vsb_all_wards VALUE (7134,'Xã Cam Hiệp Bắc',416);
INSERT INTO vsb_all_wards VALUE (7135,'Thị trấn Cam Đức',416);
INSERT INTO vsb_all_wards VALUE (7136,'Xã Cam Hiệp Nam',416);
INSERT INTO vsb_all_wards VALUE (7137,'Xã Cam Phước Tây',416);
INSERT INTO vsb_all_wards VALUE (7138,'Xã Cam Thành Bắc',416);
INSERT INTO vsb_all_wards VALUE (7139,'Xã Cam An Bắc',416);
INSERT INTO vsb_all_wards VALUE (7140,'Xã Cam An Nam',416);
INSERT INTO vsb_all_wards VALUE (7141,'Xã Suối Cát',416);
INSERT INTO vsb_all_wards VALUE (7142,'Xã Suối Tân',416);
INSERT INTO vsb_all_districts VALUE (417,'Huyện Vạn Ninh',37);
INSERT INTO vsb_all_wards VALUE (7143,'Thị trấn Vạn Giã',417);
INSERT INTO vsb_all_wards VALUE (7144,'Xã Đại Lãnh',417);
INSERT INTO vsb_all_wards VALUE (7145,'Xã Vạn Phước',417);
INSERT INTO vsb_all_wards VALUE (7146,'Xã Vạn Long',417);
INSERT INTO vsb_all_wards VALUE (7147,'Xã Vạn Bình',417);
INSERT INTO vsb_all_wards VALUE (7148,'Xã Vạn Thọ',417);
INSERT INTO vsb_all_wards VALUE (7149,'Xã Vạn Khánh',417);
INSERT INTO vsb_all_wards VALUE (7150,'Xã Vạn Phú',417);
INSERT INTO vsb_all_wards VALUE (7151,'Xã Vạn Lương',417);
INSERT INTO vsb_all_wards VALUE (7152,'Xã Vạn Thắng',417);
INSERT INTO vsb_all_wards VALUE (7153,'Xã Vạn Thạnh',417);
INSERT INTO vsb_all_wards VALUE (7154,'Xã Xuân Sơn',417);
INSERT INTO vsb_all_wards VALUE (7155,'Xã Vạn Hưng',417);
INSERT INTO vsb_all_districts VALUE (418,'Thị xã Ninh Hòa',37);
INSERT INTO vsb_all_wards VALUE (7156,'Phường Ninh Hiệp',418);
INSERT INTO vsb_all_wards VALUE (7157,'Xã Ninh Sơn',418);
INSERT INTO vsb_all_wards VALUE (7158,'Xã Ninh Tây',418);
INSERT INTO vsb_all_wards VALUE (7159,'Xã Ninh Thượng',418);
INSERT INTO vsb_all_wards VALUE (7160,'Xã Ninh An',418);
INSERT INTO vsb_all_wards VALUE (7161,'Phường Ninh Hải',418);
INSERT INTO vsb_all_wards VALUE (7162,'Xã Ninh Thọ',418);
INSERT INTO vsb_all_wards VALUE (7163,'Xã Ninh Trung',418);
INSERT INTO vsb_all_wards VALUE (7164,'Xã Ninh Sim',418);
INSERT INTO vsb_all_wards VALUE (7165,'Xã Ninh Xuân',418);
INSERT INTO vsb_all_wards VALUE (7166,'Xã Ninh Thân',418);
INSERT INTO vsb_all_wards VALUE (7167,'Phường Ninh Diêm',418);
INSERT INTO vsb_all_wards VALUE (7168,'Xã Ninh Đông',418);
INSERT INTO vsb_all_wards VALUE (7169,'Phường Ninh Thủy',418);
INSERT INTO vsb_all_wards VALUE (7170,'Phường Ninh Đa',418);
INSERT INTO vsb_all_wards VALUE (7171,'Xã Ninh Phụng',418);
INSERT INTO vsb_all_wards VALUE (7172,'Xã Ninh Bình',418);
INSERT INTO vsb_all_wards VALUE (7173,'Xã Ninh Phước',418);
INSERT INTO vsb_all_wards VALUE (7174,'Xã Ninh Phú',418);
INSERT INTO vsb_all_wards VALUE (7175,'Xã Ninh Tân',418);
INSERT INTO vsb_all_wards VALUE (7176,'Xã Ninh Quang',418);
INSERT INTO vsb_all_wards VALUE (7177,'Phường Ninh Giang',418);
INSERT INTO vsb_all_wards VALUE (7178,'Phường Ninh Hà',418);
INSERT INTO vsb_all_wards VALUE (7179,'Xã Ninh Hưng',418);
INSERT INTO vsb_all_wards VALUE (7180,'Xã Ninh Lộc',418);
INSERT INTO vsb_all_wards VALUE (7181,'Xã Ninh Ích',418);
INSERT INTO vsb_all_wards VALUE (7182,'Xã Ninh Vân',418);
INSERT INTO vsb_all_districts VALUE (419,'Huyện Khánh Vĩnh',37);
INSERT INTO vsb_all_wards VALUE (7183,'Thị trấn Khánh Vĩnh',419);
INSERT INTO vsb_all_wards VALUE (7184,'Xã Khánh Hiệp',419);
INSERT INTO vsb_all_wards VALUE (7185,'Xã Khánh Bình',419);
INSERT INTO vsb_all_wards VALUE (7186,'Xã Khánh Trung',419);
INSERT INTO vsb_all_wards VALUE (7187,'Xã Khánh Đông',419);
INSERT INTO vsb_all_wards VALUE (7188,'Xã Khánh Thượng',419);
INSERT INTO vsb_all_wards VALUE (7189,'Xã Khánh Nam',419);
INSERT INTO vsb_all_wards VALUE (7190,'Xã Sông Cầu',419);
INSERT INTO vsb_all_wards VALUE (7191,'Xã Giang Ly',419);
INSERT INTO vsb_all_wards VALUE (7192,'Xã Cầu Bà',419);
INSERT INTO vsb_all_wards VALUE (7193,'Xã Liên Sang',419);
INSERT INTO vsb_all_wards VALUE (7194,'Xã Khánh Thành',419);
INSERT INTO vsb_all_wards VALUE (7195,'Xã Khánh Phú',419);
INSERT INTO vsb_all_wards VALUE (7196,'Xã Sơn Thái',419);
INSERT INTO vsb_all_districts VALUE (420,'Huyện Diên Khánh',37);
INSERT INTO vsb_all_wards VALUE (7197,'Thị trấn Diên Khánh',420);
INSERT INTO vsb_all_wards VALUE (7198,'Xã Diên Lâm',420);
INSERT INTO vsb_all_wards VALUE (7199,'Xã Diên Điền',420);
INSERT INTO vsb_all_wards VALUE (7200,'Xã Diên Xuân',420);
INSERT INTO vsb_all_wards VALUE (7201,'Xã Diên Sơn',420);
INSERT INTO vsb_all_wards VALUE (7202,'Xã Diên Đồng',420);
INSERT INTO vsb_all_wards VALUE (7203,'Xã Diên Phú',420);
INSERT INTO vsb_all_wards VALUE (7204,'Xã Diên Thọ',420);
INSERT INTO vsb_all_wards VALUE (7205,'Xã Diên Phước',420);
INSERT INTO vsb_all_wards VALUE (7206,'Xã Diên Lạc',420);
INSERT INTO vsb_all_wards VALUE (7207,'Xã Diên Tân',420);
INSERT INTO vsb_all_wards VALUE (7208,'Xã Diên Hòa',420);
INSERT INTO vsb_all_wards VALUE (7209,'Xã Diên Thạnh',420);
INSERT INTO vsb_all_wards VALUE (7210,'Xã Diên Toàn',420);
INSERT INTO vsb_all_wards VALUE (7211,'Xã Diên An',420);
INSERT INTO vsb_all_wards VALUE (7212,'Xã Bình Lộc',420);
INSERT INTO vsb_all_wards VALUE (7213,'Xã Suối Hiệp',420);
INSERT INTO vsb_all_wards VALUE (7214,'Xã Suối Tiên',420);
INSERT INTO vsb_all_districts VALUE (421,'Huyện Khánh Sơn',37);
INSERT INTO vsb_all_wards VALUE (7215,'Thị trấn Tô Hạp',421);
INSERT INTO vsb_all_wards VALUE (7216,'Xã Thành Sơn',421);
INSERT INTO vsb_all_wards VALUE (7217,'Xã Sơn Lâm',421);
INSERT INTO vsb_all_wards VALUE (7218,'Xã Sơn Hiệp',421);
INSERT INTO vsb_all_wards VALUE (7219,'Xã Sơn Bình',421);
INSERT INTO vsb_all_wards VALUE (7220,'Xã Sơn Trung',421);
INSERT INTO vsb_all_wards VALUE (7221,'Xã Ba Cụm Bắc',421);
INSERT INTO vsb_all_wards VALUE (7222,'Xã Ba Cụm Nam',421);
INSERT INTO vsb_all_districts VALUE (422,'Huyện Trường Sa',37);
INSERT INTO vsb_all_wards VALUE (7223,'Thị trấn Trường Sa',422);
INSERT INTO vsb_all_wards VALUE (7224,'Xã Song Tử Tây',422);
INSERT INTO vsb_all_wards VALUE (7225,'Xã Sinh Tồn',422);
INSERT INTO vsb_all_provinces VALUE (38,'Tỉnh Ninh Thuận');
INSERT INTO vsb_all_districts VALUE (423,'Thành phố Phan Rang-Tháp Chàm',38);
INSERT INTO vsb_all_wards VALUE (7226,'Phường Đô Vinh',423);
INSERT INTO vsb_all_wards VALUE (7227,'Phường Phước Mỹ',423);
INSERT INTO vsb_all_wards VALUE (7228,'Phường Bảo An',423);
INSERT INTO vsb_all_wards VALUE (7229,'Phường Phủ Hà',423);
INSERT INTO vsb_all_wards VALUE (7230,'Phường Thanh Sơn',423);
INSERT INTO vsb_all_wards VALUE (7231,'Phường Mỹ Hương',423);
INSERT INTO vsb_all_wards VALUE (7232,'Phường Tấn Tài',423);
INSERT INTO vsb_all_wards VALUE (7233,'Phường Kinh Dinh',423);
INSERT INTO vsb_all_wards VALUE (7234,'Phường Đạo Long',423);
INSERT INTO vsb_all_wards VALUE (7235,'Phường Đài Sơn',423);
INSERT INTO vsb_all_wards VALUE (7236,'Phường Đông Hải',423);
INSERT INTO vsb_all_wards VALUE (7237,'Phường Mỹ Đông',423);
INSERT INTO vsb_all_wards VALUE (7238,'Xã Thành Hải',423);
INSERT INTO vsb_all_wards VALUE (7239,'Phường Văn Hải',423);
INSERT INTO vsb_all_wards VALUE (7240,'Phường Mỹ Bình',423);
INSERT INTO vsb_all_wards VALUE (7241,'Phường Mỹ Hải',423);
INSERT INTO vsb_all_districts VALUE (424,'Huyện Bác Ái',38);
INSERT INTO vsb_all_wards VALUE (7242,'Xã Phước Bình',424);
INSERT INTO vsb_all_wards VALUE (7243,'Xã Phước Hòa',424);
INSERT INTO vsb_all_wards VALUE (7244,'Xã Phước Tân',424);
INSERT INTO vsb_all_wards VALUE (7245,'Xã Phước Tiến',424);
INSERT INTO vsb_all_wards VALUE (7246,'Xã Phước Thắng',424);
INSERT INTO vsb_all_wards VALUE (7247,'Xã Phước Thành',424);
INSERT INTO vsb_all_wards VALUE (7248,'Xã Phước Đại',424);
INSERT INTO vsb_all_wards VALUE (7249,'Xã Phước Chính',424);
INSERT INTO vsb_all_wards VALUE (7250,'Xã Phước Trung',424);
INSERT INTO vsb_all_districts VALUE (425,'Huyện Ninh Sơn',38);
INSERT INTO vsb_all_wards VALUE (7251,'Thị trấn Tân Sơn',425);
INSERT INTO vsb_all_wards VALUE (7252,'Xã Lâm Sơn',425);
INSERT INTO vsb_all_wards VALUE (7253,'Xã Lương Sơn',425);
INSERT INTO vsb_all_wards VALUE (7254,'Xã Quảng Sơn',425);
INSERT INTO vsb_all_wards VALUE (7255,'Xã Mỹ Sơn',425);
INSERT INTO vsb_all_wards VALUE (7256,'Xã Hòa Sơn',425);
INSERT INTO vsb_all_wards VALUE (7257,'Xã Ma Nới',425);
INSERT INTO vsb_all_wards VALUE (7258,'Xã Nhơn Sơn',425);
INSERT INTO vsb_all_districts VALUE (426,'Huyện Ninh Hải',38);
INSERT INTO vsb_all_wards VALUE (7259,'Thị trấn Khánh Hải',426);
INSERT INTO vsb_all_wards VALUE (7260,'Xã Vĩnh Hải',426);
INSERT INTO vsb_all_wards VALUE (7261,'Xã Phương Hải',426);
INSERT INTO vsb_all_wards VALUE (7262,'Xã Tân Hải',426);
INSERT INTO vsb_all_wards VALUE (7263,'Xã Xuân Hải',426);
INSERT INTO vsb_all_wards VALUE (7264,'Xã Hộ Hải',426);
INSERT INTO vsb_all_wards VALUE (7265,'Xã Tri Hải',426);
INSERT INTO vsb_all_wards VALUE (7266,'Xã Nhơn Hải',426);
INSERT INTO vsb_all_wards VALUE (7267,'Xã Thanh Hải',426);
INSERT INTO vsb_all_districts VALUE (427,'Huyện Ninh Phước',38);
INSERT INTO vsb_all_wards VALUE (7268,'Thị trấn Phước Dân',427);
INSERT INTO vsb_all_wards VALUE (7269,'Xã Phước Sơn',427);
INSERT INTO vsb_all_wards VALUE (7270,'Xã Phước Thái',427);
INSERT INTO vsb_all_wards VALUE (7271,'Xã Phước Hậu',427);
INSERT INTO vsb_all_wards VALUE (7272,'Xã Phước Thuận',427);
INSERT INTO vsb_all_wards VALUE (7273,'Xã An Hải',427);
INSERT INTO vsb_all_wards VALUE (7274,'Xã Phước Hữu',427);
INSERT INTO vsb_all_wards VALUE (7275,'Xã Phước Hải',427);
INSERT INTO vsb_all_wards VALUE (7276,'Xã Phước Vinh',427);
INSERT INTO vsb_all_districts VALUE (428,'Huyện Thuận Bắc',38);
INSERT INTO vsb_all_wards VALUE (7277,'Xã Phước Chiến',428);
INSERT INTO vsb_all_wards VALUE (7278,'Xã Công Hải',428);
INSERT INTO vsb_all_wards VALUE (7279,'Xã Phước Kháng',428);
INSERT INTO vsb_all_wards VALUE (7280,'Xã Lợi Hải',428);
INSERT INTO vsb_all_wards VALUE (7281,'Xã Bắc Sơn',428);
INSERT INTO vsb_all_wards VALUE (7282,'Xã Bắc Phong',428);
INSERT INTO vsb_all_districts VALUE (429,'Huyện Thuận Nam',38);
INSERT INTO vsb_all_wards VALUE (7283,'Xã Phước Hà',429);
INSERT INTO vsb_all_wards VALUE (7284,'Xã Phước Nam',429);
INSERT INTO vsb_all_wards VALUE (7285,'Xã Phước Ninh',429);
INSERT INTO vsb_all_wards VALUE (7286,'Xã Nhị Hà',429);
INSERT INTO vsb_all_wards VALUE (7287,'Xã Phước Dinh',429);
INSERT INTO vsb_all_wards VALUE (7288,'Xã Phước Minh',429);
INSERT INTO vsb_all_wards VALUE (7289,'Xã Phước Diêm',429);
INSERT INTO vsb_all_wards VALUE (7290,'Xã Cà Ná',429);
INSERT INTO vsb_all_provinces VALUE (39,'Tỉnh Bình Thuận');
INSERT INTO vsb_all_districts VALUE (430,'Thành phố Phan Thiết',39);
INSERT INTO vsb_all_wards VALUE (7291,'Phường Mũi Né',430);
INSERT INTO vsb_all_wards VALUE (7292,'Phường Hàm Tiến',430);
INSERT INTO vsb_all_wards VALUE (7293,'Phường Phú Hài',430);
INSERT INTO vsb_all_wards VALUE (7294,'Phường Phú Thủy',430);
INSERT INTO vsb_all_wards VALUE (7295,'Phường Phú Tài',430);
INSERT INTO vsb_all_wards VALUE (7296,'Phường Phú Trinh',430);
INSERT INTO vsb_all_wards VALUE (7297,'Phường Xuân An',430);
INSERT INTO vsb_all_wards VALUE (7298,'Phường Thanh Hải',430);
INSERT INTO vsb_all_wards VALUE (7299,'Phường Bình Hưng',430);
INSERT INTO vsb_all_wards VALUE (7300,'Phường Đức Nghĩa',430);
INSERT INTO vsb_all_wards VALUE (7301,'Phường Lạc Đạo',430);
INSERT INTO vsb_all_wards VALUE (7302,'Phường Đức Thắng',430);
INSERT INTO vsb_all_wards VALUE (7303,'Phường Hưng Long',430);
INSERT INTO vsb_all_wards VALUE (7304,'Phường Đức Long',430);
INSERT INTO vsb_all_wards VALUE (7305,'Xã Thiện Nghiệp',430);
INSERT INTO vsb_all_wards VALUE (7306,'Xã Phong Nẫm',430);
INSERT INTO vsb_all_wards VALUE (7307,'Xã Tiến Lợi',430);
INSERT INTO vsb_all_wards VALUE (7308,'Xã Tiến Thành',430);
INSERT INTO vsb_all_districts VALUE (431,'Thị xã La Gi',39);
INSERT INTO vsb_all_wards VALUE (7309,'Phường Phước Hội',431);
INSERT INTO vsb_all_wards VALUE (7310,'Phường Phước Lộc',431);
INSERT INTO vsb_all_wards VALUE (7311,'Phường Tân Thiện',431);
INSERT INTO vsb_all_wards VALUE (7312,'Phường Tân An',431);
INSERT INTO vsb_all_wards VALUE (7313,'Phường Bình Tân',431);
INSERT INTO vsb_all_wards VALUE (7314,'Xã Tân Hải',431);
INSERT INTO vsb_all_wards VALUE (7315,'Xã Tân Tiến',431);
INSERT INTO vsb_all_wards VALUE (7316,'Xã Tân Bình',431);
INSERT INTO vsb_all_wards VALUE (7317,'Xã Tân Phước',431);
INSERT INTO vsb_all_districts VALUE (432,'Huyện Tuy Phong',39);
INSERT INTO vsb_all_wards VALUE (7318,'Thị trấn Liên Hương',432);
INSERT INTO vsb_all_wards VALUE (7319,'Thị trấn Phan Rí Cửa',432);
INSERT INTO vsb_all_wards VALUE (7320,'Xã Phan Dũng',432);
INSERT INTO vsb_all_wards VALUE (7321,'Xã Phong Phú',432);
INSERT INTO vsb_all_wards VALUE (7322,'Xã Vĩnh Hảo',432);
INSERT INTO vsb_all_wards VALUE (7323,'Xã Vĩnh Tân',432);
INSERT INTO vsb_all_wards VALUE (7324,'Xã Phú Lạc',432);
INSERT INTO vsb_all_wards VALUE (7325,'Xã Phước Thể',432);
INSERT INTO vsb_all_wards VALUE (7326,'Xã Hòa Minh',432);
INSERT INTO vsb_all_wards VALUE (7327,'Xã Chí Công',432);
INSERT INTO vsb_all_wards VALUE (7328,'Xã Bình Thạnh',432);
INSERT INTO vsb_all_districts VALUE (433,'Huyện Bắc Bình',39);
INSERT INTO vsb_all_wards VALUE (7329,'Thị trấn Chợ Lầu',433);
INSERT INTO vsb_all_wards VALUE (7330,'Xã Phan Sơn',433);
INSERT INTO vsb_all_wards VALUE (7331,'Xã Phan Lâm',433);
INSERT INTO vsb_all_wards VALUE (7332,'Xã Bình An',433);
INSERT INTO vsb_all_wards VALUE (7333,'Xã Phan Điền',433);
INSERT INTO vsb_all_wards VALUE (7334,'Xã Hải Ninh',433);
INSERT INTO vsb_all_wards VALUE (7335,'Xã Sông Lũy',433);
INSERT INTO vsb_all_wards VALUE (7336,'Xã Phan Tiến',433);
INSERT INTO vsb_all_wards VALUE (7337,'Xã Sông Bình',433);
INSERT INTO vsb_all_wards VALUE (7338,'Thị trấn Lương Sơn',433);
INSERT INTO vsb_all_wards VALUE (7339,'Xã Phan Hòa',433);
INSERT INTO vsb_all_wards VALUE (7340,'Xã Phan Thanh',433);
INSERT INTO vsb_all_wards VALUE (7341,'Xã Hồng Thái',433);
INSERT INTO vsb_all_wards VALUE (7342,'Xã Phan Hiệp',433);
INSERT INTO vsb_all_wards VALUE (7343,'Xã Bình Tân',433);
INSERT INTO vsb_all_wards VALUE (7344,'Xã Phan Rí Thành',433);
INSERT INTO vsb_all_wards VALUE (7345,'Xã Hòa Thắng',433);
INSERT INTO vsb_all_wards VALUE (7346,'Xã Hồng Phong',433);
INSERT INTO vsb_all_districts VALUE (434,'Huyện Hàm Thuận Bắc',39);
INSERT INTO vsb_all_wards VALUE (7347,'Thị trấn Ma Lâm',434);
INSERT INTO vsb_all_wards VALUE (7348,'Thị trấn Phú Long',434);
INSERT INTO vsb_all_wards VALUE (7349,'Xã La Dạ',434);
INSERT INTO vsb_all_wards VALUE (7350,'Xã Đông Tiến',434);
INSERT INTO vsb_all_wards VALUE (7351,'Xã Thuận Hòa',434);
INSERT INTO vsb_all_wards VALUE (7352,'Xã Đông Giang',434);
INSERT INTO vsb_all_wards VALUE (7353,'Xã Hàm Phú',434);
INSERT INTO vsb_all_wards VALUE (7354,'Xã Hồng Liêm',434);
INSERT INTO vsb_all_wards VALUE (7355,'Xã Thuận Minh',434);
INSERT INTO vsb_all_wards VALUE (7356,'Xã Hồng Sơn',434);
INSERT INTO vsb_all_wards VALUE (7357,'Xã Hàm Trí',434);
INSERT INTO vsb_all_wards VALUE (7358,'Xã Hàm Đức',434);
INSERT INTO vsb_all_wards VALUE (7359,'Xã Hàm Liêm',434);
INSERT INTO vsb_all_wards VALUE (7360,'Xã Hàm Chính',434);
INSERT INTO vsb_all_wards VALUE (7361,'Xã Hàm Hiệp',434);
INSERT INTO vsb_all_wards VALUE (7362,'Xã Hàm Thắng',434);
INSERT INTO vsb_all_wards VALUE (7363,'Xã Đa Mi',434);
INSERT INTO vsb_all_districts VALUE (435,'Huyện Hàm Thuận Nam',39);
INSERT INTO vsb_all_wards VALUE (7364,'Thị trấn Thuận Nam',435);
INSERT INTO vsb_all_wards VALUE (7365,'Xã Mỹ Thạnh',435);
INSERT INTO vsb_all_wards VALUE (7366,'Xã Hàm Cần',435);
INSERT INTO vsb_all_wards VALUE (7367,'Xã Mương Mán',435);
INSERT INTO vsb_all_wards VALUE (7368,'Xã Hàm Thạnh',435);
INSERT INTO vsb_all_wards VALUE (7369,'Xã Hàm Kiệm',435);
INSERT INTO vsb_all_wards VALUE (7370,'Xã Hàm Cường',435);
INSERT INTO vsb_all_wards VALUE (7371,'Xã Hàm Mỹ',435);
INSERT INTO vsb_all_wards VALUE (7372,'Xã Tân Lập',435);
INSERT INTO vsb_all_wards VALUE (7373,'Xã Hàm Minh',435);
INSERT INTO vsb_all_wards VALUE (7374,'Xã Thuận Quí',435);
INSERT INTO vsb_all_wards VALUE (7375,'Xã Tân Thuận',435);
INSERT INTO vsb_all_wards VALUE (7376,'Xã Tân Thành',435);
INSERT INTO vsb_all_districts VALUE (436,'Huyện Tánh Linh',39);
INSERT INTO vsb_all_wards VALUE (7377,'Thị trấn Lạc Tánh',436);
INSERT INTO vsb_all_wards VALUE (7378,'Xã Bắc Ruộng',436);
INSERT INTO vsb_all_wards VALUE (7379,'Xã Nghị Đức',436);
INSERT INTO vsb_all_wards VALUE (7380,'Xã La Ngâu',436);
INSERT INTO vsb_all_wards VALUE (7381,'Xã Huy Khiêm',436);
INSERT INTO vsb_all_wards VALUE (7382,'Xã Măng Tố',436);
INSERT INTO vsb_all_wards VALUE (7383,'Xã Đức Phú',436);
INSERT INTO vsb_all_wards VALUE (7384,'Xã Đồng Kho',436);
INSERT INTO vsb_all_wards VALUE (7385,'Xã Gia An',436);
INSERT INTO vsb_all_wards VALUE (7386,'Xã Đức Bình',436);
INSERT INTO vsb_all_wards VALUE (7387,'Xã Gia Huynh',436);
INSERT INTO vsb_all_wards VALUE (7388,'Xã Đức Thuận',436);
INSERT INTO vsb_all_wards VALUE (7389,'Xã Suối Kiết',436);
INSERT INTO vsb_all_districts VALUE (437,'Huyện Đức Linh',39);
INSERT INTO vsb_all_wards VALUE (7390,'Thị trấn Võ Xu',437);
INSERT INTO vsb_all_wards VALUE (7391,'Thị trấn Đức Tài',437);
INSERT INTO vsb_all_wards VALUE (7392,'Xã Đa Kai',437);
INSERT INTO vsb_all_wards VALUE (7393,'Xã Sùng Nhơn',437);
INSERT INTO vsb_all_wards VALUE (7394,'Xã Mê Pu',437);
INSERT INTO vsb_all_wards VALUE (7395,'Xã Nam Chính',437);
INSERT INTO vsb_all_wards VALUE (7396,'Xã Đức Hạnh',437);
INSERT INTO vsb_all_wards VALUE (7397,'Xã Đức Tín',437);
INSERT INTO vsb_all_wards VALUE (7398,'Xã Vũ Hoà',437);
INSERT INTO vsb_all_wards VALUE (7399,'Xã Tân Hà',437);
INSERT INTO vsb_all_wards VALUE (7400,'Xã Đông Hà',437);
INSERT INTO vsb_all_wards VALUE (7401,'Xã Trà Tân',437);
INSERT INTO vsb_all_districts VALUE (438,'Huyện Hàm Tân',39);
INSERT INTO vsb_all_wards VALUE (7402,'Thị trấn Tân Minh',438);
INSERT INTO vsb_all_wards VALUE (7403,'Thị trấn Tân Nghĩa',438);
INSERT INTO vsb_all_wards VALUE (7404,'Xã Sông Phan',438);
INSERT INTO vsb_all_wards VALUE (7405,'Xã Tân Phúc',438);
INSERT INTO vsb_all_wards VALUE (7406,'Xã Tân Đức',438);
INSERT INTO vsb_all_wards VALUE (7407,'Xã Tân Thắng',438);
INSERT INTO vsb_all_wards VALUE (7408,'Xã Thắng Hải',438);
INSERT INTO vsb_all_wards VALUE (7409,'Xã Tân Hà',438);
INSERT INTO vsb_all_wards VALUE (7410,'Xã Tân Xuân',438);
INSERT INTO vsb_all_wards VALUE (7411,'Xã Sơn Mỹ',438);
INSERT INTO vsb_all_districts VALUE (439,'Huyện Phú Quí',39);
INSERT INTO vsb_all_wards VALUE (7412,'Xã Ngũ Phụng',439);
INSERT INTO vsb_all_wards VALUE (7413,'Xã Long Hải',439);
INSERT INTO vsb_all_wards VALUE (7414,'Xã Tam Thanh',439);
INSERT INTO vsb_all_provinces VALUE (40,'Tỉnh Kon Tum');
INSERT INTO vsb_all_districts VALUE (440,'Thành phố Kon Tum',40);
INSERT INTO vsb_all_wards VALUE (7415,'Phường Quang Trung',440);
INSERT INTO vsb_all_wards VALUE (7416,'Phường Duy Tân',440);
INSERT INTO vsb_all_wards VALUE (7417,'Phường Quyết Thắng',440);
INSERT INTO vsb_all_wards VALUE (7418,'Phường Trường Chinh',440);
INSERT INTO vsb_all_wards VALUE (7419,'Phường Thắng Lợi',440);
INSERT INTO vsb_all_wards VALUE (7420,'Phường Ngô Mây',440);
INSERT INTO vsb_all_wards VALUE (7421,'Phường Thống Nhất',440);
INSERT INTO vsb_all_wards VALUE (7422,'Phường Lê Lợi',440);
INSERT INTO vsb_all_wards VALUE (7423,'Phường Nguyễn Trãi',440);
INSERT INTO vsb_all_wards VALUE (7424,'Phường Trần Hưng Đạo',440);
INSERT INTO vsb_all_wards VALUE (7425,'Xã Đắk Cấm',440);
INSERT INTO vsb_all_wards VALUE (7426,'Xã Kroong',440);
INSERT INTO vsb_all_wards VALUE (7427,'Xã Ngọk Bay',440);
INSERT INTO vsb_all_wards VALUE (7428,'Xã Vinh Quang',440);
INSERT INTO vsb_all_wards VALUE (7429,'Xã Đắk Blà',440);
INSERT INTO vsb_all_wards VALUE (7430,'Xã Ia Chim',440);
INSERT INTO vsb_all_wards VALUE (7431,'Xã Đăk Năng',440);
INSERT INTO vsb_all_wards VALUE (7432,'Xã Đoàn Kết',440);
INSERT INTO vsb_all_wards VALUE (7433,'Xã Chư Hreng',440);
INSERT INTO vsb_all_wards VALUE (7434,'Xã Đắk Rơ Wa',440);
INSERT INTO vsb_all_wards VALUE (7435,'Xã Hòa Bình',440);
INSERT INTO vsb_all_districts VALUE (441,'Huyện Đắk Glei',40);
INSERT INTO vsb_all_wards VALUE (7436,'Thị trấn Đắk Glei',441);
INSERT INTO vsb_all_wards VALUE (7437,'Xã Đắk Blô',441);
INSERT INTO vsb_all_wards VALUE (7438,'Xã Đắk Man',441);
INSERT INTO vsb_all_wards VALUE (7439,'Xã Đắk Nhoong',441);
INSERT INTO vsb_all_wards VALUE (7440,'Xã Đắk Pék',441);
INSERT INTO vsb_all_wards VALUE (7441,'Xã Đắk Choong',441);
INSERT INTO vsb_all_wards VALUE (7442,'Xã Xốp',441);
INSERT INTO vsb_all_wards VALUE (7443,'Xã Mường Hoong',441);
INSERT INTO vsb_all_wards VALUE (7444,'Xã Ngọc Linh',441);
INSERT INTO vsb_all_wards VALUE (7445,'Xã Đắk Long',441);
INSERT INTO vsb_all_wards VALUE (7446,'Xã Đắk KRoong',441);
INSERT INTO vsb_all_wards VALUE (7447,'Xã Đắk Môn',441);
INSERT INTO vsb_all_districts VALUE (442,'Huyện Ngọc Hồi',40);
INSERT INTO vsb_all_wards VALUE (7448,'Thị trấn Plei Kần',442);
INSERT INTO vsb_all_wards VALUE (7449,'Xã Đắk Ang',442);
INSERT INTO vsb_all_wards VALUE (7450,'Xã Đắk Dục',442);
INSERT INTO vsb_all_wards VALUE (7451,'Xã Đắk Nông',442);
INSERT INTO vsb_all_wards VALUE (7452,'Xã Đắk Xú',442);
INSERT INTO vsb_all_wards VALUE (7453,'Xã Đắk Kan',442);
INSERT INTO vsb_all_wards VALUE (7454,'Xã Bờ Y',442);
INSERT INTO vsb_all_wards VALUE (7455,'Xã Sa Loong',442);
INSERT INTO vsb_all_districts VALUE (443,'Huyện Đắk Tô',40);
INSERT INTO vsb_all_wards VALUE (7456,'Thị trấn Đắk Tô',443);
INSERT INTO vsb_all_wards VALUE (7457,'Xã Đắk Rơ Nga',443);
INSERT INTO vsb_all_wards VALUE (7458,'Xã Ngọk Tụ',443);
INSERT INTO vsb_all_wards VALUE (7459,'Xã Đắk Trăm',443);
INSERT INTO vsb_all_wards VALUE (7460,'Xã Văn Lem',443);
INSERT INTO vsb_all_wards VALUE (7461,'Xã Kon Đào',443);
INSERT INTO vsb_all_wards VALUE (7462,'Xã Tân Cảnh',443);
INSERT INTO vsb_all_wards VALUE (7463,'Xã Diên Bình',443);
INSERT INTO vsb_all_wards VALUE (7464,'Xã Pô Kô',443);
INSERT INTO vsb_all_districts VALUE (444,'Huyện Kon Plông',40);
INSERT INTO vsb_all_wards VALUE (7465,'Xã Đắk Nên',444);
INSERT INTO vsb_all_wards VALUE (7466,'Xã Đắk Ring',444);
INSERT INTO vsb_all_wards VALUE (7467,'Xã Măng Buk',444);
INSERT INTO vsb_all_wards VALUE (7468,'Xã Đắk Tăng',444);
INSERT INTO vsb_all_wards VALUE (7469,'Xã Ngok Tem',444);
INSERT INTO vsb_all_wards VALUE (7470,'Xã Pờ Ê',444);
INSERT INTO vsb_all_wards VALUE (7471,'Xã Măng Cành',444);
INSERT INTO vsb_all_wards VALUE (7472,'Thị trấn Măng Đen',444);
INSERT INTO vsb_all_wards VALUE (7473,'Xã Hiếu',444);
INSERT INTO vsb_all_districts VALUE (445,'Huyện Kon Rẫy',40);
INSERT INTO vsb_all_wards VALUE (7474,'Thị trấn Đắk Rve',445);
INSERT INTO vsb_all_wards VALUE (7475,'Xã Đắk Kôi',445);
INSERT INTO vsb_all_wards VALUE (7476,'Xã Đắk Tơ Lung',445);
INSERT INTO vsb_all_wards VALUE (7477,'Xã Đắk Ruồng',445);
INSERT INTO vsb_all_wards VALUE (7478,'Xã Đắk Pne',445);
INSERT INTO vsb_all_wards VALUE (7479,'Xã Đắk Tờ Re',445);
INSERT INTO vsb_all_wards VALUE (7480,'Xã Tân Lập',445);
INSERT INTO vsb_all_districts VALUE (446,'Huyện Đắk Hà',40);
INSERT INTO vsb_all_wards VALUE (7481,'Thị trấn Đắk Hà',446);
INSERT INTO vsb_all_wards VALUE (7482,'Xã Đắk PXi',446);
INSERT INTO vsb_all_wards VALUE (7483,'Xã Đăk Long',446);
INSERT INTO vsb_all_wards VALUE (7484,'Xã Đắk HRing',446);
INSERT INTO vsb_all_wards VALUE (7485,'Xã Đắk Ui',446);
INSERT INTO vsb_all_wards VALUE (7486,'Xã Đăk Ngọk',446);
INSERT INTO vsb_all_wards VALUE (7487,'Xã Đắk Mar',446);
INSERT INTO vsb_all_wards VALUE (7488,'Xã Ngok Wang',446);
INSERT INTO vsb_all_wards VALUE (7489,'Xã Ngok Réo',446);
INSERT INTO vsb_all_wards VALUE (7490,'Xã Hà Mòn',446);
INSERT INTO vsb_all_wards VALUE (7491,'Xã Đắk La',446);
INSERT INTO vsb_all_districts VALUE (447,'Huyện Sa Thầy',40);
INSERT INTO vsb_all_wards VALUE (7492,'Thị trấn Sa Thầy',447);
INSERT INTO vsb_all_wards VALUE (7493,'Xã Rơ Kơi',447);
INSERT INTO vsb_all_wards VALUE (7494,'Xã Sa Nhơn',447);
INSERT INTO vsb_all_wards VALUE (7495,'Xã Hơ Moong',447);
INSERT INTO vsb_all_wards VALUE (7496,'Xã Mô Rai',447);
INSERT INTO vsb_all_wards VALUE (7497,'Xã Sa Sơn',447);
INSERT INTO vsb_all_wards VALUE (7498,'Xã Sa Nghĩa',447);
INSERT INTO vsb_all_wards VALUE (7499,'Xã Sa Bình',447);
INSERT INTO vsb_all_wards VALUE (7500,'Xã Ya Xiêr',447);
INSERT INTO vsb_all_wards VALUE (7501,'Xã Ya Tăng',447);
INSERT INTO vsb_all_wards VALUE (7502,'Xã Ya ly',447);
INSERT INTO vsb_all_districts VALUE (448,'Huyện Tu Mơ Rông',40);
INSERT INTO vsb_all_wards VALUE (7503,'Xã Ngọc Lây',448);
INSERT INTO vsb_all_wards VALUE (7504,'Xã Đắk Na',448);
INSERT INTO vsb_all_wards VALUE (7505,'Xã Măng Ri',448);
INSERT INTO vsb_all_wards VALUE (7506,'Xã Ngọc Yêu',448);
INSERT INTO vsb_all_wards VALUE (7507,'Xã Đắk Sao',448);
INSERT INTO vsb_all_wards VALUE (7508,'Xã Đắk Rơ Ông',448);
INSERT INTO vsb_all_wards VALUE (7509,'Xã Đắk Tờ Kan',448);
INSERT INTO vsb_all_wards VALUE (7510,'Xã Tu Mơ Rông',448);
INSERT INTO vsb_all_wards VALUE (7511,'Xã Đắk Hà',448);
INSERT INTO vsb_all_wards VALUE (7512,'Xã Tê Xăng',448);
INSERT INTO vsb_all_wards VALUE (7513,'Xã Văn Xuôi',448);
INSERT INTO vsb_all_districts VALUE (449,'Huyện Ia H'' Drai',40);
INSERT INTO vsb_all_wards VALUE (7514,'Xã Ia Đal',449);
INSERT INTO vsb_all_wards VALUE (7515,'Xã Ia Dom',449);
INSERT INTO vsb_all_wards VALUE (7516,'Xã Ia Tơi',449);
INSERT INTO vsb_all_provinces VALUE (41,'Tỉnh Gia Lai');
INSERT INTO vsb_all_districts VALUE (450,'Thành phố Pleiku',41);
INSERT INTO vsb_all_wards VALUE (7517,'Phường Yên Đỗ',450);
INSERT INTO vsb_all_wards VALUE (7518,'Phường Diên Hồng',450);
INSERT INTO vsb_all_wards VALUE (7519,'Phường Ia Kring',450);
INSERT INTO vsb_all_wards VALUE (7520,'Phường Hội Thương',450);
INSERT INTO vsb_all_wards VALUE (7521,'Phường Hội Phú',450);
INSERT INTO vsb_all_wards VALUE (7522,'Phường Phù Đổng',450);
INSERT INTO vsb_all_wards VALUE (7523,'Phường Hoa Lư',450);
INSERT INTO vsb_all_wards VALUE (7524,'Phường Tây Sơn',450);
INSERT INTO vsb_all_wards VALUE (7525,'Phường Thống Nhất',450);
INSERT INTO vsb_all_wards VALUE (7526,'Phường Đống Đa',450);
INSERT INTO vsb_all_wards VALUE (7527,'Phường Trà Bá',450);
INSERT INTO vsb_all_wards VALUE (7528,'Phường Thắng Lợi',450);
INSERT INTO vsb_all_wards VALUE (7529,'Phường Yên Thế',450);
INSERT INTO vsb_all_wards VALUE (7530,'Phường Chi Lăng',450);
INSERT INTO vsb_all_wards VALUE (7531,'Xã Biển Hồ',450);
INSERT INTO vsb_all_wards VALUE (7532,'Xã Tân Sơn',450);
INSERT INTO vsb_all_wards VALUE (7533,'Xã Trà Đa',450);
INSERT INTO vsb_all_wards VALUE (7534,'Xã Chư Á',450);
INSERT INTO vsb_all_wards VALUE (7535,'Xã An Phú',450);
INSERT INTO vsb_all_wards VALUE (7536,'Xã Diên Phú',450);
INSERT INTO vsb_all_wards VALUE (7537,'Xã Ia Kênh',450);
INSERT INTO vsb_all_wards VALUE (7538,'Xã Gào',450);
INSERT INTO vsb_all_districts VALUE (451,'Thị xã An Khê',41);
INSERT INTO vsb_all_wards VALUE (7539,'Phường An Bình',451);
INSERT INTO vsb_all_wards VALUE (7540,'Phường Tây Sơn',451);
INSERT INTO vsb_all_wards VALUE (7541,'Phường An Phú',451);
INSERT INTO vsb_all_wards VALUE (7542,'Phường An Tân',451);
INSERT INTO vsb_all_wards VALUE (7543,'Xã Tú An',451);
INSERT INTO vsb_all_wards VALUE (7544,'Xã Xuân An',451);
INSERT INTO vsb_all_wards VALUE (7545,'Xã Cửu An',451);
INSERT INTO vsb_all_wards VALUE (7546,'Phường An Phước',451);
INSERT INTO vsb_all_wards VALUE (7547,'Xã Song An',451);
INSERT INTO vsb_all_wards VALUE (7548,'Phường Ngô Mây',451);
INSERT INTO vsb_all_wards VALUE (7549,'Xã Thành An',451);
INSERT INTO vsb_all_districts VALUE (452,'Thị xã Ayun Pa',41);
INSERT INTO vsb_all_wards VALUE (7550,'Phường Cheo Reo',452);
INSERT INTO vsb_all_wards VALUE (7551,'Phường Hòa Bình',452);
INSERT INTO vsb_all_wards VALUE (7552,'Phường Đoàn Kết',452);
INSERT INTO vsb_all_wards VALUE (7553,'Phường Sông Bờ',452);
INSERT INTO vsb_all_wards VALUE (7554,'Xã Ia RBol',452);
INSERT INTO vsb_all_wards VALUE (7555,'Xã Chư Băh',452);
INSERT INTO vsb_all_wards VALUE (7556,'Xã Ia RTô',452);
INSERT INTO vsb_all_wards VALUE (7557,'Xã Ia Sao',452);
INSERT INTO vsb_all_districts VALUE (453,'Huyện KBang',41);
INSERT INTO vsb_all_wards VALUE (7558,'Thị trấn KBang',453);
INSERT INTO vsb_all_wards VALUE (7559,'Xã Kon Pne',453);
INSERT INTO vsb_all_wards VALUE (7560,'Xã Đăk Roong',453);
INSERT INTO vsb_all_wards VALUE (7561,'Xã Sơn Lang',453);
INSERT INTO vsb_all_wards VALUE (7562,'Xã KRong',453);
INSERT INTO vsb_all_wards VALUE (7563,'Xã Sơ Pai',453);
INSERT INTO vsb_all_wards VALUE (7564,'Xã Lơ Ku',453);
INSERT INTO vsb_all_wards VALUE (7565,'Xã Đông',453);
INSERT INTO vsb_all_wards VALUE (7566,'Xã Đak SMar',453);
INSERT INTO vsb_all_wards VALUE (7567,'Xã Nghĩa An',453);
INSERT INTO vsb_all_wards VALUE (7568,'Xã Tơ Tung',453);
INSERT INTO vsb_all_wards VALUE (7569,'Xã Kông Lơng Khơng',453);
INSERT INTO vsb_all_wards VALUE (7570,'Xã Kông Pla',453);
INSERT INTO vsb_all_wards VALUE (7571,'Xã Đăk HLơ',453);
INSERT INTO vsb_all_districts VALUE (454,'Huyện Đăk Đoa',41);
INSERT INTO vsb_all_wards VALUE (7572,'Thị trấn Đăk Đoa',454);
INSERT INTO vsb_all_wards VALUE (7573,'Xã Hà Đông',454);
INSERT INTO vsb_all_wards VALUE (7574,'Xã Đăk Sơmei',454);
INSERT INTO vsb_all_wards VALUE (7575,'Xã Đăk Krong',454);
INSERT INTO vsb_all_wards VALUE (7576,'Xã Hải Yang',454);
INSERT INTO vsb_all_wards VALUE (7577,'Xã Kon Gang',454);
INSERT INTO vsb_all_wards VALUE (7578,'Xã Hà Bầu',454);
INSERT INTO vsb_all_wards VALUE (7579,'Xã Nam Yang',454);
INSERT INTO vsb_all_wards VALUE (7580,'Xã K'' Dang',454);
INSERT INTO vsb_all_wards VALUE (7581,'Xã H'' Neng',454);
INSERT INTO vsb_all_wards VALUE (7582,'Xã Tân Bình',454);
INSERT INTO vsb_all_wards VALUE (7583,'Xã Glar',454);
INSERT INTO vsb_all_wards VALUE (7584,'Xã A Dơk',454);
INSERT INTO vsb_all_wards VALUE (7585,'Xã Trang',454);
INSERT INTO vsb_all_wards VALUE (7586,'Xã HNol',454);
INSERT INTO vsb_all_wards VALUE (7587,'Xã Ia Pết',454);
INSERT INTO vsb_all_wards VALUE (7588,'Xã Ia Băng',454);
INSERT INTO vsb_all_districts VALUE (455,'Huyện Chư Păh',41);
INSERT INTO vsb_all_wards VALUE (7589,'Thị trấn Phú Hòa',455);
INSERT INTO vsb_all_wards VALUE (7590,'Xã Hà Tây',455);
INSERT INTO vsb_all_wards VALUE (7591,'Xã Ia Khươl',455);
INSERT INTO vsb_all_wards VALUE (7592,'Xã Ia Phí',455);
INSERT INTO vsb_all_wards VALUE (7593,'Thị trấn Ia Ly',455);
INSERT INTO vsb_all_wards VALUE (7594,'Xã Ia Mơ Nông',455);
INSERT INTO vsb_all_wards VALUE (7595,'Xã Ia Kreng',455);
INSERT INTO vsb_all_wards VALUE (7596,'Xã Đăk Tơ Ver',455);
INSERT INTO vsb_all_wards VALUE (7597,'Xã Hòa Phú',455);
INSERT INTO vsb_all_wards VALUE (7598,'Xã Chư Đăng Ya',455);
INSERT INTO vsb_all_wards VALUE (7599,'Xã Ia Ka',455);
INSERT INTO vsb_all_wards VALUE (7600,'Xã Ia Nhin',455);
INSERT INTO vsb_all_wards VALUE (7601,'Xã Nghĩa Hòa',455);
INSERT INTO vsb_all_wards VALUE (7602,'Xã Nghĩa Hưng',455);
INSERT INTO vsb_all_districts VALUE (456,'Huyện Ia Grai',41);
INSERT INTO vsb_all_wards VALUE (7603,'Thị trấn Ia Kha',456);
INSERT INTO vsb_all_wards VALUE (7604,'Xã Ia Sao',456);
INSERT INTO vsb_all_wards VALUE (7605,'Xã Ia Yok',456);
INSERT INTO vsb_all_wards VALUE (7606,'Xã Ia Hrung',456);
INSERT INTO vsb_all_wards VALUE (7607,'Xã Ia Bă',456);
INSERT INTO vsb_all_wards VALUE (7608,'Xã Ia Khai',456);
INSERT INTO vsb_all_wards VALUE (7609,'Xã Ia KRai',456);
INSERT INTO vsb_all_wards VALUE (7610,'Xã Ia Grăng',456);
INSERT INTO vsb_all_wards VALUE (7611,'Xã Ia Tô',456);
INSERT INTO vsb_all_wards VALUE (7612,'Xã Ia O',456);
INSERT INTO vsb_all_wards VALUE (7613,'Xã Ia Dêr',456);
INSERT INTO vsb_all_wards VALUE (7614,'Xã Ia Chia',456);
INSERT INTO vsb_all_wards VALUE (7615,'Xã Ia Pếch',456);
INSERT INTO vsb_all_districts VALUE (457,'Huyện Mang Yang',41);
INSERT INTO vsb_all_wards VALUE (7616,'Thị trấn Kon Dơng',457);
INSERT INTO vsb_all_wards VALUE (7617,'Xã Ayun',457);
INSERT INTO vsb_all_wards VALUE (7618,'Xã Đak Jơ Ta',457);
INSERT INTO vsb_all_wards VALUE (7619,'Xã Đak Ta Ley',457);
INSERT INTO vsb_all_wards VALUE (7620,'Xã Hra',457);
INSERT INTO vsb_all_wards VALUE (7621,'Xã Đăk Yă',457);
INSERT INTO vsb_all_wards VALUE (7622,'Xã Đăk Djrăng',457);
INSERT INTO vsb_all_wards VALUE (7623,'Xã Lơ Pang',457);
INSERT INTO vsb_all_wards VALUE (7624,'Xã Kon Thụp',457);
INSERT INTO vsb_all_wards VALUE (7625,'Xã Đê Ar',457);
INSERT INTO vsb_all_wards VALUE (7626,'Xã Kon Chiêng',457);
INSERT INTO vsb_all_wards VALUE (7627,'Xã Đăk Trôi',457);
INSERT INTO vsb_all_districts VALUE (458,'Huyện Kông Chro',41);
INSERT INTO vsb_all_wards VALUE (7628,'Thị trấn Kông Chro',458);
INSERT INTO vsb_all_wards VALUE (7629,'Xã Chư Krêy',458);
INSERT INTO vsb_all_wards VALUE (7630,'Xã An Trung',458);
INSERT INTO vsb_all_wards VALUE (7631,'Xã Kông Yang',458);
INSERT INTO vsb_all_wards VALUE (7632,'Xã Đăk Tơ Pang',458);
INSERT INTO vsb_all_wards VALUE (7633,'Xã SRó',458);
INSERT INTO vsb_all_wards VALUE (7634,'Xã Đắk Kơ Ning',458);
INSERT INTO vsb_all_wards VALUE (7635,'Xã Đăk Song',458);
INSERT INTO vsb_all_wards VALUE (7636,'Xã Đăk Pling',458);
INSERT INTO vsb_all_wards VALUE (7637,'Xã Yang Trung',458);
INSERT INTO vsb_all_wards VALUE (7638,'Xã Đăk Pơ Pho',458);
INSERT INTO vsb_all_wards VALUE (7639,'Xã Ya Ma',458);
INSERT INTO vsb_all_wards VALUE (7640,'Xã Chơ Long',458);
INSERT INTO vsb_all_wards VALUE (7641,'Xã Yang Nam',458);
INSERT INTO vsb_all_districts VALUE (459,'Huyện Đức Cơ',41);
INSERT INTO vsb_all_wards VALUE (7642,'Thị trấn Chư Ty',459);
INSERT INTO vsb_all_wards VALUE (7643,'Xã Ia Dơk',459);
INSERT INTO vsb_all_wards VALUE (7644,'Xã Ia Krêl',459);
INSERT INTO vsb_all_wards VALUE (7645,'Xã Ia Din',459);
INSERT INTO vsb_all_wards VALUE (7646,'Xã Ia Kla',459);
INSERT INTO vsb_all_wards VALUE (7647,'Xã Ia Dom',459);
INSERT INTO vsb_all_wards VALUE (7648,'Xã Ia Lang',459);
INSERT INTO vsb_all_wards VALUE (7649,'Xã Ia Kriêng',459);
INSERT INTO vsb_all_wards VALUE (7650,'Xã Ia Pnôn',459);
INSERT INTO vsb_all_wards VALUE (7651,'Xã Ia Nan',459);
INSERT INTO vsb_all_districts VALUE (460,'Huyện Chư Prông',41);
INSERT INTO vsb_all_wards VALUE (7652,'Thị trấn Chư Prông',460);
INSERT INTO vsb_all_wards VALUE (7653,'Xã Ia Kly',460);
INSERT INTO vsb_all_wards VALUE (7654,'Xã Bình Giáo',460);
INSERT INTO vsb_all_wards VALUE (7655,'Xã Ia Drăng',460);
INSERT INTO vsb_all_wards VALUE (7656,'Xã Thăng Hưng',460);
INSERT INTO vsb_all_wards VALUE (7657,'Xã Bàu Cạn',460);
INSERT INTO vsb_all_wards VALUE (7658,'Xã Ia Phìn',460);
INSERT INTO vsb_all_wards VALUE (7659,'Xã Ia Băng',460);
INSERT INTO vsb_all_wards VALUE (7660,'Xã Ia Tôr',460);
INSERT INTO vsb_all_wards VALUE (7661,'Xã Ia Boòng',460);
INSERT INTO vsb_all_wards VALUE (7662,'Xã Ia O',460);
INSERT INTO vsb_all_wards VALUE (7663,'Xã Ia Púch',460);
INSERT INTO vsb_all_wards VALUE (7664,'Xã Ia Me',460);
INSERT INTO vsb_all_wards VALUE (7665,'Xã Ia Vê',460);
INSERT INTO vsb_all_wards VALUE (7666,'Xã Ia Bang',460);
INSERT INTO vsb_all_wards VALUE (7667,'Xã Ia Pia',460);
INSERT INTO vsb_all_wards VALUE (7668,'Xã Ia Ga',460);
INSERT INTO vsb_all_wards VALUE (7669,'Xã Ia Lâu',460);
INSERT INTO vsb_all_wards VALUE (7670,'Xã Ia Piơr',460);
INSERT INTO vsb_all_wards VALUE (7671,'Xã Ia Mơ',460);
INSERT INTO vsb_all_districts VALUE (461,'Huyện Chư Sê',41);
INSERT INTO vsb_all_wards VALUE (7672,'Thị trấn Chư Sê',461);
INSERT INTO vsb_all_wards VALUE (7673,'Xã Ia Tiêm',461);
INSERT INTO vsb_all_wards VALUE (7674,'Xã Chư Pơng',461);
INSERT INTO vsb_all_wards VALUE (7675,'Xã Bar Măih',461);
INSERT INTO vsb_all_wards VALUE (7676,'Xã Bờ Ngoong',461);
INSERT INTO vsb_all_wards VALUE (7677,'Xã Ia Glai',461);
INSERT INTO vsb_all_wards VALUE (7678,'Xã AL Bá',461);
INSERT INTO vsb_all_wards VALUE (7679,'Xã Kông HTok',461);
INSERT INTO vsb_all_wards VALUE (7680,'Xã AYun',461);
INSERT INTO vsb_all_wards VALUE (7681,'Xã Ia HLốp',461);
INSERT INTO vsb_all_wards VALUE (7682,'Xã Ia Blang',461);
INSERT INTO vsb_all_wards VALUE (7683,'Xã Dun',461);
INSERT INTO vsb_all_wards VALUE (7684,'Xã Ia Pal',461);
INSERT INTO vsb_all_wards VALUE (7685,'Xã H Bông',461);
INSERT INTO vsb_all_wards VALUE (7686,'Xã Ia Ko',461);
INSERT INTO vsb_all_districts VALUE (462,'Huyện Đăk Pơ',41);
INSERT INTO vsb_all_wards VALUE (7687,'Xã Hà Tam',462);
INSERT INTO vsb_all_wards VALUE (7688,'Xã An Thành',462);
INSERT INTO vsb_all_wards VALUE (7689,'Thị trấn Đak Pơ',462);
INSERT INTO vsb_all_wards VALUE (7690,'Xã Yang Bắc',462);
INSERT INTO vsb_all_wards VALUE (7691,'Xã Cư An',462);
INSERT INTO vsb_all_wards VALUE (7692,'Xã Tân An',462);
INSERT INTO vsb_all_wards VALUE (7693,'Xã Phú An',462);
INSERT INTO vsb_all_wards VALUE (7694,'Xã Ya Hội',462);
INSERT INTO vsb_all_districts VALUE (463,'Huyện Ia Pa',41);
INSERT INTO vsb_all_wards VALUE (7695,'Xã Pờ Tó',463);
INSERT INTO vsb_all_wards VALUE (7696,'Xã Chư Răng',463);
INSERT INTO vsb_all_wards VALUE (7697,'Xã Ia KDăm',463);
INSERT INTO vsb_all_wards VALUE (7698,'Xã Kim Tân',463);
INSERT INTO vsb_all_wards VALUE (7699,'Xã Chư Mố',463);
INSERT INTO vsb_all_wards VALUE (7700,'Xã Ia Tul',463);
INSERT INTO vsb_all_wards VALUE (7701,'Xã Ia Ma Rơn',463);
INSERT INTO vsb_all_wards VALUE (7702,'Xã Ia Broăi',463);
INSERT INTO vsb_all_wards VALUE (7703,'Xã Ia Trok',463);
INSERT INTO vsb_all_districts VALUE (464,'Huyện Krông Pa',41);
INSERT INTO vsb_all_wards VALUE (7704,'Thị trấn Phú Túc',464);
INSERT INTO vsb_all_wards VALUE (7705,'Xã Ia RSai',464);
INSERT INTO vsb_all_wards VALUE (7706,'Xã Ia RSươm',464);
INSERT INTO vsb_all_wards VALUE (7707,'Xã Chư Gu',464);
INSERT INTO vsb_all_wards VALUE (7708,'Xã Đất Bằng',464);
INSERT INTO vsb_all_wards VALUE (7709,'Xã Ia Mláh',464);
INSERT INTO vsb_all_wards VALUE (7710,'Xã Chư Drăng',464);
INSERT INTO vsb_all_wards VALUE (7711,'Xã Phú Cần',464);
INSERT INTO vsb_all_wards VALUE (7712,'Xã Ia HDreh',464);
INSERT INTO vsb_all_wards VALUE (7713,'Xã Ia RMok',464);
INSERT INTO vsb_all_wards VALUE (7714,'Xã Chư Ngọc',464);
INSERT INTO vsb_all_wards VALUE (7715,'Xã Uar',464);
INSERT INTO vsb_all_wards VALUE (7716,'Xã Chư Rcăm',464);
INSERT INTO vsb_all_wards VALUE (7717,'Xã Krông Năng',464);
INSERT INTO vsb_all_districts VALUE (465,'Huyện Phú Thiện',41);
INSERT INTO vsb_all_wards VALUE (7718,'Thị trấn Phú Thiện',465);
INSERT INTO vsb_all_wards VALUE (7719,'Xã Chư A Thai',465);
INSERT INTO vsb_all_wards VALUE (7720,'Xã Ayun Hạ',465);
INSERT INTO vsb_all_wards VALUE (7721,'Xã Ia Ake',465);
INSERT INTO vsb_all_wards VALUE (7722,'Xã Ia Sol',465);
INSERT INTO vsb_all_wards VALUE (7723,'Xã Ia Piar',465);
INSERT INTO vsb_all_wards VALUE (7724,'Xã Ia Peng',465);
INSERT INTO vsb_all_wards VALUE (7725,'Xã Chrôh Pơnan',465);
INSERT INTO vsb_all_wards VALUE (7726,'Xã Ia Hiao',465);
INSERT INTO vsb_all_wards VALUE (7727,'Xã Ia Yeng',465);
INSERT INTO vsb_all_districts VALUE (466,'Huyện Chư Pưh',41);
INSERT INTO vsb_all_wards VALUE (7728,'Thị trấn Nhơn Hoà',466);
INSERT INTO vsb_all_wards VALUE (7729,'Xã Ia Hrú',466);
INSERT INTO vsb_all_wards VALUE (7730,'Xã Ia Rong',466);
INSERT INTO vsb_all_wards VALUE (7731,'Xã Ia Dreng',466);
INSERT INTO vsb_all_wards VALUE (7732,'Xã Ia Hla',466);
INSERT INTO vsb_all_wards VALUE (7733,'Xã Chư Don',466);
INSERT INTO vsb_all_wards VALUE (7734,'Xã Ia Phang',466);
INSERT INTO vsb_all_wards VALUE (7735,'Xã Ia Le',466);
INSERT INTO vsb_all_wards VALUE (7736,'Xã Ia BLứ',466);
INSERT INTO vsb_all_provinces VALUE (42,'Tỉnh Đắk Lắk');
INSERT INTO vsb_all_districts VALUE (467,'Thành phố Buôn Ma Thuột',42);
INSERT INTO vsb_all_wards VALUE (7737,'Phường Tân Lập',467);
INSERT INTO vsb_all_wards VALUE (7738,'Phường Tân Hòa',467);
INSERT INTO vsb_all_wards VALUE (7739,'Phường Tân An',467);
INSERT INTO vsb_all_wards VALUE (7740,'Phường Thống Nhất',467);
INSERT INTO vsb_all_wards VALUE (7741,'Phường Thành Nhất',467);
INSERT INTO vsb_all_wards VALUE (7742,'Phường Thắng Lợi',467);
INSERT INTO vsb_all_wards VALUE (7743,'Phường Tân Lợi',467);
INSERT INTO vsb_all_wards VALUE (7744,'Phường Thành Công',467);
INSERT INTO vsb_all_wards VALUE (7745,'Phường Tân Thành',467);
INSERT INTO vsb_all_wards VALUE (7746,'Phường Tân Tiến',467);
INSERT INTO vsb_all_wards VALUE (7747,'Phường Tự An',467);
INSERT INTO vsb_all_wards VALUE (7748,'Phường Ea Tam',467);
INSERT INTO vsb_all_wards VALUE (7749,'Phường Khánh Xuân',467);
INSERT INTO vsb_all_wards VALUE (7750,'Xã Hòa Thuận',467);
INSERT INTO vsb_all_wards VALUE (7751,'Xã Cư ÊBur',467);
INSERT INTO vsb_all_wards VALUE (7752,'Xã Ea Tu',467);
INSERT INTO vsb_all_wards VALUE (7753,'Xã Hòa Thắng',467);
INSERT INTO vsb_all_wards VALUE (7754,'Xã Ea Kao',467);
INSERT INTO vsb_all_wards VALUE (7755,'Xã Hòa Phú',467);
INSERT INTO vsb_all_wards VALUE (7756,'Xã Hòa Khánh',467);
INSERT INTO vsb_all_wards VALUE (7757,'Xã Hòa Xuân',467);
INSERT INTO vsb_all_districts VALUE (468,'Thị xã Buôn Hồ',42);
INSERT INTO vsb_all_wards VALUE (7758,'Phường An Lạc',468);
INSERT INTO vsb_all_wards VALUE (7759,'Phường An Bình',468);
INSERT INTO vsb_all_wards VALUE (7760,'Phường Thiện An',468);
INSERT INTO vsb_all_wards VALUE (7761,'Phường Đạt Hiếu',468);
INSERT INTO vsb_all_wards VALUE (7762,'Phường Đoàn Kết',468);
INSERT INTO vsb_all_wards VALUE (7763,'Xã Ea Blang',468);
INSERT INTO vsb_all_wards VALUE (7764,'Xã Ea Drông',468);
INSERT INTO vsb_all_wards VALUE (7765,'Phường Thống Nhất',468);
INSERT INTO vsb_all_wards VALUE (7766,'Phường Bình Tân',468);
INSERT INTO vsb_all_wards VALUE (7767,'Xã Ea Siên',468);
INSERT INTO vsb_all_wards VALUE (7768,'Xã Bình Thuận',468);
INSERT INTO vsb_all_wards VALUE (7769,'Xã Cư Bao',468);
INSERT INTO vsb_all_districts VALUE (469,'Huyện Ea H''leo',42);
INSERT INTO vsb_all_wards VALUE (7770,'Thị trấn Ea Drăng',469);
INSERT INTO vsb_all_wards VALUE (7771,'Xã Ea H''leo',469);
INSERT INTO vsb_all_wards VALUE (7772,'Xã Ea Sol',469);
INSERT INTO vsb_all_wards VALUE (7773,'Xã Ea Ral',469);
INSERT INTO vsb_all_wards VALUE (7774,'Xã Ea Wy',469);
INSERT INTO vsb_all_wards VALUE (7775,'Xã Cư A Mung',469);
INSERT INTO vsb_all_wards VALUE (7776,'Xã Cư Mốt',469);
INSERT INTO vsb_all_wards VALUE (7777,'Xã Ea Hiao',469);
INSERT INTO vsb_all_wards VALUE (7778,'Xã Ea Khal',469);
INSERT INTO vsb_all_wards VALUE (7779,'Xã Dliê Yang',469);
INSERT INTO vsb_all_wards VALUE (7780,'Xã Ea Tir',469);
INSERT INTO vsb_all_wards VALUE (7781,'Xã Ea Nam',469);
INSERT INTO vsb_all_districts VALUE (470,'Huyện Ea Súp',42);
INSERT INTO vsb_all_wards VALUE (7782,'Thị trấn Ea Súp',470);
INSERT INTO vsb_all_wards VALUE (7783,'Xã Ia Lốp',470);
INSERT INTO vsb_all_wards VALUE (7784,'Xã Ia JLơi',470);
INSERT INTO vsb_all_wards VALUE (7785,'Xã Ea Rốk',470);
INSERT INTO vsb_all_wards VALUE (7786,'Xã Ya Tờ Mốt',470);
INSERT INTO vsb_all_wards VALUE (7787,'Xã Ia RVê',470);
INSERT INTO vsb_all_wards VALUE (7788,'Xã Ea Lê',470);
INSERT INTO vsb_all_wards VALUE (7789,'Xã Cư KBang',470);
INSERT INTO vsb_all_wards VALUE (7790,'Xã Ea Bung',470);
INSERT INTO vsb_all_wards VALUE (7791,'Xã Cư M''Lan',470);
INSERT INTO vsb_all_districts VALUE (471,'Huyện Buôn Đôn',42);
INSERT INTO vsb_all_wards VALUE (7792,'Xã Krông Na',471);
INSERT INTO vsb_all_wards VALUE (7793,'Xã Ea Huar',471);
INSERT INTO vsb_all_wards VALUE (7794,'Xã Ea Wer',471);
INSERT INTO vsb_all_wards VALUE (7795,'Xã Tân Hoà',471);
INSERT INTO vsb_all_wards VALUE (7796,'Xã Cuôr KNia',471);
INSERT INTO vsb_all_wards VALUE (7797,'Xã Ea Bar',471);
INSERT INTO vsb_all_wards VALUE (7798,'Xã Ea Nuôl',471);
INSERT INTO vsb_all_districts VALUE (472,'Huyện Cư M''gar',42);
INSERT INTO vsb_all_wards VALUE (7799,'Thị trấn Ea Pốk',472);
INSERT INTO vsb_all_wards VALUE (7800,'Thị trấn Quảng Phú',472);
INSERT INTO vsb_all_wards VALUE (7801,'Xã Quảng Tiến',472);
INSERT INTO vsb_all_wards VALUE (7802,'Xã Ea Kuêh',472);
INSERT INTO vsb_all_wards VALUE (7803,'Xã Ea Kiết',472);
INSERT INTO vsb_all_wards VALUE (7804,'Xã Ea Tar',472);
INSERT INTO vsb_all_wards VALUE (7805,'Xã Cư Dliê M''nông',472);
INSERT INTO vsb_all_wards VALUE (7806,'Xã Ea H''đinh',472);
INSERT INTO vsb_all_wards VALUE (7807,'Xã Ea Tul',472);
INSERT INTO vsb_all_wards VALUE (7808,'Xã Ea KPam',472);
INSERT INTO vsb_all_wards VALUE (7809,'Xã Ea M''DRóh',472);
INSERT INTO vsb_all_wards VALUE (7810,'Xã Quảng Hiệp',472);
INSERT INTO vsb_all_wards VALUE (7811,'Xã Cư M''gar',472);
INSERT INTO vsb_all_wards VALUE (7812,'Xã Ea D''Rơng',472);
INSERT INTO vsb_all_wards VALUE (7813,'Xã Ea M''nang',472);
INSERT INTO vsb_all_wards VALUE (7814,'Xã Cư Suê',472);
INSERT INTO vsb_all_wards VALUE (7815,'Xã Cuor Đăng',472);
INSERT INTO vsb_all_districts VALUE (473,'Huyện Krông Búk',42);
INSERT INTO vsb_all_wards VALUE (7816,'Xã Cư Né',473);
INSERT INTO vsb_all_wards VALUE (7817,'Xã Chư KBô',473);
INSERT INTO vsb_all_wards VALUE (7818,'Xã Cư Pơng',473);
INSERT INTO vsb_all_wards VALUE (7819,'Xã Ea Sin',473);
INSERT INTO vsb_all_wards VALUE (7820,'Thị trấn Pơng Drang',473);
INSERT INTO vsb_all_wards VALUE (7821,'Xã Tân Lập',473);
INSERT INTO vsb_all_wards VALUE (7822,'Xã Ea Ngai',473);
INSERT INTO vsb_all_districts VALUE (474,'Huyện Krông Năng',42);
INSERT INTO vsb_all_wards VALUE (7823,'Thị trấn Krông Năng',474);
INSERT INTO vsb_all_wards VALUE (7824,'Xã ĐLiê Ya',474);
INSERT INTO vsb_all_wards VALUE (7825,'Xã Ea Tóh',474);
INSERT INTO vsb_all_wards VALUE (7826,'Xã Ea Tam',474);
INSERT INTO vsb_all_wards VALUE (7827,'Xã Phú Lộc',474);
INSERT INTO vsb_all_wards VALUE (7828,'Xã Tam Giang',474);
INSERT INTO vsb_all_wards VALUE (7829,'Xã Ea Puk',474);
INSERT INTO vsb_all_wards VALUE (7830,'Xã Ea Dăh',474);
INSERT INTO vsb_all_wards VALUE (7831,'Xã Ea Hồ',474);
INSERT INTO vsb_all_wards VALUE (7832,'Xã Phú Xuân',474);
INSERT INTO vsb_all_wards VALUE (7833,'Xã Cư Klông',474);
INSERT INTO vsb_all_wards VALUE (7834,'Xã Ea Tân',474);
INSERT INTO vsb_all_districts VALUE (475,'Huyện Ea Kar',42);
INSERT INTO vsb_all_wards VALUE (7835,'Thị trấn Ea Kar',475);
INSERT INTO vsb_all_wards VALUE (7836,'Thị trấn Ea Knốp',475);
INSERT INTO vsb_all_wards VALUE (7837,'Xã Ea Sô',475);
INSERT INTO vsb_all_wards VALUE (7838,'Xã Ea Sar',475);
INSERT INTO vsb_all_wards VALUE (7839,'Xã Xuân Phú',475);
INSERT INTO vsb_all_wards VALUE (7840,'Xã Cư Huê',475);
INSERT INTO vsb_all_wards VALUE (7841,'Xã Ea Tih',475);
INSERT INTO vsb_all_wards VALUE (7842,'Xã Ea Đar',475);
INSERT INTO vsb_all_wards VALUE (7843,'Xã Ea Kmút',475);
INSERT INTO vsb_all_wards VALUE (7844,'Xã Cư Ni',475);
INSERT INTO vsb_all_wards VALUE (7845,'Xã Ea Păl',475);
INSERT INTO vsb_all_wards VALUE (7846,'Xã Cư Prông',475);
INSERT INTO vsb_all_wards VALUE (7847,'Xã Ea Ô',475);
INSERT INTO vsb_all_wards VALUE (7848,'Xã Cư ELang',475);
INSERT INTO vsb_all_wards VALUE (7849,'Xã Cư Bông',475);
INSERT INTO vsb_all_wards VALUE (7850,'Xã Cư Jang',475);
INSERT INTO vsb_all_districts VALUE (476,'Huyện M''Đrắk',42);
INSERT INTO vsb_all_wards VALUE (7851,'Thị trấn M''Đrắk',476);
INSERT INTO vsb_all_wards VALUE (7852,'Xã Cư Prao',476);
INSERT INTO vsb_all_wards VALUE (7853,'Xã Ea Pil',476);
INSERT INTO vsb_all_wards VALUE (7854,'Xã Ea Lai',476);
INSERT INTO vsb_all_wards VALUE (7855,'Xã Ea H''MLay',476);
INSERT INTO vsb_all_wards VALUE (7856,'Xã Krông Jing',476);
INSERT INTO vsb_all_wards VALUE (7857,'Xã Ea M'' Doal',476);
INSERT INTO vsb_all_wards VALUE (7858,'Xã Ea Riêng',476);
INSERT INTO vsb_all_wards VALUE (7859,'Xã Cư M''ta',476);
INSERT INTO vsb_all_wards VALUE (7860,'Xã Cư K Róa',476);
INSERT INTO vsb_all_wards VALUE (7861,'Xã Krông Á',476);
INSERT INTO vsb_all_wards VALUE (7862,'Xã Cư San',476);
INSERT INTO vsb_all_wards VALUE (7863,'Xã Ea Trang',476);
INSERT INTO vsb_all_districts VALUE (477,'Huyện Krông Bông',42);
INSERT INTO vsb_all_wards VALUE (7864,'Thị trấn Krông Kmar',477);
INSERT INTO vsb_all_wards VALUE (7865,'Xã Dang Kang',477);
INSERT INTO vsb_all_wards VALUE (7866,'Xã Cư KTy',477);
INSERT INTO vsb_all_wards VALUE (7867,'Xã Hòa Thành',477);
INSERT INTO vsb_all_wards VALUE (7868,'Xã Hòa Tân',477);
INSERT INTO vsb_all_wards VALUE (7869,'Xã Hòa Phong',477);
INSERT INTO vsb_all_wards VALUE (7870,'Xã Hòa Lễ',477);
INSERT INTO vsb_all_wards VALUE (7871,'Xã Yang Reh',477);
INSERT INTO vsb_all_wards VALUE (7872,'Xã Ea Trul',477);
INSERT INTO vsb_all_wards VALUE (7873,'Xã Khuê Ngọc Điền',477);
INSERT INTO vsb_all_wards VALUE (7874,'Xã Cư Pui',477);
INSERT INTO vsb_all_wards VALUE (7875,'Xã Hòa Sơn',477);
INSERT INTO vsb_all_wards VALUE (7876,'Xã Cư Drăm',477);
INSERT INTO vsb_all_wards VALUE (7877,'Xã Yang Mao',477);
INSERT INTO vsb_all_districts VALUE (478,'Huyện Krông Pắc',42);
INSERT INTO vsb_all_wards VALUE (7878,'Thị trấn Phước An',478);
INSERT INTO vsb_all_wards VALUE (7879,'Xã KRông Búk',478);
INSERT INTO vsb_all_wards VALUE (7880,'Xã Ea Kly',478);
INSERT INTO vsb_all_wards VALUE (7881,'Xã Ea Kênh',478);
INSERT INTO vsb_all_wards VALUE (7882,'Xã Ea Phê',478);
INSERT INTO vsb_all_wards VALUE (7883,'Xã Ea KNuec',478);
INSERT INTO vsb_all_wards VALUE (7884,'Xã Ea Yông',478);
INSERT INTO vsb_all_wards VALUE (7885,'Xã Hòa An',478);
INSERT INTO vsb_all_wards VALUE (7886,'Xã Ea Kuăng',478);
INSERT INTO vsb_all_wards VALUE (7887,'Xã Hòa Đông',478);
INSERT INTO vsb_all_wards VALUE (7888,'Xã Ea Hiu',478);
INSERT INTO vsb_all_wards VALUE (7889,'Xã Hòa Tiến',478);
INSERT INTO vsb_all_wards VALUE (7890,'Xã Tân Tiến',478);
INSERT INTO vsb_all_wards VALUE (7891,'Xã Vụ Bổn',478);
INSERT INTO vsb_all_wards VALUE (7892,'Xã Ea Uy',478);
INSERT INTO vsb_all_wards VALUE (7893,'Xã Ea Yiêng',478);
INSERT INTO vsb_all_districts VALUE (479,'Huyện Krông A Na',42);
INSERT INTO vsb_all_wards VALUE (7894,'Thị trấn Buôn Trấp',479);
INSERT INTO vsb_all_wards VALUE (7895,'Xã Dray Sáp',479);
INSERT INTO vsb_all_wards VALUE (7896,'Xã Ea Na',479);
INSERT INTO vsb_all_wards VALUE (7897,'Xã Ea Bông',479);
INSERT INTO vsb_all_wards VALUE (7898,'Xã Băng A Drênh',479);
INSERT INTO vsb_all_wards VALUE (7899,'Xã Dur KMăl',479);
INSERT INTO vsb_all_wards VALUE (7900,'Xã Bình Hòa',479);
INSERT INTO vsb_all_wards VALUE (7901,'Xã Quảng Điền',479);
INSERT INTO vsb_all_districts VALUE (480,'Huyện Lắk',42);
INSERT INTO vsb_all_wards VALUE (7902,'Thị trấn Liên Sơn',480);
INSERT INTO vsb_all_wards VALUE (7903,'Xã Yang Tao',480);
INSERT INTO vsb_all_wards VALUE (7904,'Xã Bông Krang',480);
INSERT INTO vsb_all_wards VALUE (7905,'Xã Đắk Liêng',480);
INSERT INTO vsb_all_wards VALUE (7906,'Xã Buôn Triết',480);
INSERT INTO vsb_all_wards VALUE (7907,'Xã Buôn Tría',480);
INSERT INTO vsb_all_wards VALUE (7908,'Xã Đắk Phơi',480);
INSERT INTO vsb_all_wards VALUE (7909,'Xã Đắk Nuê',480);
INSERT INTO vsb_all_wards VALUE (7910,'Xã Krông Nô',480);
INSERT INTO vsb_all_wards VALUE (7911,'Xã Nam Ka',480);
INSERT INTO vsb_all_wards VALUE (7912,'Xã Ea R''Bin',480);
INSERT INTO vsb_all_districts VALUE (481,'Huyện Cư Kuin',42);
INSERT INTO vsb_all_wards VALUE (7913,'Xã Ea Ning',481);
INSERT INTO vsb_all_wards VALUE (7914,'Xã Cư Ê Wi',481);
INSERT INTO vsb_all_wards VALUE (7915,'Xã Ea Ktur',481);
INSERT INTO vsb_all_wards VALUE (7916,'Xã Ea Tiêu',481);
INSERT INTO vsb_all_wards VALUE (7917,'Xã Ea BHốk',481);
INSERT INTO vsb_all_wards VALUE (7918,'Xã Ea Hu',481);
INSERT INTO vsb_all_wards VALUE (7919,'Xã Dray Bhăng',481);
INSERT INTO vsb_all_wards VALUE (7920,'Xã Hòa Hiệp',481);
INSERT INTO vsb_all_provinces VALUE (43,'Tỉnh Đắk Nông');
INSERT INTO vsb_all_districts VALUE (482,'Thành phố Gia Nghĩa',43);
INSERT INTO vsb_all_wards VALUE (7921,'Phường Nghĩa Đức',482);
INSERT INTO vsb_all_wards VALUE (7922,'Phường Nghĩa Thành',482);
INSERT INTO vsb_all_wards VALUE (7923,'Phường Nghĩa Phú',482);
INSERT INTO vsb_all_wards VALUE (7924,'Phường Nghĩa Tân',482);
INSERT INTO vsb_all_wards VALUE (7925,'Phường Nghĩa Trung',482);
INSERT INTO vsb_all_wards VALUE (7926,'Xã Đăk R''Moan',482);
INSERT INTO vsb_all_wards VALUE (7927,'Phường Quảng Thành',482);
INSERT INTO vsb_all_wards VALUE (7928,'Xã Đắk Nia',482);
INSERT INTO vsb_all_districts VALUE (483,'Huyện Đăk Glong',43);
INSERT INTO vsb_all_wards VALUE (7929,'Xã Quảng Sơn',483);
INSERT INTO vsb_all_wards VALUE (7930,'Xã Quảng Hoà',483);
INSERT INTO vsb_all_wards VALUE (7931,'Xã Đắk Ha',483);
INSERT INTO vsb_all_wards VALUE (7932,'Xã Đắk R''Măng',483);
INSERT INTO vsb_all_wards VALUE (7933,'Xã Quảng Khê',483);
INSERT INTO vsb_all_wards VALUE (7934,'Xã Đắk Plao',483);
INSERT INTO vsb_all_wards VALUE (7935,'Xã Đắk Som',483);
INSERT INTO vsb_all_districts VALUE (484,'Huyện Cư Jút',43);
INSERT INTO vsb_all_wards VALUE (7936,'Thị trấn Ea T''Ling',484);
INSERT INTO vsb_all_wards VALUE (7937,'Xã Đắk Wil',484);
INSERT INTO vsb_all_wards VALUE (7938,'Xã Ea Pô',484);
INSERT INTO vsb_all_wards VALUE (7939,'Xã Nam Dong',484);
INSERT INTO vsb_all_wards VALUE (7940,'Xã Đắk DRông',484);
INSERT INTO vsb_all_wards VALUE (7941,'Xã Tâm Thắng',484);
INSERT INTO vsb_all_wards VALUE (7942,'Xã Cư Knia',484);
INSERT INTO vsb_all_wards VALUE (7943,'Xã Trúc Sơn',484);
INSERT INTO vsb_all_districts VALUE (485,'Huyện Đắk Mil',43);
INSERT INTO vsb_all_wards VALUE (7944,'Thị trấn Đắk Mil',485);
INSERT INTO vsb_all_wards VALUE (7945,'Xã Đắk Lao',485);
INSERT INTO vsb_all_wards VALUE (7946,'Xã Đắk R''La',485);
INSERT INTO vsb_all_wards VALUE (7947,'Xã Đắk Gằn',485);
INSERT INTO vsb_all_wards VALUE (7948,'Xã Đức Mạnh',485);
INSERT INTO vsb_all_wards VALUE (7949,'Xã Đắk N''Drót',485);
INSERT INTO vsb_all_wards VALUE (7950,'Xã Long Sơn',485);
INSERT INTO vsb_all_wards VALUE (7951,'Xã Đắk Sắk',485);
INSERT INTO vsb_all_wards VALUE (7952,'Xã Thuận An',485);
INSERT INTO vsb_all_wards VALUE (7953,'Xã Đức Minh',485);
INSERT INTO vsb_all_districts VALUE (486,'Huyện Krông Nô',43);
INSERT INTO vsb_all_wards VALUE (7954,'Thị trấn Đắk Mâm',486);
INSERT INTO vsb_all_wards VALUE (7955,'Xã Đắk Sôr',486);
INSERT INTO vsb_all_wards VALUE (7956,'Xã Nam Xuân',486);
INSERT INTO vsb_all_wards VALUE (7957,'Xã Buôn Choah',486);
INSERT INTO vsb_all_wards VALUE (7958,'Xã Nam Đà',486);
INSERT INTO vsb_all_wards VALUE (7959,'Xã Tân Thành',486);
INSERT INTO vsb_all_wards VALUE (7960,'Xã Đắk Drô',486);
INSERT INTO vsb_all_wards VALUE (7961,'Xã Nâm Nung',486);
INSERT INTO vsb_all_wards VALUE (7962,'Xã Đức Xuyên',486);
INSERT INTO vsb_all_wards VALUE (7963,'Xã Đắk Nang',486);
INSERT INTO vsb_all_wards VALUE (7964,'Xã Quảng Phú',486);
INSERT INTO vsb_all_wards VALUE (7965,'Xã Nâm N''Đir',486);
INSERT INTO vsb_all_districts VALUE (487,'Huyện Đắk Song',43);
INSERT INTO vsb_all_wards VALUE (7966,'Thị trấn Đức An',487);
INSERT INTO vsb_all_wards VALUE (7967,'Xã Đắk Môl',487);
INSERT INTO vsb_all_wards VALUE (7968,'Xã Đắk Hòa',487);
INSERT INTO vsb_all_wards VALUE (7969,'Xã Nam Bình',487);
INSERT INTO vsb_all_wards VALUE (7970,'Xã Thuận Hà',487);
INSERT INTO vsb_all_wards VALUE (7971,'Xã Thuận Hạnh',487);
INSERT INTO vsb_all_wards VALUE (7972,'Xã Đắk N''Dung',487);
INSERT INTO vsb_all_wards VALUE (7973,'Xã Nâm N''Jang',487);
INSERT INTO vsb_all_wards VALUE (7974,'Xã Trường Xuân',487);
INSERT INTO vsb_all_districts VALUE (488,'Huyện Đắk R''Lấp',43);
INSERT INTO vsb_all_wards VALUE (7975,'Thị trấn Kiến Đức',488);
INSERT INTO vsb_all_wards VALUE (7976,'Xã Quảng Tín',488);
INSERT INTO vsb_all_wards VALUE (7977,'Xã Đắk Wer',488);
INSERT INTO vsb_all_wards VALUE (7978,'Xã Nhân Cơ',488);
INSERT INTO vsb_all_wards VALUE (7979,'Xã Kiến Thành',488);
INSERT INTO vsb_all_wards VALUE (7980,'Xã Nghĩa Thắng',488);
INSERT INTO vsb_all_wards VALUE (7981,'Xã Đạo Nghĩa',488);
INSERT INTO vsb_all_wards VALUE (7982,'Xã Đắk Sin',488);
INSERT INTO vsb_all_wards VALUE (7983,'Xã Hưng Bình',488);
INSERT INTO vsb_all_wards VALUE (7984,'Xã Đắk Ru',488);
INSERT INTO vsb_all_wards VALUE (7985,'Xã Nhân Đạo',488);
INSERT INTO vsb_all_districts VALUE (489,'Huyện Tuy Đức',43);
INSERT INTO vsb_all_wards VALUE (7986,'Xã Quảng Trực',489);
INSERT INTO vsb_all_wards VALUE (7987,'Xã Đắk Búk So',489);
INSERT INTO vsb_all_wards VALUE (7988,'Xã Quảng Tâm',489);
INSERT INTO vsb_all_wards VALUE (7989,'Xã Đắk R''Tíh',489);
INSERT INTO vsb_all_wards VALUE (7990,'Xã Đắk Ngo',489);
INSERT INTO vsb_all_wards VALUE (7991,'Xã Quảng Tân',489);
INSERT INTO vsb_all_provinces VALUE (44,'Tỉnh Lâm Đồng');
INSERT INTO vsb_all_districts VALUE (490,'Thành phố Đà Lạt',44);
INSERT INTO vsb_all_wards VALUE (7992,'Phường 7',490);
INSERT INTO vsb_all_wards VALUE (7993,'Phường 8',490);
INSERT INTO vsb_all_wards VALUE (7994,'Phường 12',490);
INSERT INTO vsb_all_wards VALUE (7995,'Phường 9',490);
INSERT INTO vsb_all_wards VALUE (7996,'Phường 2',490);
INSERT INTO vsb_all_wards VALUE (7997,'Phường 1',490);
INSERT INTO vsb_all_wards VALUE (7998,'Phường 6',490);
INSERT INTO vsb_all_wards VALUE (7999,'Phường 5',490);
INSERT INTO vsb_all_wards VALUE (8000,'Phường 4',490);
INSERT INTO vsb_all_wards VALUE (8001,'Phường 10',490);
INSERT INTO vsb_all_wards VALUE (8002,'Phường 11',490);
INSERT INTO vsb_all_wards VALUE (8003,'Phường 3',490);
INSERT INTO vsb_all_wards VALUE (8004,'Xã Xuân Thọ',490);
INSERT INTO vsb_all_wards VALUE (8005,'Xã Tà Nung',490);
INSERT INTO vsb_all_wards VALUE (8006,'Xã Trạm Hành',490);
INSERT INTO vsb_all_wards VALUE (8007,'Xã Xuân Trường',490);
INSERT INTO vsb_all_districts VALUE (491,'Thành phố Bảo Lộc',44);
INSERT INTO vsb_all_wards VALUE (8008,'Phường Lộc Phát',491);
INSERT INTO vsb_all_wards VALUE (8009,'Phường Lộc Tiến',491);
INSERT INTO vsb_all_wards VALUE (8010,'Phường 2',491);
INSERT INTO vsb_all_wards VALUE (8011,'Phường 1',491);
INSERT INTO vsb_all_wards VALUE (8012,'Phường B''lao',491);
INSERT INTO vsb_all_wards VALUE (8013,'Phường Lộc Sơn',491);
INSERT INTO vsb_all_wards VALUE (8014,'Xã Đạm Bri',491);
INSERT INTO vsb_all_wards VALUE (8015,'Xã Lộc Thanh',491);
INSERT INTO vsb_all_wards VALUE (8016,'Xã Lộc Nga',491);
INSERT INTO vsb_all_wards VALUE (8017,'Xã Lộc Châu',491);
INSERT INTO vsb_all_wards VALUE (8018,'Xã Đại Lào',491);
INSERT INTO vsb_all_districts VALUE (492,'Huyện Đam Rông',44);
INSERT INTO vsb_all_wards VALUE (8019,'Xã Đạ Tông',492);
INSERT INTO vsb_all_wards VALUE (8020,'Xã Đạ Long',492);
INSERT INTO vsb_all_wards VALUE (8021,'Xã Đạ M'' Rong',492);
INSERT INTO vsb_all_wards VALUE (8022,'Xã Liêng Srônh',492);
INSERT INTO vsb_all_wards VALUE (8023,'Xã Đạ Rsal',492);
INSERT INTO vsb_all_wards VALUE (8024,'Xã Rô Men',492);
INSERT INTO vsb_all_wards VALUE (8025,'Xã Phi Liêng',492);
INSERT INTO vsb_all_wards VALUE (8026,'Xã Đạ K'' Nàng',492);
INSERT INTO vsb_all_districts VALUE (493,'Huyện Lạc Dương',44);
INSERT INTO vsb_all_wards VALUE (8027,'Thị trấn Lạc Dương',493);
INSERT INTO vsb_all_wards VALUE (8028,'Xã Đạ Chais',493);
INSERT INTO vsb_all_wards VALUE (8029,'Xã Đạ Nhim',493);
INSERT INTO vsb_all_wards VALUE (8030,'Xã Đưng KNớ',493);
INSERT INTO vsb_all_wards VALUE (8031,'Xã Lát',493);
INSERT INTO vsb_all_wards VALUE (8032,'Xã Đạ Sar',493);
INSERT INTO vsb_all_districts VALUE (494,'Huyện Lâm Hà',44);
INSERT INTO vsb_all_wards VALUE (8033,'Thị trấn Nam Ban',494);
INSERT INTO vsb_all_wards VALUE (8034,'Thị trấn Đinh Văn',494);
INSERT INTO vsb_all_wards VALUE (8035,'Xã Phú Sơn',494);
INSERT INTO vsb_all_wards VALUE (8036,'Xã Phi Tô',494);
INSERT INTO vsb_all_wards VALUE (8037,'Xã Mê Linh',494);
INSERT INTO vsb_all_wards VALUE (8038,'Xã Đạ Đờn',494);
INSERT INTO vsb_all_wards VALUE (8039,'Xã Phúc Thọ',494);
INSERT INTO vsb_all_wards VALUE (8040,'Xã Đông Thanh',494);
INSERT INTO vsb_all_wards VALUE (8041,'Xã Gia Lâm',494);
INSERT INTO vsb_all_wards VALUE (8042,'Xã Tân Thanh',494);
INSERT INTO vsb_all_wards VALUE (8043,'Xã Tân Văn',494);
INSERT INTO vsb_all_wards VALUE (8044,'Xã Hoài Đức',494);
INSERT INTO vsb_all_wards VALUE (8045,'Xã Tân Hà',494);
INSERT INTO vsb_all_wards VALUE (8046,'Xã Liên Hà',494);
INSERT INTO vsb_all_wards VALUE (8047,'Xã Đan Phượng',494);
INSERT INTO vsb_all_wards VALUE (8048,'Xã Nam Hà',494);
INSERT INTO vsb_all_districts VALUE (495,'Huyện Đơn Dương',44);
INSERT INTO vsb_all_wards VALUE (8049,'Thị trấn D''Ran',495);
INSERT INTO vsb_all_wards VALUE (8050,'Thị trấn Thạnh Mỹ',495);
INSERT INTO vsb_all_wards VALUE (8051,'Xã Lạc Xuân',495);
INSERT INTO vsb_all_wards VALUE (8052,'Xã Đạ Ròn',495);
INSERT INTO vsb_all_wards VALUE (8053,'Xã Lạc Lâm',495);
INSERT INTO vsb_all_wards VALUE (8054,'Xã Ka Đô',495);
INSERT INTO vsb_all_wards VALUE (8055,'Xã Quảng Lập',495);
INSERT INTO vsb_all_wards VALUE (8056,'Xã Ka Đơn',495);
INSERT INTO vsb_all_wards VALUE (8057,'Xã Tu Tra',495);
INSERT INTO vsb_all_wards VALUE (8058,'Xã Pró',495);
INSERT INTO vsb_all_districts VALUE (496,'Huyện Đức Trọng',44);
INSERT INTO vsb_all_wards VALUE (8059,'Thị trấn Liên Nghĩa',496);
INSERT INTO vsb_all_wards VALUE (8060,'Xã Hiệp An',496);
INSERT INTO vsb_all_wards VALUE (8061,'Xã Liên Hiệp',496);
INSERT INTO vsb_all_wards VALUE (8062,'Xã Hiệp Thạnh',496);
INSERT INTO vsb_all_wards VALUE (8063,'Xã Bình Thạnh',496);
INSERT INTO vsb_all_wards VALUE (8064,'Xã N''Thol Hạ',496);
INSERT INTO vsb_all_wards VALUE (8065,'Xã Tân Hội',496);
INSERT INTO vsb_all_wards VALUE (8066,'Xã Tân Thành',496);
INSERT INTO vsb_all_wards VALUE (8067,'Xã Phú Hội',496);
INSERT INTO vsb_all_wards VALUE (8068,'Xã Ninh Gia',496);
INSERT INTO vsb_all_wards VALUE (8069,'Xã Tà Năng',496);
INSERT INTO vsb_all_wards VALUE (8070,'Xã Đa Quyn',496);
INSERT INTO vsb_all_wards VALUE (8071,'Xã Tà Hine',496);
INSERT INTO vsb_all_wards VALUE (8072,'Xã Đà Loan',496);
INSERT INTO vsb_all_wards VALUE (8073,'Xã Ninh Loan',496);
INSERT INTO vsb_all_districts VALUE (497,'Huyện Di Linh',44);
INSERT INTO vsb_all_wards VALUE (8074,'Thị trấn Di Linh',497);
INSERT INTO vsb_all_wards VALUE (8075,'Xã Đinh Trang Thượng',497);
INSERT INTO vsb_all_wards VALUE (8076,'Xã Tân Thượng',497);
INSERT INTO vsb_all_wards VALUE (8077,'Xã Tân Lâm',497);
INSERT INTO vsb_all_wards VALUE (8078,'Xã Tân Châu',497);
INSERT INTO vsb_all_wards VALUE (8079,'Xã Tân Nghĩa',497);
INSERT INTO vsb_all_wards VALUE (8080,'Xã Gia Hiệp',497);
INSERT INTO vsb_all_wards VALUE (8081,'Xã Đinh Lạc',497);
INSERT INTO vsb_all_wards VALUE (8082,'Xã Tam Bố',497);
INSERT INTO vsb_all_wards VALUE (8083,'Xã Đinh Trang Hòa',497);
INSERT INTO vsb_all_wards VALUE (8084,'Xã Liên Đầm',497);
INSERT INTO vsb_all_wards VALUE (8085,'Xã Gung Ré',497);
INSERT INTO vsb_all_wards VALUE (8086,'Xã Bảo Thuận',497);
INSERT INTO vsb_all_wards VALUE (8087,'Xã Hòa Ninh',497);
INSERT INTO vsb_all_wards VALUE (8088,'Xã Hòa Trung',497);
INSERT INTO vsb_all_wards VALUE (8089,'Xã Hòa Nam',497);
INSERT INTO vsb_all_wards VALUE (8090,'Xã Hòa Bắc',497);
INSERT INTO vsb_all_wards VALUE (8091,'Xã Sơn Điền',497);
INSERT INTO vsb_all_wards VALUE (8092,'Xã Gia Bắc',497);
INSERT INTO vsb_all_districts VALUE (498,'Huyện Bảo Lâm',44);
INSERT INTO vsb_all_wards VALUE (8093,'Thị trấn Lộc Thắng',498);
INSERT INTO vsb_all_wards VALUE (8094,'Xã Lộc Bảo',498);
INSERT INTO vsb_all_wards VALUE (8095,'Xã Lộc Lâm',498);
INSERT INTO vsb_all_wards VALUE (8096,'Xã Lộc Phú',498);
INSERT INTO vsb_all_wards VALUE (8097,'Xã Lộc Bắc',498);
INSERT INTO vsb_all_wards VALUE (8098,'Xã B'' Lá',498);
INSERT INTO vsb_all_wards VALUE (8099,'Xã Lộc Ngãi',498);
INSERT INTO vsb_all_wards VALUE (8100,'Xã Lộc Quảng',498);
INSERT INTO vsb_all_wards VALUE (8101,'Xã Lộc Tân',498);
INSERT INTO vsb_all_wards VALUE (8102,'Xã Lộc Đức',498);
INSERT INTO vsb_all_wards VALUE (8103,'Xã Lộc An',498);
INSERT INTO vsb_all_wards VALUE (8104,'Xã Tân Lạc',498);
INSERT INTO vsb_all_wards VALUE (8105,'Xã Lộc Thành',498);
INSERT INTO vsb_all_wards VALUE (8106,'Xã Lộc Nam',498);
INSERT INTO vsb_all_districts VALUE (499,'Huyện Đạ Huoai',44);
INSERT INTO vsb_all_wards VALUE (8107,'Thị trấn Đạ M''ri',499);
INSERT INTO vsb_all_wards VALUE (8108,'Thị trấn Ma Đa Guôi',499);
INSERT INTO vsb_all_wards VALUE (8109,'Xã Hà Lâm',499);
INSERT INTO vsb_all_wards VALUE (8110,'Xã Đạ Tồn',499);
INSERT INTO vsb_all_wards VALUE (8111,'Xã Đạ Oai',499);
INSERT INTO vsb_all_wards VALUE (8112,'Xã Đạ Ploa',499);
INSERT INTO vsb_all_wards VALUE (8113,'Xã Ma Đa Guôi',499);
INSERT INTO vsb_all_wards VALUE (8114,'Xã Đoàn Kết',499);
INSERT INTO vsb_all_wards VALUE (8115,'Xã Phước Lộc',499);
INSERT INTO vsb_all_districts VALUE (500,'Huyện Đạ Tẻh',44);
INSERT INTO vsb_all_wards VALUE (8116,'Thị trấn Đạ Tẻh',500);
INSERT INTO vsb_all_wards VALUE (8117,'Xã An Nhơn',500);
INSERT INTO vsb_all_wards VALUE (8118,'Xã Quốc Oai',500);
INSERT INTO vsb_all_wards VALUE (8119,'Xã Mỹ Đức',500);
INSERT INTO vsb_all_wards VALUE (8120,'Xã Quảng Trị',500);
INSERT INTO vsb_all_wards VALUE (8121,'Xã Đạ Lây',500);
INSERT INTO vsb_all_wards VALUE (8122,'Xã Triệu Hải',500);
INSERT INTO vsb_all_wards VALUE (8123,'Xã Đạ Kho',500);
INSERT INTO vsb_all_wards VALUE (8124,'Xã Đạ Pal',500);
INSERT INTO vsb_all_districts VALUE (501,'Huyện Cát Tiên',44);
INSERT INTO vsb_all_wards VALUE (8125,'Thị trấn Cát Tiên',501);
INSERT INTO vsb_all_wards VALUE (8126,'Xã Tiên Hoàng',501);
INSERT INTO vsb_all_wards VALUE (8127,'Xã Phước Cát 2',501);
INSERT INTO vsb_all_wards VALUE (8128,'Xã Gia Viễn',501);
INSERT INTO vsb_all_wards VALUE (8129,'Xã Nam Ninh',501);
INSERT INTO vsb_all_wards VALUE (8130,'Thị trấn Phước Cát',501);
INSERT INTO vsb_all_wards VALUE (8131,'Xã Đức Phổ',501);
INSERT INTO vsb_all_wards VALUE (8132,'Xã Quảng Ngãi',501);
INSERT INTO vsb_all_wards VALUE (8133,'Xã Đồng Nai Thượng',501);
INSERT INTO vsb_all_provinces VALUE (45,'Tỉnh Bình Phước');
INSERT INTO vsb_all_districts VALUE (502,'Thị xã Phước Long',45);
INSERT INTO vsb_all_wards VALUE (8134,'Phường Thác Mơ',502);
INSERT INTO vsb_all_wards VALUE (8135,'Phường Long Thủy',502);
INSERT INTO vsb_all_wards VALUE (8136,'Phường Phước Bình',502);
INSERT INTO vsb_all_wards VALUE (8137,'Phường Long Phước',502);
INSERT INTO vsb_all_wards VALUE (8138,'Phường Sơn Giang',502);
INSERT INTO vsb_all_wards VALUE (8139,'Xã Long Giang',502);
INSERT INTO vsb_all_wards VALUE (8140,'Xã Phước Tín',502);
INSERT INTO vsb_all_districts VALUE (503,'Thành phố Đồng Xoài',45);
INSERT INTO vsb_all_wards VALUE (8141,'Phường Tân Phú',503);
INSERT INTO vsb_all_wards VALUE (8142,'Phường Tân Đồng',503);
INSERT INTO vsb_all_wards VALUE (8143,'Phường Tân Bình',503);
INSERT INTO vsb_all_wards VALUE (8144,'Phường Tân Xuân',503);
INSERT INTO vsb_all_wards VALUE (8145,'Phường Tân Thiện',503);
INSERT INTO vsb_all_wards VALUE (8146,'Xã Tân Thành',503);
INSERT INTO vsb_all_wards VALUE (8147,'Phường Tiến Thành',503);
INSERT INTO vsb_all_wards VALUE (8148,'Xã Tiến Hưng',503);
INSERT INTO vsb_all_districts VALUE (504,'Thị xã Bình Long',45);
INSERT INTO vsb_all_wards VALUE (8149,'Phường Hưng Chiến',504);
INSERT INTO vsb_all_wards VALUE (8150,'Phường An Lộc',504);
INSERT INTO vsb_all_wards VALUE (8151,'Phường Phú Thịnh',504);
INSERT INTO vsb_all_wards VALUE (8152,'Phường Phú Đức',504);
INSERT INTO vsb_all_wards VALUE (8153,'Xã Thanh Lương',504);
INSERT INTO vsb_all_wards VALUE (8154,'Xã Thanh Phú',504);
INSERT INTO vsb_all_districts VALUE (505,'Huyện Bù Gia Mập',45);
INSERT INTO vsb_all_wards VALUE (8155,'Xã Bù Gia Mập',505);
INSERT INTO vsb_all_wards VALUE (8156,'Xã Đak Ơ',505);
INSERT INTO vsb_all_wards VALUE (8157,'Xã Đức Hạnh',505);
INSERT INTO vsb_all_wards VALUE (8158,'Xã Phú Văn',505);
INSERT INTO vsb_all_wards VALUE (8159,'Xã Đa Kia',505);
INSERT INTO vsb_all_wards VALUE (8160,'Xã Phước Minh',505);
INSERT INTO vsb_all_wards VALUE (8161,'Xã Bình Thắng',505);
INSERT INTO vsb_all_wards VALUE (8162,'Xã Phú Nghĩa',505);
INSERT INTO vsb_all_districts VALUE (506,'Huyện Lộc Ninh',45);
INSERT INTO vsb_all_wards VALUE (8163,'Thị trấn Lộc Ninh',506);
INSERT INTO vsb_all_wards VALUE (8164,'Xã Lộc Hòa',506);
INSERT INTO vsb_all_wards VALUE (8165,'Xã Lộc An',506);
INSERT INTO vsb_all_wards VALUE (8166,'Xã Lộc Tấn',506);
INSERT INTO vsb_all_wards VALUE (8167,'Xã Lộc Thạnh',506);
INSERT INTO vsb_all_wards VALUE (8168,'Xã Lộc Hiệp',506);
INSERT INTO vsb_all_wards VALUE (8169,'Xã Lộc Thiện',506);
INSERT INTO vsb_all_wards VALUE (8170,'Xã Lộc Thuận',506);
INSERT INTO vsb_all_wards VALUE (8171,'Xã Lộc Quang',506);
INSERT INTO vsb_all_wards VALUE (8172,'Xã Lộc Phú',506);
INSERT INTO vsb_all_wards VALUE (8173,'Xã Lộc Thành',506);
INSERT INTO vsb_all_wards VALUE (8174,'Xã Lộc Thái',506);
INSERT INTO vsb_all_wards VALUE (8175,'Xã Lộc Điền',506);
INSERT INTO vsb_all_wards VALUE (8176,'Xã Lộc Hưng',506);
INSERT INTO vsb_all_wards VALUE (8177,'Xã Lộc Thịnh',506);
INSERT INTO vsb_all_wards VALUE (8178,'Xã Lộc Khánh',506);
INSERT INTO vsb_all_districts VALUE (507,'Huyện Bù Đốp',45);
INSERT INTO vsb_all_wards VALUE (8179,'Thị trấn Thanh Bình',507);
INSERT INTO vsb_all_wards VALUE (8180,'Xã Hưng Phước',507);
INSERT INTO vsb_all_wards VALUE (8181,'Xã Phước Thiện',507);
INSERT INTO vsb_all_wards VALUE (8182,'Xã Thiện Hưng',507);
INSERT INTO vsb_all_wards VALUE (8183,'Xã Thanh Hòa',507);
INSERT INTO vsb_all_wards VALUE (8184,'Xã Tân Thành',507);
INSERT INTO vsb_all_wards VALUE (8185,'Xã Tân Tiến',507);
INSERT INTO vsb_all_districts VALUE (508,'Huyện Hớn Quản',45);
INSERT INTO vsb_all_wards VALUE (8186,'Xã Thanh An',508);
INSERT INTO vsb_all_wards VALUE (8187,'Xã An Khương',508);
INSERT INTO vsb_all_wards VALUE (8188,'Xã An Phú',508);
INSERT INTO vsb_all_wards VALUE (8189,'Xã Tân Lợi',508);
INSERT INTO vsb_all_wards VALUE (8190,'Xã Tân Hưng',508);
INSERT INTO vsb_all_wards VALUE (8191,'Xã Minh Đức',508);
INSERT INTO vsb_all_wards VALUE (8192,'Xã Minh Tâm',508);
INSERT INTO vsb_all_wards VALUE (8193,'Xã Phước An',508);
INSERT INTO vsb_all_wards VALUE (8194,'Xã Thanh Bình',508);
INSERT INTO vsb_all_wards VALUE (8195,'Thị trấn Tân Khai',508);
INSERT INTO vsb_all_wards VALUE (8196,'Xã Đồng Nơ',508);
INSERT INTO vsb_all_wards VALUE (8197,'Xã Tân Hiệp',508);
INSERT INTO vsb_all_wards VALUE (8198,'Xã Tân Quan',508);
INSERT INTO vsb_all_districts VALUE (509,'Huyện Đồng Phú',45);
INSERT INTO vsb_all_wards VALUE (8199,'Thị trấn Tân Phú',509);
INSERT INTO vsb_all_wards VALUE (8200,'Xã Thuận Lợi',509);
INSERT INTO vsb_all_wards VALUE (8201,'Xã Đồng Tâm',509);
INSERT INTO vsb_all_wards VALUE (8202,'Xã Tân Phước',509);
INSERT INTO vsb_all_wards VALUE (8203,'Xã Tân Hưng',509);
INSERT INTO vsb_all_wards VALUE (8204,'Xã Tân Lợi',509);
INSERT INTO vsb_all_wards VALUE (8205,'Xã Tân Lập',509);
INSERT INTO vsb_all_wards VALUE (8206,'Xã Tân Hòa',509);
INSERT INTO vsb_all_wards VALUE (8207,'Xã Thuận Phú',509);
INSERT INTO vsb_all_wards VALUE (8208,'Xã Đồng Tiến',509);
INSERT INTO vsb_all_wards VALUE (8209,'Xã Tân Tiến',509);
INSERT INTO vsb_all_districts VALUE (510,'Huyện Bù Đăng',45);
INSERT INTO vsb_all_wards VALUE (8210,'Thị trấn Đức Phong',510);
INSERT INTO vsb_all_wards VALUE (8211,'Xã Đường 10',510);
INSERT INTO vsb_all_wards VALUE (8212,'Xã Đak Nhau',510);
INSERT INTO vsb_all_wards VALUE (8213,'Xã Phú Sơn',510);
INSERT INTO vsb_all_wards VALUE (8214,'Xã Thọ Sơn',510);
INSERT INTO vsb_all_wards VALUE (8215,'Xã Bình Minh',510);
INSERT INTO vsb_all_wards VALUE (8216,'Xã Bom Bo',510);
INSERT INTO vsb_all_wards VALUE (8217,'Xã Minh Hưng',510);
INSERT INTO vsb_all_wards VALUE (8218,'Xã Đoàn Kết',510);
INSERT INTO vsb_all_wards VALUE (8219,'Xã Đồng Nai',510);
INSERT INTO vsb_all_wards VALUE (8220,'Xã Đức Liễu',510);
INSERT INTO vsb_all_wards VALUE (8221,'Xã Thống Nhất',510);
INSERT INTO vsb_all_wards VALUE (8222,'Xã Nghĩa Trung',510);
INSERT INTO vsb_all_wards VALUE (8223,'Xã Nghĩa Bình',510);
INSERT INTO vsb_all_wards VALUE (8224,'Xã Đăng Hà',510);
INSERT INTO vsb_all_wards VALUE (8225,'Xã Phước Sơn',510);
INSERT INTO vsb_all_districts VALUE (511,'Thị xã Chơn Thành',45);
INSERT INTO vsb_all_wards VALUE (8226,'Phường Hưng Long',511);
INSERT INTO vsb_all_wards VALUE (8227,'Phường Thành Tâm',511);
INSERT INTO vsb_all_wards VALUE (8228,'Xã Minh Lập',511);
INSERT INTO vsb_all_wards VALUE (8229,'Xã Quang Minh',511);
INSERT INTO vsb_all_wards VALUE (8230,'Phường Minh Hưng',511);
INSERT INTO vsb_all_wards VALUE (8231,'Phường Minh Long',511);
INSERT INTO vsb_all_wards VALUE (8232,'Phường Minh Thành',511);
INSERT INTO vsb_all_wards VALUE (8233,'Xã Nha Bích',511);
INSERT INTO vsb_all_wards VALUE (8234,'Xã Minh Thắng',511);
INSERT INTO vsb_all_districts VALUE (512,'Huyện Phú Riềng',45);
INSERT INTO vsb_all_wards VALUE (8235,'Xã Long Bình',512);
INSERT INTO vsb_all_wards VALUE (8236,'Xã Bình Tân',512);
INSERT INTO vsb_all_wards VALUE (8237,'Xã Bình Sơn',512);
INSERT INTO vsb_all_wards VALUE (8238,'Xã Long Hưng',512);
INSERT INTO vsb_all_wards VALUE (8239,'Xã Phước Tân',512);
INSERT INTO vsb_all_wards VALUE (8240,'Xã Bù Nho',512);
INSERT INTO vsb_all_wards VALUE (8241,'Xã Long Hà',512);
INSERT INTO vsb_all_wards VALUE (8242,'Xã Long Tân',512);
INSERT INTO vsb_all_wards VALUE (8243,'Xã Phú Trung',512);
INSERT INTO vsb_all_wards VALUE (8244,'Xã Phú Riềng',512);
INSERT INTO vsb_all_provinces VALUE (46,'Tỉnh Tây Ninh');
INSERT INTO vsb_all_districts VALUE (513,'Thành phố Tây Ninh',46);
INSERT INTO vsb_all_wards VALUE (8245,'Phường 1',513);
INSERT INTO vsb_all_wards VALUE (8246,'Phường 3',513);
INSERT INTO vsb_all_wards VALUE (8247,'Phường 4',513);
INSERT INTO vsb_all_wards VALUE (8248,'Phường Hiệp Ninh',513);
INSERT INTO vsb_all_wards VALUE (8249,'Phường 2',513);
INSERT INTO vsb_all_wards VALUE (8250,'Xã Thạnh Tân',513);
INSERT INTO vsb_all_wards VALUE (8251,'Xã Tân Bình',513);
INSERT INTO vsb_all_wards VALUE (8252,'Xã Bình Minh',513);
INSERT INTO vsb_all_wards VALUE (8253,'Phường Ninh Sơn',513);
INSERT INTO vsb_all_wards VALUE (8254,'Phường Ninh Thạnh',513);
INSERT INTO vsb_all_districts VALUE (514,'Huyện Tân Biên',46);
INSERT INTO vsb_all_wards VALUE (8255,'Thị trấn Tân Biên',514);
INSERT INTO vsb_all_wards VALUE (8256,'Xã Tân Lập',514);
INSERT INTO vsb_all_wards VALUE (8257,'Xã Thạnh Bắc',514);
INSERT INTO vsb_all_wards VALUE (8258,'Xã Tân Bình',514);
INSERT INTO vsb_all_wards VALUE (8259,'Xã Thạnh Bình',514);
INSERT INTO vsb_all_wards VALUE (8260,'Xã Thạnh Tây',514);
INSERT INTO vsb_all_wards VALUE (8261,'Xã Hòa Hiệp',514);
INSERT INTO vsb_all_wards VALUE (8262,'Xã Tân Phong',514);
INSERT INTO vsb_all_wards VALUE (8263,'Xã Mỏ Công',514);
INSERT INTO vsb_all_wards VALUE (8264,'Xã Trà Vong',514);
INSERT INTO vsb_all_districts VALUE (515,'Huyện Tân Châu',46);
INSERT INTO vsb_all_wards VALUE (8265,'Thị trấn Tân Châu',515);
INSERT INTO vsb_all_wards VALUE (8266,'Xã Tân Hà',515);
INSERT INTO vsb_all_wards VALUE (8267,'Xã Tân Đông',515);
INSERT INTO vsb_all_wards VALUE (8268,'Xã Tân Hội',515);
INSERT INTO vsb_all_wards VALUE (8269,'Xã Tân Hòa',515);
INSERT INTO vsb_all_wards VALUE (8270,'Xã Suối Ngô',515);
INSERT INTO vsb_all_wards VALUE (8271,'Xã Suối Dây',515);
INSERT INTO vsb_all_wards VALUE (8272,'Xã Tân Hiệp',515);
INSERT INTO vsb_all_wards VALUE (8273,'Xã Thạnh Đông',515);
INSERT INTO vsb_all_wards VALUE (8274,'Xã Tân Thành',515);
INSERT INTO vsb_all_wards VALUE (8275,'Xã Tân Phú',515);
INSERT INTO vsb_all_wards VALUE (8276,'Xã Tân Hưng',515);
INSERT INTO vsb_all_districts VALUE (516,'Huyện Dương Minh Châu',46);
INSERT INTO vsb_all_wards VALUE (8277,'Thị trấn Dương Minh Châu',516);
INSERT INTO vsb_all_wards VALUE (8278,'Xã Suối Đá',516);
INSERT INTO vsb_all_wards VALUE (8279,'Xã Phan',516);
INSERT INTO vsb_all_wards VALUE (8280,'Xã Phước Ninh',516);
INSERT INTO vsb_all_wards VALUE (8281,'Xã Phước Minh',516);
INSERT INTO vsb_all_wards VALUE (8282,'Xã Bàu Năng',516);
INSERT INTO vsb_all_wards VALUE (8283,'Xã Chà Là',516);
INSERT INTO vsb_all_wards VALUE (8284,'Xã Cầu Khởi',516);
INSERT INTO vsb_all_wards VALUE (8285,'Xã Bến Củi',516);
INSERT INTO vsb_all_wards VALUE (8286,'Xã Lộc Ninh',516);
INSERT INTO vsb_all_wards VALUE (8287,'Xã Truông Mít',516);
INSERT INTO vsb_all_districts VALUE (517,'Huyện Châu Thành',46);
INSERT INTO vsb_all_wards VALUE (8288,'Thị trấn Châu Thành',517);
INSERT INTO vsb_all_wards VALUE (8289,'Xã Hảo Đước',517);
INSERT INTO vsb_all_wards VALUE (8290,'Xã Phước Vinh',517);
INSERT INTO vsb_all_wards VALUE (8291,'Xã Đồng Khởi',517);
INSERT INTO vsb_all_wards VALUE (8292,'Xã Thái Bình',517);
INSERT INTO vsb_all_wards VALUE (8293,'Xã An Cơ',517);
INSERT INTO vsb_all_wards VALUE (8294,'Xã Biên Giới',517);
INSERT INTO vsb_all_wards VALUE (8295,'Xã Hòa Thạnh',517);
INSERT INTO vsb_all_wards VALUE (8296,'Xã Trí Bình',517);
INSERT INTO vsb_all_wards VALUE (8297,'Xã Hòa Hội',517);
INSERT INTO vsb_all_wards VALUE (8298,'Xã An Bình',517);
INSERT INTO vsb_all_wards VALUE (8299,'Xã Thanh Điền',517);
INSERT INTO vsb_all_wards VALUE (8300,'Xã Thành Long',517);
INSERT INTO vsb_all_wards VALUE (8301,'Xã Ninh Điền',517);
INSERT INTO vsb_all_wards VALUE (8302,'Xã Long Vĩnh',517);
INSERT INTO vsb_all_districts VALUE (518,'Thị xã Hòa Thành',46);
INSERT INTO vsb_all_wards VALUE (8303,'Phường Long Hoa',518);
INSERT INTO vsb_all_wards VALUE (8304,'Phường Hiệp Tân',518);
INSERT INTO vsb_all_wards VALUE (8305,'Phường Long Thành Bắc',518);
INSERT INTO vsb_all_wards VALUE (8306,'Xã Trường Hòa',518);
INSERT INTO vsb_all_wards VALUE (8307,'Xã Trường Đông',518);
INSERT INTO vsb_all_wards VALUE (8308,'Phường Long Thành Trung',518);
INSERT INTO vsb_all_wards VALUE (8309,'Xã Trường Tây',518);
INSERT INTO vsb_all_wards VALUE (8310,'Xã Long Thành Nam',518);
INSERT INTO vsb_all_districts VALUE (519,'Huyện Gò Dầu',46);
INSERT INTO vsb_all_wards VALUE (8311,'Thị trấn Gò Dầu',519);
INSERT INTO vsb_all_wards VALUE (8312,'Xã Thạnh Đức',519);
INSERT INTO vsb_all_wards VALUE (8313,'Xã Cẩm Giang',519);
INSERT INTO vsb_all_wards VALUE (8314,'Xã Hiệp Thạnh',519);
INSERT INTO vsb_all_wards VALUE (8315,'Xã Bàu Đồn',519);
INSERT INTO vsb_all_wards VALUE (8316,'Xã Phước Thạnh',519);
INSERT INTO vsb_all_wards VALUE (8317,'Xã Phước Đông',519);
INSERT INTO vsb_all_wards VALUE (8318,'Xã Phước Trạch',519);
INSERT INTO vsb_all_wards VALUE (8319,'Xã Thanh Phước',519);
INSERT INTO vsb_all_districts VALUE (520,'Huyện Bến Cầu',46);
INSERT INTO vsb_all_wards VALUE (8320,'Thị trấn Bến Cầu',520);
INSERT INTO vsb_all_wards VALUE (8321,'Xã Long Chữ',520);
INSERT INTO vsb_all_wards VALUE (8322,'Xã Long Phước',520);
INSERT INTO vsb_all_wards VALUE (8323,'Xã Long Giang',520);
INSERT INTO vsb_all_wards VALUE (8324,'Xã Tiên Thuận',520);
INSERT INTO vsb_all_wards VALUE (8325,'Xã Long Khánh',520);
INSERT INTO vsb_all_wards VALUE (8326,'Xã Lợi Thuận',520);
INSERT INTO vsb_all_wards VALUE (8327,'Xã Long Thuận',520);
INSERT INTO vsb_all_wards VALUE (8328,'Xã An Thạnh',520);
INSERT INTO vsb_all_districts VALUE (521,'Thị xã Trảng Bàng',46);
INSERT INTO vsb_all_wards VALUE (8329,'Phường Trảng Bàng',521);
INSERT INTO vsb_all_wards VALUE (8330,'Xã Đôn Thuận',521);
INSERT INTO vsb_all_wards VALUE (8331,'Xã Hưng Thuận',521);
INSERT INTO vsb_all_wards VALUE (8332,'Phường Lộc Hưng',521);
INSERT INTO vsb_all_wards VALUE (8333,'Phường Gia Lộc',521);
INSERT INTO vsb_all_wards VALUE (8334,'Phường Gia Bình',521);
INSERT INTO vsb_all_wards VALUE (8335,'Xã Phước Bình',521);
INSERT INTO vsb_all_wards VALUE (8336,'Phường An Tịnh',521);
INSERT INTO vsb_all_wards VALUE (8337,'Phường An Hòa',521);
INSERT INTO vsb_all_wards VALUE (8338,'Xã Phước Chỉ',521);
INSERT INTO vsb_all_provinces VALUE (47,'Tỉnh Bình Dương');
INSERT INTO vsb_all_districts VALUE (522,'Thành phố Thủ Dầu Một',47);
INSERT INTO vsb_all_wards VALUE (8339,'Phường Hiệp Thành',522);
INSERT INTO vsb_all_wards VALUE (8340,'Phường Phú Lợi',522);
INSERT INTO vsb_all_wards VALUE (8341,'Phường Phú Cường',522);
INSERT INTO vsb_all_wards VALUE (8342,'Phường Phú Hòa',522);
INSERT INTO vsb_all_wards VALUE (8343,'Phường Phú Thọ',522);
INSERT INTO vsb_all_wards VALUE (8344,'Phường Chánh Nghĩa',522);
INSERT INTO vsb_all_wards VALUE (8345,'Phường Định Hoà',522);
INSERT INTO vsb_all_wards VALUE (8346,'Phường Hoà Phú',522);
INSERT INTO vsb_all_wards VALUE (8347,'Phường Phú Mỹ',522);
INSERT INTO vsb_all_wards VALUE (8348,'Phường Phú Tân',522);
INSERT INTO vsb_all_wards VALUE (8349,'Phường Tân An',522);
INSERT INTO vsb_all_wards VALUE (8350,'Phường Hiệp An',522);
INSERT INTO vsb_all_wards VALUE (8351,'Phường Tương Bình Hiệp',522);
INSERT INTO vsb_all_wards VALUE (8352,'Phường Chánh Mỹ',522);
INSERT INTO vsb_all_districts VALUE (523,'Huyện Bàu Bàng',47);
INSERT INTO vsb_all_wards VALUE (8353,'Xã Trừ Văn Thố',523);
INSERT INTO vsb_all_wards VALUE (8354,'Xã Cây Trường II',523);
INSERT INTO vsb_all_wards VALUE (8355,'Thị trấn Lai Uyên',523);
INSERT INTO vsb_all_wards VALUE (8356,'Xã Tân Hưng',523);
INSERT INTO vsb_all_wards VALUE (8357,'Xã Long Nguyên',523);
INSERT INTO vsb_all_wards VALUE (8358,'Xã Hưng Hòa',523);
INSERT INTO vsb_all_wards VALUE (8359,'Xã Lai Hưng',523);
INSERT INTO vsb_all_districts VALUE (524,'Huyện Dầu Tiếng',47);
INSERT INTO vsb_all_wards VALUE (8360,'Thị trấn Dầu Tiếng',524);
INSERT INTO vsb_all_wards VALUE (8361,'Xã Minh Hoà',524);
INSERT INTO vsb_all_wards VALUE (8362,'Xã Minh Thạnh',524);
INSERT INTO vsb_all_wards VALUE (8363,'Xã Minh Tân',524);
INSERT INTO vsb_all_wards VALUE (8364,'Xã Định An',524);
INSERT INTO vsb_all_wards VALUE (8365,'Xã Long Hoà',524);
INSERT INTO vsb_all_wards VALUE (8366,'Xã Định Thành',524);
INSERT INTO vsb_all_wards VALUE (8367,'Xã Định Hiệp',524);
INSERT INTO vsb_all_wards VALUE (8368,'Xã An Lập',524);
INSERT INTO vsb_all_wards VALUE (8369,'Xã Long Tân',524);
INSERT INTO vsb_all_wards VALUE (8370,'Xã Thanh An',524);
INSERT INTO vsb_all_wards VALUE (8371,'Xã Thanh Tuyền',524);
INSERT INTO vsb_all_districts VALUE (525,'Thị xã Bến Cát',47);
INSERT INTO vsb_all_wards VALUE (8372,'Phường Mỹ Phước',525);
INSERT INTO vsb_all_wards VALUE (8373,'Phường Chánh Phú Hòa',525);
INSERT INTO vsb_all_wards VALUE (8374,'Xã An Điền',525);
INSERT INTO vsb_all_wards VALUE (8375,'Xã An Tây',525);
INSERT INTO vsb_all_wards VALUE (8376,'Phường Thới Hòa',525);
INSERT INTO vsb_all_wards VALUE (8377,'Phường Hòa Lợi',525);
INSERT INTO vsb_all_wards VALUE (8378,'Phường Tân Định',525);
INSERT INTO vsb_all_wards VALUE (8379,'Xã Phú An',525);
INSERT INTO vsb_all_districts VALUE (526,'Huyện Phú Giáo',47);
INSERT INTO vsb_all_wards VALUE (8380,'Thị trấn Phước Vĩnh',526);
INSERT INTO vsb_all_wards VALUE (8381,'Xã An Linh',526);
INSERT INTO vsb_all_wards VALUE (8382,'Xã Phước Sang',526);
INSERT INTO vsb_all_wards VALUE (8383,'Xã An Thái',526);
INSERT INTO vsb_all_wards VALUE (8384,'Xã An Long',526);
INSERT INTO vsb_all_wards VALUE (8385,'Xã An Bình',526);
INSERT INTO vsb_all_wards VALUE (8386,'Xã Tân Hiệp',526);
INSERT INTO vsb_all_wards VALUE (8387,'Xã Tam Lập',526);
INSERT INTO vsb_all_wards VALUE (8388,'Xã Tân Long',526);
INSERT INTO vsb_all_wards VALUE (8389,'Xã Vĩnh Hoà',526);
INSERT INTO vsb_all_wards VALUE (8390,'Xã Phước Hoà',526);
INSERT INTO vsb_all_districts VALUE (527,'Thành phố Tân Uyên',47);
INSERT INTO vsb_all_wards VALUE (8391,'Phường Uyên Hưng',527);
INSERT INTO vsb_all_wards VALUE (8392,'Phường Tân Phước Khánh',527);
INSERT INTO vsb_all_wards VALUE (8393,'Phường Vĩnh Tân',527);
INSERT INTO vsb_all_wards VALUE (8394,'Phường Hội Nghĩa',527);
INSERT INTO vsb_all_wards VALUE (8395,'Phường Tân Hiệp',527);
INSERT INTO vsb_all_wards VALUE (8396,'Phường Khánh Bình',527);
INSERT INTO vsb_all_wards VALUE (8397,'Phường Phú Chánh',527);
INSERT INTO vsb_all_wards VALUE (8398,'Xã Bạch Đằng',527);
INSERT INTO vsb_all_wards VALUE (8399,'Phường Tân Vĩnh Hiệp',527);
INSERT INTO vsb_all_wards VALUE (8400,'Phường Thạnh Phước',527);
INSERT INTO vsb_all_wards VALUE (8401,'Xã Thạnh Hội',527);
INSERT INTO vsb_all_wards VALUE (8402,'Phường Thái Hòa',527);
INSERT INTO vsb_all_districts VALUE (528,'Thành phố Dĩ An',47);
INSERT INTO vsb_all_wards VALUE (8403,'Phường Dĩ An',528);
INSERT INTO vsb_all_wards VALUE (8404,'Phường Tân Bình',528);
INSERT INTO vsb_all_wards VALUE (8405,'Phường Tân Đông Hiệp',528);
INSERT INTO vsb_all_wards VALUE (8406,'Phường Bình An',528);
INSERT INTO vsb_all_wards VALUE (8407,'Phường Bình Thắng',528);
INSERT INTO vsb_all_wards VALUE (8408,'Phường Đông Hòa',528);
INSERT INTO vsb_all_wards VALUE (8409,'Phường An Bình',528);
INSERT INTO vsb_all_districts VALUE (529,'Thành phố Thuận An',47);
INSERT INTO vsb_all_wards VALUE (8410,'Phường An Thạnh',529);
INSERT INTO vsb_all_wards VALUE (8411,'Phường Lái Thiêu',529);
INSERT INTO vsb_all_wards VALUE (8412,'Phường Bình Chuẩn',529);
INSERT INTO vsb_all_wards VALUE (8413,'Phường Thuận Giao',529);
INSERT INTO vsb_all_wards VALUE (8414,'Phường An Phú',529);
INSERT INTO vsb_all_wards VALUE (8415,'Phường Hưng Định',529);
INSERT INTO vsb_all_wards VALUE (8416,'Xã An Sơn',529);
INSERT INTO vsb_all_wards VALUE (8417,'Phường Bình Nhâm',529);
INSERT INTO vsb_all_wards VALUE (8418,'Phường Bình Hòa',529);
INSERT INTO vsb_all_wards VALUE (8419,'Phường Vĩnh Phú',529);
INSERT INTO vsb_all_districts VALUE (530,'Huyện Bắc Tân Uyên',47);
INSERT INTO vsb_all_wards VALUE (8420,'Xã Tân Định',530);
INSERT INTO vsb_all_wards VALUE (8421,'Xã Bình Mỹ',530);
INSERT INTO vsb_all_wards VALUE (8422,'Thị trấn Tân Bình',530);
INSERT INTO vsb_all_wards VALUE (8423,'Xã Tân Lập',530);
INSERT INTO vsb_all_wards VALUE (8424,'Thị trấn Tân Thành',530);
INSERT INTO vsb_all_wards VALUE (8425,'Xã Đất Cuốc',530);
INSERT INTO vsb_all_wards VALUE (8426,'Xã Hiếu Liêm',530);
INSERT INTO vsb_all_wards VALUE (8427,'Xã Lạc An',530);
INSERT INTO vsb_all_wards VALUE (8428,'Xã Tân Mỹ',530);
INSERT INTO vsb_all_wards VALUE (8429,'Xã Thường Tân',530);
INSERT INTO vsb_all_provinces VALUE (48,'Tỉnh Đồng Nai');
INSERT INTO vsb_all_districts VALUE (531,'Thành phố Biên Hòa',48);
INSERT INTO vsb_all_wards VALUE (8430,'Phường Trảng Dài',531);
INSERT INTO vsb_all_wards VALUE (8431,'Phường Tân Phong',531);
INSERT INTO vsb_all_wards VALUE (8432,'Phường Tân Biên',531);
INSERT INTO vsb_all_wards VALUE (8433,'Phường Hố Nai',531);
INSERT INTO vsb_all_wards VALUE (8434,'Phường Tân Hòa',531);
INSERT INTO vsb_all_wards VALUE (8435,'Phường Tân Hiệp',531);
INSERT INTO vsb_all_wards VALUE (8436,'Phường Bửu Long',531);
INSERT INTO vsb_all_wards VALUE (8437,'Phường Tân Tiến',531);
INSERT INTO vsb_all_wards VALUE (8438,'Phường Tam Hiệp',531);
INSERT INTO vsb_all_wards VALUE (8439,'Phường Long Bình',531);
INSERT INTO vsb_all_wards VALUE (8440,'Phường Quang Vinh',531);
INSERT INTO vsb_all_wards VALUE (8441,'Phường Tân Mai',531);
INSERT INTO vsb_all_wards VALUE (8442,'Phường Thống Nhất',531);
INSERT INTO vsb_all_wards VALUE (8443,'Phường Trung Dũng',531);
INSERT INTO vsb_all_wards VALUE (8444,'Phường Tam Hòa',531);
INSERT INTO vsb_all_wards VALUE (8445,'Phường Hòa Bình',531);
INSERT INTO vsb_all_wards VALUE (8446,'Phường Quyết Thắng',531);
INSERT INTO vsb_all_wards VALUE (8447,'Phường Thanh Bình',531);
INSERT INTO vsb_all_wards VALUE (8448,'Phường Bình Đa',531);
INSERT INTO vsb_all_wards VALUE (8449,'Phường An Bình',531);
INSERT INTO vsb_all_wards VALUE (8450,'Phường Bửu Hòa',531);
INSERT INTO vsb_all_wards VALUE (8451,'Phường Long Bình Tân',531);
INSERT INTO vsb_all_wards VALUE (8452,'Phường Tân Vạn',531);
INSERT INTO vsb_all_wards VALUE (8453,'Phường Tân Hạnh',531);
INSERT INTO vsb_all_wards VALUE (8454,'Phường Hiệp Hòa',531);
INSERT INTO vsb_all_wards VALUE (8455,'Phường Hóa An',531);
INSERT INTO vsb_all_wards VALUE (8456,'Phường An Hòa',531);
INSERT INTO vsb_all_wards VALUE (8457,'Phường Tam Phước',531);
INSERT INTO vsb_all_wards VALUE (8458,'Phường Phước Tân',531);
INSERT INTO vsb_all_wards VALUE (8459,'Xã Long Hưng',531);
INSERT INTO vsb_all_districts VALUE (532,'Thành phố Long Khánh',48);
INSERT INTO vsb_all_wards VALUE (8460,'Phường Xuân Trung',532);
INSERT INTO vsb_all_wards VALUE (8461,'Phường Xuân Thanh',532);
INSERT INTO vsb_all_wards VALUE (8462,'Phường Xuân Bình',532);
INSERT INTO vsb_all_wards VALUE (8463,'Phường Xuân An',532);
INSERT INTO vsb_all_wards VALUE (8464,'Phường Xuân Hoà',532);
INSERT INTO vsb_all_wards VALUE (8465,'Phường Phú Bình',532);
INSERT INTO vsb_all_wards VALUE (8466,'Xã Bình Lộc',532);
INSERT INTO vsb_all_wards VALUE (8467,'Xã Bảo Quang',532);
INSERT INTO vsb_all_wards VALUE (8468,'Phường Suối Tre',532);
INSERT INTO vsb_all_wards VALUE (8469,'Phường Bảo Vinh',532);
INSERT INTO vsb_all_wards VALUE (8470,'Phường Xuân Lập',532);
INSERT INTO vsb_all_wards VALUE (8471,'Phường Bàu Sen',532);
INSERT INTO vsb_all_wards VALUE (8472,'Xã Bàu Trâm',532);
INSERT INTO vsb_all_wards VALUE (8473,'Phường Xuân Tân',532);
INSERT INTO vsb_all_wards VALUE (8474,'Xã Hàng Gòn',532);
INSERT INTO vsb_all_districts VALUE (533,'Huyện Tân Phú',48);
INSERT INTO vsb_all_wards VALUE (8475,'Thị trấn Tân Phú',533);
INSERT INTO vsb_all_wards VALUE (8476,'Xã Dak Lua',533);
INSERT INTO vsb_all_wards VALUE (8477,'Xã Nam Cát Tiên',533);
INSERT INTO vsb_all_wards VALUE (8478,'Xã Phú An',533);
INSERT INTO vsb_all_wards VALUE (8479,'Xã Núi Tượng',533);
INSERT INTO vsb_all_wards VALUE (8480,'Xã Tà Lài',533);
INSERT INTO vsb_all_wards VALUE (8481,'Xã Phú Lập',533);
INSERT INTO vsb_all_wards VALUE (8482,'Xã Phú Sơn',533);
INSERT INTO vsb_all_wards VALUE (8483,'Xã Phú Thịnh',533);
INSERT INTO vsb_all_wards VALUE (8484,'Xã Thanh Sơn',533);
INSERT INTO vsb_all_wards VALUE (8485,'Xã Phú Trung',533);
INSERT INTO vsb_all_wards VALUE (8486,'Xã Phú Xuân',533);
INSERT INTO vsb_all_wards VALUE (8487,'Xã Phú Lộc',533);
INSERT INTO vsb_all_wards VALUE (8488,'Xã Phú Lâm',533);
INSERT INTO vsb_all_wards VALUE (8489,'Xã Phú Bình',533);
INSERT INTO vsb_all_wards VALUE (8490,'Xã Phú Thanh',533);
INSERT INTO vsb_all_wards VALUE (8491,'Xã Trà Cổ',533);
INSERT INTO vsb_all_wards VALUE (8492,'Xã Phú Điền',533);
INSERT INTO vsb_all_districts VALUE (534,'Huyện Vĩnh Cửu',48);
INSERT INTO vsb_all_wards VALUE (8493,'Thị trấn Vĩnh An',534);
INSERT INTO vsb_all_wards VALUE (8494,'Xã Phú Lý',534);
INSERT INTO vsb_all_wards VALUE (8495,'Xã Trị An',534);
INSERT INTO vsb_all_wards VALUE (8496,'Xã Tân An',534);
INSERT INTO vsb_all_wards VALUE (8497,'Xã Vĩnh Tân',534);
INSERT INTO vsb_all_wards VALUE (8498,'Xã Bình Lợi',534);
INSERT INTO vsb_all_wards VALUE (8499,'Xã Thạnh Phú',534);
INSERT INTO vsb_all_wards VALUE (8500,'Xã Thiện Tân',534);
INSERT INTO vsb_all_wards VALUE (8501,'Xã Tân Bình',534);
INSERT INTO vsb_all_wards VALUE (8502,'Xã Bình Hòa',534);
INSERT INTO vsb_all_wards VALUE (8503,'Xã Mã Đà',534);
INSERT INTO vsb_all_wards VALUE (8504,'Xã Hiếu Liêm',534);
INSERT INTO vsb_all_districts VALUE (535,'Huyện Định Quán',48);
INSERT INTO vsb_all_wards VALUE (8505,'Thị trấn Định Quán',535);
INSERT INTO vsb_all_wards VALUE (8506,'Xã Thanh Sơn',535);
INSERT INTO vsb_all_wards VALUE (8507,'Xã Phú Tân',535);
INSERT INTO vsb_all_wards VALUE (8508,'Xã Phú Vinh',535);
INSERT INTO vsb_all_wards VALUE (8509,'Xã Phú Lợi',535);
INSERT INTO vsb_all_wards VALUE (8510,'Xã Phú Hòa',535);
INSERT INTO vsb_all_wards VALUE (8511,'Xã Ngọc Định',535);
INSERT INTO vsb_all_wards VALUE (8512,'Xã La Ngà',535);
INSERT INTO vsb_all_wards VALUE (8513,'Xã Gia Canh',535);
INSERT INTO vsb_all_wards VALUE (8514,'Xã Phú Ngọc',535);
INSERT INTO vsb_all_wards VALUE (8515,'Xã Phú Cường',535);
INSERT INTO vsb_all_wards VALUE (8516,'Xã Túc Trưng',535);
INSERT INTO vsb_all_wards VALUE (8517,'Xã Phú Túc',535);
INSERT INTO vsb_all_wards VALUE (8518,'Xã Suối Nho',535);
INSERT INTO vsb_all_districts VALUE (536,'Huyện Trảng Bom',48);
INSERT INTO vsb_all_wards VALUE (8519,'Thị trấn Trảng Bom',536);
INSERT INTO vsb_all_wards VALUE (8520,'Xã Thanh Bình',536);
INSERT INTO vsb_all_wards VALUE (8521,'Xã Cây Gáo',536);
INSERT INTO vsb_all_wards VALUE (8522,'Xã Bàu Hàm',536);
INSERT INTO vsb_all_wards VALUE (8523,'Xã Sông Thao',536);
INSERT INTO vsb_all_wards VALUE (8524,'Xã Sông Trầu',536);
INSERT INTO vsb_all_wards VALUE (8525,'Xã Đông Hoà',536);
INSERT INTO vsb_all_wards VALUE (8526,'Xã Bắc Sơn',536);
INSERT INTO vsb_all_wards VALUE (8527,'Xã Hố Nai 3',536);
INSERT INTO vsb_all_wards VALUE (8528,'Xã Tây Hoà',536);
INSERT INTO vsb_all_wards VALUE (8529,'Xã Bình Minh',536);
INSERT INTO vsb_all_wards VALUE (8530,'Xã Trung Hoà',536);
INSERT INTO vsb_all_wards VALUE (8531,'Xã Đồi 61',536);
INSERT INTO vsb_all_wards VALUE (8532,'Xã Hưng Thịnh',536);
INSERT INTO vsb_all_wards VALUE (8533,'Xã Quảng Tiến',536);
INSERT INTO vsb_all_wards VALUE (8534,'Xã Giang Điền',536);
INSERT INTO vsb_all_wards VALUE (8535,'Xã An Viễn',536);
INSERT INTO vsb_all_districts VALUE (537,'Huyện Thống Nhất',48);
INSERT INTO vsb_all_wards VALUE (8536,'Xã Gia Tân 1',537);
INSERT INTO vsb_all_wards VALUE (8537,'Xã Gia Tân 2',537);
INSERT INTO vsb_all_wards VALUE (8538,'Xã Gia Tân 3',537);
INSERT INTO vsb_all_wards VALUE (8539,'Xã Gia Kiệm',537);
INSERT INTO vsb_all_wards VALUE (8540,'Xã Quang Trung',537);
INSERT INTO vsb_all_wards VALUE (8541,'Xã Bàu Hàm 2',537);
INSERT INTO vsb_all_wards VALUE (8542,'Xã Hưng Lộc',537);
INSERT INTO vsb_all_wards VALUE (8543,'Xã Lộ 25',537);
INSERT INTO vsb_all_wards VALUE (8544,'Xã Xuân Thiện',537);
INSERT INTO vsb_all_wards VALUE (8545,'Thị trấn Dầu Giây',537);
INSERT INTO vsb_all_districts VALUE (538,'Huyện Cẩm Mỹ',48);
INSERT INTO vsb_all_wards VALUE (8546,'Xã Sông Nhạn',538);
INSERT INTO vsb_all_wards VALUE (8547,'Xã Xuân Quế',538);
INSERT INTO vsb_all_wards VALUE (8548,'Xã Nhân Nghĩa',538);
INSERT INTO vsb_all_wards VALUE (8549,'Xã Xuân Đường',538);
INSERT INTO vsb_all_wards VALUE (8550,'Thị trấn Long Giao',538);
INSERT INTO vsb_all_wards VALUE (8551,'Xã Xuân Mỹ',538);
INSERT INTO vsb_all_wards VALUE (8552,'Xã Thừa Đức',538);
INSERT INTO vsb_all_wards VALUE (8553,'Xã Bảo Bình',538);
INSERT INTO vsb_all_wards VALUE (8554,'Xã Xuân Bảo',538);
INSERT INTO vsb_all_wards VALUE (8555,'Xã Xuân Tây',538);
INSERT INTO vsb_all_wards VALUE (8556,'Xã Xuân Đông',538);
INSERT INTO vsb_all_wards VALUE (8557,'Xã Sông Ray',538);
INSERT INTO vsb_all_wards VALUE (8558,'Xã Lâm San',538);
INSERT INTO vsb_all_districts VALUE (539,'Huyện Long Thành',48);
INSERT INTO vsb_all_wards VALUE (8559,'Thị trấn Long Thành',539);
INSERT INTO vsb_all_wards VALUE (8560,'Xã An Phước',539);
INSERT INTO vsb_all_wards VALUE (8561,'Xã Bình An',539);
INSERT INTO vsb_all_wards VALUE (8562,'Xã Long Đức',539);
INSERT INTO vsb_all_wards VALUE (8563,'Xã Lộc An',539);
INSERT INTO vsb_all_wards VALUE (8564,'Xã Bình Sơn',539);
INSERT INTO vsb_all_wards VALUE (8565,'Xã Tam An',539);
INSERT INTO vsb_all_wards VALUE (8566,'Xã Cẩm Đường',539);
INSERT INTO vsb_all_wards VALUE (8567,'Xã Long An',539);
INSERT INTO vsb_all_wards VALUE (8568,'Xã Bàu Cạn',539);
INSERT INTO vsb_all_wards VALUE (8569,'Xã Long Phước',539);
INSERT INTO vsb_all_wards VALUE (8570,'Xã Phước Bình',539);
INSERT INTO vsb_all_wards VALUE (8571,'Xã Tân Hiệp',539);
INSERT INTO vsb_all_wards VALUE (8572,'Xã Phước Thái',539);
INSERT INTO vsb_all_districts VALUE (540,'Huyện Xuân Lộc',48);
INSERT INTO vsb_all_wards VALUE (8573,'Thị trấn Gia Ray',540);
INSERT INTO vsb_all_wards VALUE (8574,'Xã Xuân Bắc',540);
INSERT INTO vsb_all_wards VALUE (8575,'Xã Suối Cao',540);
INSERT INTO vsb_all_wards VALUE (8576,'Xã Xuân Thành',540);
INSERT INTO vsb_all_wards VALUE (8577,'Xã Xuân Thọ',540);
INSERT INTO vsb_all_wards VALUE (8578,'Xã Xuân Trường',540);
INSERT INTO vsb_all_wards VALUE (8579,'Xã Xuân Hòa',540);
INSERT INTO vsb_all_wards VALUE (8580,'Xã Xuân Hưng',540);
INSERT INTO vsb_all_wards VALUE (8581,'Xã Xuân Tâm',540);
INSERT INTO vsb_all_wards VALUE (8582,'Xã Suối Cát',540);
INSERT INTO vsb_all_wards VALUE (8583,'Xã Xuân Hiệp',540);
INSERT INTO vsb_all_wards VALUE (8584,'Xã Xuân Phú',540);
INSERT INTO vsb_all_wards VALUE (8585,'Xã Xuân Định',540);
INSERT INTO vsb_all_wards VALUE (8586,'Xã Bảo Hoà',540);
INSERT INTO vsb_all_wards VALUE (8587,'Xã Lang Minh',540);
INSERT INTO vsb_all_districts VALUE (541,'Huyện Nhơn Trạch',48);
INSERT INTO vsb_all_wards VALUE (8588,'Xã Phước Thiền',541);
INSERT INTO vsb_all_wards VALUE (8589,'Xã Long Tân',541);
INSERT INTO vsb_all_wards VALUE (8590,'Xã Đại Phước',541);
INSERT INTO vsb_all_wards VALUE (8591,'Thị trấn Hiệp Phước',541);
INSERT INTO vsb_all_wards VALUE (8592,'Xã Phú Hữu',541);
INSERT INTO vsb_all_wards VALUE (8593,'Xã Phú Hội',541);
INSERT INTO vsb_all_wards VALUE (8594,'Xã Phú Thạnh',541);
INSERT INTO vsb_all_wards VALUE (8595,'Xã Phú Đông',541);
INSERT INTO vsb_all_wards VALUE (8596,'Xã Long Thọ',541);
INSERT INTO vsb_all_wards VALUE (8597,'Xã Vĩnh Thanh',541);
INSERT INTO vsb_all_wards VALUE (8598,'Xã Phước Khánh',541);
INSERT INTO vsb_all_wards VALUE (8599,'Xã Phước An',541);
INSERT INTO vsb_all_provinces VALUE (49,'Tỉnh Bà Rịa - Vũng Tàu');
INSERT INTO vsb_all_districts VALUE (542,'Thành phố Vũng Tàu',49);
INSERT INTO vsb_all_wards VALUE (8600,'Phường 1',542);
INSERT INTO vsb_all_wards VALUE (8601,'Phường Thắng Tam',542);
INSERT INTO vsb_all_wards VALUE (8602,'Phường 2',542);
INSERT INTO vsb_all_wards VALUE (8603,'Phường 3',542);
INSERT INTO vsb_all_wards VALUE (8604,'Phường 4',542);
INSERT INTO vsb_all_wards VALUE (8605,'Phường 5',542);
INSERT INTO vsb_all_wards VALUE (8606,'Phường Thắng Nhì',542);
INSERT INTO vsb_all_wards VALUE (8607,'Phường 7',542);
INSERT INTO vsb_all_wards VALUE (8608,'Phường Nguyễn An Ninh',542);
INSERT INTO vsb_all_wards VALUE (8609,'Phường 8',542);
INSERT INTO vsb_all_wards VALUE (8610,'Phường 9',542);
INSERT INTO vsb_all_wards VALUE (8611,'Phường Thắng Nhất',542);
INSERT INTO vsb_all_wards VALUE (8612,'Phường Rạch Dừa',542);
INSERT INTO vsb_all_wards VALUE (8613,'Phường 10',542);
INSERT INTO vsb_all_wards VALUE (8614,'Phường 11',542);
INSERT INTO vsb_all_wards VALUE (8615,'Phường 12',542);
INSERT INTO vsb_all_wards VALUE (8616,'Xã Long Sơn',542);
INSERT INTO vsb_all_districts VALUE (543,'Thành phố Bà Rịa',49);
INSERT INTO vsb_all_wards VALUE (8617,'Phường Phước Hưng',543);
INSERT INTO vsb_all_wards VALUE (8618,'Phường Phước Hiệp',543);
INSERT INTO vsb_all_wards VALUE (8619,'Phường Phước Nguyên',543);
INSERT INTO vsb_all_wards VALUE (8620,'Phường Long Toàn',543);
INSERT INTO vsb_all_wards VALUE (8621,'Phường Long Tâm',543);
INSERT INTO vsb_all_wards VALUE (8622,'Phường Phước Trung',543);
INSERT INTO vsb_all_wards VALUE (8623,'Phường Long Hương',543);
INSERT INTO vsb_all_wards VALUE (8624,'Phường Kim Dinh',543);
INSERT INTO vsb_all_wards VALUE (8625,'Xã Tân Hưng',543);
INSERT INTO vsb_all_wards VALUE (8626,'Xã Long Phước',543);
INSERT INTO vsb_all_wards VALUE (8627,'Xã Hoà Long',543);
INSERT INTO vsb_all_districts VALUE (544,'Huyện Châu Đức',49);
INSERT INTO vsb_all_wards VALUE (8628,'Xã Bàu Chinh',544);
INSERT INTO vsb_all_wards VALUE (8629,'Thị trấn Ngãi Giao',544);
INSERT INTO vsb_all_wards VALUE (8630,'Xã Bình Ba',544);
INSERT INTO vsb_all_wards VALUE (8631,'Xã Suối Nghệ',544);
INSERT INTO vsb_all_wards VALUE (8632,'Xã Xuân Sơn',544);
INSERT INTO vsb_all_wards VALUE (8633,'Xã Sơn Bình',544);
INSERT INTO vsb_all_wards VALUE (8634,'Xã Bình Giã',544);
INSERT INTO vsb_all_wards VALUE (8635,'Xã Bình Trung',544);
INSERT INTO vsb_all_wards VALUE (8636,'Xã Xà Bang',544);
INSERT INTO vsb_all_wards VALUE (8637,'Xã Cù Bị',544);
INSERT INTO vsb_all_wards VALUE (8638,'Xã Láng Lớn',544);
INSERT INTO vsb_all_wards VALUE (8639,'Xã Quảng Thành',544);
INSERT INTO vsb_all_wards VALUE (8640,'Xã Kim Long',544);
INSERT INTO vsb_all_wards VALUE (8641,'Xã Suối Rao',544);
INSERT INTO vsb_all_wards VALUE (8642,'Xã Đá Bạc',544);
INSERT INTO vsb_all_wards VALUE (8643,'Xã Nghĩa Thành',544);
INSERT INTO vsb_all_districts VALUE (545,'Huyện Xuyên Mộc',49);
INSERT INTO vsb_all_wards VALUE (8644,'Thị trấn Phước Bửu',545);
INSERT INTO vsb_all_wards VALUE (8645,'Xã Phước Thuận',545);
INSERT INTO vsb_all_wards VALUE (8646,'Xã Phước Tân',545);
INSERT INTO vsb_all_wards VALUE (8647,'Xã Xuyên Mộc',545);
INSERT INTO vsb_all_wards VALUE (8648,'Xã Bông Trang',545);
INSERT INTO vsb_all_wards VALUE (8649,'Xã Tân Lâm',545);
INSERT INTO vsb_all_wards VALUE (8650,'Xã Bàu Lâm',545);
INSERT INTO vsb_all_wards VALUE (8651,'Xã Hòa Bình',545);
INSERT INTO vsb_all_wards VALUE (8652,'Xã Hòa Hưng',545);
INSERT INTO vsb_all_wards VALUE (8653,'Xã Hòa Hiệp',545);
INSERT INTO vsb_all_wards VALUE (8654,'Xã Hòa Hội',545);
INSERT INTO vsb_all_wards VALUE (8655,'Xã Bưng Riềng',545);
INSERT INTO vsb_all_wards VALUE (8656,'Xã Bình Châu',545);
INSERT INTO vsb_all_districts VALUE (546,'Huyện Long Điền',49);
INSERT INTO vsb_all_wards VALUE (8657,'Thị trấn Long Điền',546);
INSERT INTO vsb_all_wards VALUE (8658,'Thị trấn Long Hải',546);
INSERT INTO vsb_all_wards VALUE (8659,'Xã An Ngãi',546);
INSERT INTO vsb_all_wards VALUE (8660,'Xã Tam Phước',546);
INSERT INTO vsb_all_wards VALUE (8661,'Xã An Nhứt',546);
INSERT INTO vsb_all_wards VALUE (8662,'Xã Phước Tỉnh',546);
INSERT INTO vsb_all_wards VALUE (8663,'Xã Phước Hưng',546);
INSERT INTO vsb_all_districts VALUE (547,'Huyện Đất Đỏ',49);
INSERT INTO vsb_all_wards VALUE (8664,'Thị trấn Đất Đỏ',547);
INSERT INTO vsb_all_wards VALUE (8665,'Xã Phước Long Thọ',547);
INSERT INTO vsb_all_wards VALUE (8666,'Xã Phước Hội',547);
INSERT INTO vsb_all_wards VALUE (8667,'Xã Long Mỹ',547);
INSERT INTO vsb_all_wards VALUE (8668,'Thị trấn Phước Hải',547);
INSERT INTO vsb_all_wards VALUE (8669,'Xã Long Tân',547);
INSERT INTO vsb_all_wards VALUE (8670,'Xã Láng Dài',547);
INSERT INTO vsb_all_wards VALUE (8671,'Xã Lộc An',547);
INSERT INTO vsb_all_districts VALUE (548,'Thị xã Phú Mỹ',49);
INSERT INTO vsb_all_wards VALUE (8672,'Phường Phú Mỹ',548);
INSERT INTO vsb_all_wards VALUE (8673,'Xã Tân Hoà',548);
INSERT INTO vsb_all_wards VALUE (8674,'Xã Tân Hải',548);
INSERT INTO vsb_all_wards VALUE (8675,'Phường Phước Hoà',548);
INSERT INTO vsb_all_wards VALUE (8676,'Phường Tân Phước',548);
INSERT INTO vsb_all_wards VALUE (8677,'Phường Mỹ Xuân',548);
INSERT INTO vsb_all_wards VALUE (8678,'Xã Sông Xoài',548);
INSERT INTO vsb_all_wards VALUE (8679,'Phường Hắc Dịch',548);
INSERT INTO vsb_all_wards VALUE (8680,'Xã Châu Pha',548);
INSERT INTO vsb_all_wards VALUE (8681,'Xã Tóc Tiên',548);
INSERT INTO vsb_all_districts VALUE (549,'Huyện Côn Đảo',49);
INSERT INTO vsb_all_provinces VALUE (50,'Thành phố Hồ Chí Minh');
INSERT INTO vsb_all_districts VALUE (550,'Quận 1',50);
INSERT INTO vsb_all_wards VALUE (8682,'Phường Tân Định',550);
INSERT INTO vsb_all_wards VALUE (8683,'Phường Đa Kao',550);
INSERT INTO vsb_all_wards VALUE (8684,'Phường Bến Nghé',550);
INSERT INTO vsb_all_wards VALUE (8685,'Phường Bến Thành',550);
INSERT INTO vsb_all_wards VALUE (8686,'Phường Nguyễn Thái Bình',550);
INSERT INTO vsb_all_wards VALUE (8687,'Phường Phạm Ngũ Lão',550);
INSERT INTO vsb_all_wards VALUE (8688,'Phường Cầu Ông Lãnh',550);
INSERT INTO vsb_all_wards VALUE (8689,'Phường Cô Giang',550);
INSERT INTO vsb_all_wards VALUE (8690,'Phường Nguyễn Cư Trinh',550);
INSERT INTO vsb_all_wards VALUE (8691,'Phường Cầu Kho',550);
INSERT INTO vsb_all_districts VALUE (551,'Quận 12',50);
INSERT INTO vsb_all_wards VALUE (8692,'Phường Thạnh Xuân',551);
INSERT INTO vsb_all_wards VALUE (8693,'Phường Thạnh Lộc',551);
INSERT INTO vsb_all_wards VALUE (8694,'Phường Hiệp Thành',551);
INSERT INTO vsb_all_wards VALUE (8695,'Phường Thới An',551);
INSERT INTO vsb_all_wards VALUE (8696,'Phường Tân Chánh Hiệp',551);
INSERT INTO vsb_all_wards VALUE (8697,'Phường An Phú Đông',551);
INSERT INTO vsb_all_wards VALUE (8698,'Phường Tân Thới Hiệp',551);
INSERT INTO vsb_all_wards VALUE (8699,'Phường Trung Mỹ Tây',551);
INSERT INTO vsb_all_wards VALUE (8700,'Phường Tân Hưng Thuận',551);
INSERT INTO vsb_all_wards VALUE (8701,'Phường Đông Hưng Thuận',551);
INSERT INTO vsb_all_wards VALUE (8702,'Phường Tân Thới Nhất',551);
INSERT INTO vsb_all_districts VALUE (552,'Quận Gò Vấp',50);
INSERT INTO vsb_all_wards VALUE (8703,'Phường 15',552);
INSERT INTO vsb_all_wards VALUE (8704,'Phường 13',552);
INSERT INTO vsb_all_wards VALUE (8705,'Phường 17',552);
INSERT INTO vsb_all_wards VALUE (8706,'Phường 6',552);
INSERT INTO vsb_all_wards VALUE (8707,'Phường 16',552);
INSERT INTO vsb_all_wards VALUE (8708,'Phường 12',552);
INSERT INTO vsb_all_wards VALUE (8709,'Phường 14',552);
INSERT INTO vsb_all_wards VALUE (8710,'Phường 10',552);
INSERT INTO vsb_all_wards VALUE (8711,'Phường 05',552);
INSERT INTO vsb_all_wards VALUE (8712,'Phường 07',552);
INSERT INTO vsb_all_wards VALUE (8713,'Phường 04',552);
INSERT INTO vsb_all_wards VALUE (8714,'Phường 01',552);
INSERT INTO vsb_all_wards VALUE (8715,'Phường 9',552);
INSERT INTO vsb_all_wards VALUE (8716,'Phường 8',552);
INSERT INTO vsb_all_wards VALUE (8717,'Phường 11',552);
INSERT INTO vsb_all_wards VALUE (8718,'Phường 03',552);
INSERT INTO vsb_all_districts VALUE (553,'Quận Bình Thạnh',50);
INSERT INTO vsb_all_wards VALUE (8719,'Phường 13',553);
INSERT INTO vsb_all_wards VALUE (8720,'Phường 11',553);
INSERT INTO vsb_all_wards VALUE (8721,'Phường 27',553);
INSERT INTO vsb_all_wards VALUE (8722,'Phường 26',553);
INSERT INTO vsb_all_wards VALUE (8723,'Phường 12',553);
INSERT INTO vsb_all_wards VALUE (8724,'Phường 25',553);
INSERT INTO vsb_all_wards VALUE (8725,'Phường 05',553);
INSERT INTO vsb_all_wards VALUE (8726,'Phường 07',553);
INSERT INTO vsb_all_wards VALUE (8727,'Phường 24',553);
INSERT INTO vsb_all_wards VALUE (8728,'Phường 06',553);
INSERT INTO vsb_all_wards VALUE (8729,'Phường 14',553);
INSERT INTO vsb_all_wards VALUE (8730,'Phường 15',553);
INSERT INTO vsb_all_wards VALUE (8731,'Phường 02',553);
INSERT INTO vsb_all_wards VALUE (8732,'Phường 01',553);
INSERT INTO vsb_all_wards VALUE (8733,'Phường 03',553);
INSERT INTO vsb_all_wards VALUE (8734,'Phường 17',553);
INSERT INTO vsb_all_wards VALUE (8735,'Phường 21',553);
INSERT INTO vsb_all_wards VALUE (8736,'Phường 22',553);
INSERT INTO vsb_all_wards VALUE (8737,'Phường 19',553);
INSERT INTO vsb_all_wards VALUE (8738,'Phường 28',553);
INSERT INTO vsb_all_districts VALUE (554,'Quận Tân Bình',50);
INSERT INTO vsb_all_wards VALUE (8739,'Phường 02',554);
INSERT INTO vsb_all_wards VALUE (8740,'Phường 04',554);
INSERT INTO vsb_all_wards VALUE (8741,'Phường 12',554);
INSERT INTO vsb_all_wards VALUE (8742,'Phường 13',554);
INSERT INTO vsb_all_wards VALUE (8743,'Phường 01',554);
INSERT INTO vsb_all_wards VALUE (8744,'Phường 03',554);
INSERT INTO vsb_all_wards VALUE (8745,'Phường 11',554);
INSERT INTO vsb_all_wards VALUE (8746,'Phường 07',554);
INSERT INTO vsb_all_wards VALUE (8747,'Phường 05',554);
INSERT INTO vsb_all_wards VALUE (8748,'Phường 10',554);
INSERT INTO vsb_all_wards VALUE (8749,'Phường 06',554);
INSERT INTO vsb_all_wards VALUE (8750,'Phường 08',554);
INSERT INTO vsb_all_wards VALUE (8751,'Phường 09',554);
INSERT INTO vsb_all_wards VALUE (8752,'Phường 14',554);
INSERT INTO vsb_all_wards VALUE (8753,'Phường 15',554);
INSERT INTO vsb_all_districts VALUE (555,'Quận Tân Phú',50);
INSERT INTO vsb_all_wards VALUE (8754,'Phường Tân Sơn Nhì',555);
INSERT INTO vsb_all_wards VALUE (8755,'Phường Tây Thạnh',555);
INSERT INTO vsb_all_wards VALUE (8756,'Phường Sơn Kỳ',555);
INSERT INTO vsb_all_wards VALUE (8757,'Phường Tân Quý',555);
INSERT INTO vsb_all_wards VALUE (8758,'Phường Tân Thành',555);
INSERT INTO vsb_all_wards VALUE (8759,'Phường Phú Thọ Hòa',555);
INSERT INTO vsb_all_wards VALUE (8760,'Phường Phú Thạnh',555);
INSERT INTO vsb_all_wards VALUE (8761,'Phường Phú Trung',555);
INSERT INTO vsb_all_wards VALUE (8762,'Phường Hòa Thạnh',555);
INSERT INTO vsb_all_wards VALUE (8763,'Phường Hiệp Tân',555);
INSERT INTO vsb_all_wards VALUE (8764,'Phường Tân Thới Hòa',555);
INSERT INTO vsb_all_districts VALUE (556,'Quận Phú Nhuận',50);
INSERT INTO vsb_all_wards VALUE (8765,'Phường 04',556);
INSERT INTO vsb_all_wards VALUE (8766,'Phường 05',556);
INSERT INTO vsb_all_wards VALUE (8767,'Phường 09',556);
INSERT INTO vsb_all_wards VALUE (8768,'Phường 07',556);
INSERT INTO vsb_all_wards VALUE (8769,'Phường 03',556);
INSERT INTO vsb_all_wards VALUE (8770,'Phường 01',556);
INSERT INTO vsb_all_wards VALUE (8771,'Phường 02',556);
INSERT INTO vsb_all_wards VALUE (8772,'Phường 08',556);
INSERT INTO vsb_all_wards VALUE (8773,'Phường 15',556);
INSERT INTO vsb_all_wards VALUE (8774,'Phường 10',556);
INSERT INTO vsb_all_wards VALUE (8775,'Phường 11',556);
INSERT INTO vsb_all_wards VALUE (8776,'Phường 17',556);
INSERT INTO vsb_all_wards VALUE (8777,'Phường 13',556);
INSERT INTO vsb_all_districts VALUE (557,'Thành phố Thủ Đức',50);
INSERT INTO vsb_all_wards VALUE (8778,'Phường Linh Xuân',557);
INSERT INTO vsb_all_wards VALUE (8779,'Phường Bình Chiểu',557);
INSERT INTO vsb_all_wards VALUE (8780,'Phường Linh Trung',557);
INSERT INTO vsb_all_wards VALUE (8781,'Phường Tam Bình',557);
INSERT INTO vsb_all_wards VALUE (8782,'Phường Tam Phú',557);
INSERT INTO vsb_all_wards VALUE (8783,'Phường Hiệp Bình Phước',557);
INSERT INTO vsb_all_wards VALUE (8784,'Phường Hiệp Bình Chánh',557);
INSERT INTO vsb_all_wards VALUE (8785,'Phường Linh Chiểu',557);
INSERT INTO vsb_all_wards VALUE (8786,'Phường Linh Tây',557);
INSERT INTO vsb_all_wards VALUE (8787,'Phường Linh Đông',557);
INSERT INTO vsb_all_wards VALUE (8788,'Phường Bình Thọ',557);
INSERT INTO vsb_all_wards VALUE (8789,'Phường Trường Thọ',557);
INSERT INTO vsb_all_wards VALUE (8790,'Phường Long Bình',557);
INSERT INTO vsb_all_wards VALUE (8791,'Phường Long Thạnh Mỹ',557);
INSERT INTO vsb_all_wards VALUE (8792,'Phường Tân Phú',557);
INSERT INTO vsb_all_wards VALUE (8793,'Phường Hiệp Phú',557);
INSERT INTO vsb_all_wards VALUE (8794,'Phường Tăng Nhơn Phú A',557);
INSERT INTO vsb_all_wards VALUE (8795,'Phường Tăng Nhơn Phú B',557);
INSERT INTO vsb_all_wards VALUE (8796,'Phường Phước Long B',557);
INSERT INTO vsb_all_wards VALUE (8797,'Phường Phước Long A',557);
INSERT INTO vsb_all_wards VALUE (8798,'Phường Trường Thạnh',557);
INSERT INTO vsb_all_wards VALUE (8799,'Phường Long Phước',557);
INSERT INTO vsb_all_wards VALUE (8800,'Phường Long Trường',557);
INSERT INTO vsb_all_wards VALUE (8801,'Phường Phước Bình',557);
INSERT INTO vsb_all_wards VALUE (8802,'Phường Phú Hữu',557);
INSERT INTO vsb_all_wards VALUE (8803,'Phường Thảo Điền',557);
INSERT INTO vsb_all_wards VALUE (8804,'Phường An Phú',557);
INSERT INTO vsb_all_wards VALUE (8805,'Phường An Khánh',557);
INSERT INTO vsb_all_wards VALUE (8806,'Phường Bình Trưng Đông',557);
INSERT INTO vsb_all_wards VALUE (8807,'Phường Bình Trưng Tây',557);
INSERT INTO vsb_all_wards VALUE (8808,'Phường Cát Lái',557);
INSERT INTO vsb_all_wards VALUE (8809,'Phường Thạnh Mỹ Lợi',557);
INSERT INTO vsb_all_wards VALUE (8810,'Phường An Lợi Đông',557);
INSERT INTO vsb_all_wards VALUE (8811,'Phường Thủ Thiêm',557);
INSERT INTO vsb_all_districts VALUE (558,'Quận 3',50);
INSERT INTO vsb_all_wards VALUE (8812,'Phường 14',558);
INSERT INTO vsb_all_wards VALUE (8813,'Phường 12',558);
INSERT INTO vsb_all_wards VALUE (8814,'Phường 11',558);
INSERT INTO vsb_all_wards VALUE (8815,'Phường 13',558);
INSERT INTO vsb_all_wards VALUE (8816,'Phường Võ Thị Sáu',558);
INSERT INTO vsb_all_wards VALUE (8817,'Phường 09',558);
INSERT INTO vsb_all_wards VALUE (8818,'Phường 10',558);
INSERT INTO vsb_all_wards VALUE (8819,'Phường 04',558);
INSERT INTO vsb_all_wards VALUE (8820,'Phường 05',558);
INSERT INTO vsb_all_wards VALUE (8821,'Phường 03',558);
INSERT INTO vsb_all_wards VALUE (8822,'Phường 02',558);
INSERT INTO vsb_all_wards VALUE (8823,'Phường 01',558);
INSERT INTO vsb_all_districts VALUE (559,'Quận 10',50);
INSERT INTO vsb_all_wards VALUE (8824,'Phường 15',559);
INSERT INTO vsb_all_wards VALUE (8825,'Phường 13',559);
INSERT INTO vsb_all_wards VALUE (8826,'Phường 14',559);
INSERT INTO vsb_all_wards VALUE (8827,'Phường 12',559);
INSERT INTO vsb_all_wards VALUE (8828,'Phường 11',559);
INSERT INTO vsb_all_wards VALUE (8829,'Phường 10',559);
INSERT INTO vsb_all_wards VALUE (8830,'Phường 09',559);
INSERT INTO vsb_all_wards VALUE (8831,'Phường 01',559);
INSERT INTO vsb_all_wards VALUE (8832,'Phường 08',559);
INSERT INTO vsb_all_wards VALUE (8833,'Phường 02',559);
INSERT INTO vsb_all_wards VALUE (8834,'Phường 04',559);
INSERT INTO vsb_all_wards VALUE (8835,'Phường 07',559);
INSERT INTO vsb_all_wards VALUE (8836,'Phường 05',559);
INSERT INTO vsb_all_wards VALUE (8837,'Phường 06',559);
INSERT INTO vsb_all_districts VALUE (560,'Quận 11',50);
INSERT INTO vsb_all_wards VALUE (8838,'Phường 15',560);
INSERT INTO vsb_all_wards VALUE (8839,'Phường 05',560);
INSERT INTO vsb_all_wards VALUE (8840,'Phường 14',560);
INSERT INTO vsb_all_wards VALUE (8841,'Phường 11',560);
INSERT INTO vsb_all_wards VALUE (8842,'Phường 03',560);
INSERT INTO vsb_all_wards VALUE (8843,'Phường 10',560);
INSERT INTO vsb_all_wards VALUE (8844,'Phường 13',560);
INSERT INTO vsb_all_wards VALUE (8845,'Phường 08',560);
INSERT INTO vsb_all_wards VALUE (8846,'Phường 09',560);
INSERT INTO vsb_all_wards VALUE (8847,'Phường 12',560);
INSERT INTO vsb_all_wards VALUE (8848,'Phường 07',560);
INSERT INTO vsb_all_wards VALUE (8849,'Phường 06',560);
INSERT INTO vsb_all_wards VALUE (8850,'Phường 04',560);
INSERT INTO vsb_all_wards VALUE (8851,'Phường 01',560);
INSERT INTO vsb_all_wards VALUE (8852,'Phường 02',560);
INSERT INTO vsb_all_wards VALUE (8853,'Phường 16',560);
INSERT INTO vsb_all_districts VALUE (561,'Quận 4',50);
INSERT INTO vsb_all_wards VALUE (8854,'Phường 13',561);
INSERT INTO vsb_all_wards VALUE (8855,'Phường 09',561);
INSERT INTO vsb_all_wards VALUE (8856,'Phường 06',561);
INSERT INTO vsb_all_wards VALUE (8857,'Phường 08',561);
INSERT INTO vsb_all_wards VALUE (8858,'Phường 10',561);
INSERT INTO vsb_all_wards VALUE (8859,'Phường 18',561);
INSERT INTO vsb_all_wards VALUE (8860,'Phường 14',561);
INSERT INTO vsb_all_wards VALUE (8861,'Phường 04',561);
INSERT INTO vsb_all_wards VALUE (8862,'Phường 03',561);
INSERT INTO vsb_all_wards VALUE (8863,'Phường 16',561);
INSERT INTO vsb_all_wards VALUE (8864,'Phường 02',561);
INSERT INTO vsb_all_wards VALUE (8865,'Phường 15',561);
INSERT INTO vsb_all_wards VALUE (8866,'Phường 01',561);
INSERT INTO vsb_all_districts VALUE (562,'Quận 5',50);
INSERT INTO vsb_all_wards VALUE (8867,'Phường 04',562);
INSERT INTO vsb_all_wards VALUE (8868,'Phường 09',562);
INSERT INTO vsb_all_wards VALUE (8869,'Phường 03',562);
INSERT INTO vsb_all_wards VALUE (8870,'Phường 12',562);
INSERT INTO vsb_all_wards VALUE (8871,'Phường 02',562);
INSERT INTO vsb_all_wards VALUE (8872,'Phường 08',562);
INSERT INTO vsb_all_wards VALUE (8873,'Phường 07',562);
INSERT INTO vsb_all_wards VALUE (8874,'Phường 01',562);
INSERT INTO vsb_all_wards VALUE (8875,'Phường 11',562);
INSERT INTO vsb_all_wards VALUE (8876,'Phường 14',562);
INSERT INTO vsb_all_wards VALUE (8877,'Phường 05',562);
INSERT INTO vsb_all_wards VALUE (8878,'Phường 06',562);
INSERT INTO vsb_all_wards VALUE (8879,'Phường 10',562);
INSERT INTO vsb_all_wards VALUE (8880,'Phường 13',562);
INSERT INTO vsb_all_districts VALUE (563,'Quận 6',50);
INSERT INTO vsb_all_wards VALUE (8881,'Phường 14',563);
INSERT INTO vsb_all_wards VALUE (8882,'Phường 13',563);
INSERT INTO vsb_all_wards VALUE (8883,'Phường 09',563);
INSERT INTO vsb_all_wards VALUE (8884,'Phường 06',563);
INSERT INTO vsb_all_wards VALUE (8885,'Phường 12',563);
INSERT INTO vsb_all_wards VALUE (8886,'Phường 05',563);
INSERT INTO vsb_all_wards VALUE (8887,'Phường 11',563);
INSERT INTO vsb_all_wards VALUE (8888,'Phường 02',563);
INSERT INTO vsb_all_wards VALUE (8889,'Phường 01',563);
INSERT INTO vsb_all_wards VALUE (8890,'Phường 04',563);
INSERT INTO vsb_all_wards VALUE (8891,'Phường 08',563);
INSERT INTO vsb_all_wards VALUE (8892,'Phường 03',563);
INSERT INTO vsb_all_wards VALUE (8893,'Phường 07',563);
INSERT INTO vsb_all_wards VALUE (8894,'Phường 10',563);
INSERT INTO vsb_all_districts VALUE (564,'Quận 8',50);
INSERT INTO vsb_all_wards VALUE (8895,'Phường 08',564);
INSERT INTO vsb_all_wards VALUE (8896,'Phường 02',564);
INSERT INTO vsb_all_wards VALUE (8897,'Phường 01',564);
INSERT INTO vsb_all_wards VALUE (8898,'Phường 03',564);
INSERT INTO vsb_all_wards VALUE (8899,'Phường 11',564);
INSERT INTO vsb_all_wards VALUE (8900,'Phường 09',564);
INSERT INTO vsb_all_wards VALUE (8901,'Phường 10',564);
INSERT INTO vsb_all_wards VALUE (8902,'Phường 04',564);
INSERT INTO vsb_all_wards VALUE (8903,'Phường 13',564);
INSERT INTO vsb_all_wards VALUE (8904,'Phường 12',564);
INSERT INTO vsb_all_wards VALUE (8905,'Phường 05',564);
INSERT INTO vsb_all_wards VALUE (8906,'Phường 14',564);
INSERT INTO vsb_all_wards VALUE (8907,'Phường 06',564);
INSERT INTO vsb_all_wards VALUE (8908,'Phường 15',564);
INSERT INTO vsb_all_wards VALUE (8909,'Phường 16',564);
INSERT INTO vsb_all_wards VALUE (8910,'Phường 07',564);
INSERT INTO vsb_all_districts VALUE (565,'Quận Bình Tân',50);
INSERT INTO vsb_all_wards VALUE (8911,'Phường Bình Hưng Hòa',565);
INSERT INTO vsb_all_wards VALUE (8912,'Phường Bình Hưng Hoà A',565);
INSERT INTO vsb_all_wards VALUE (8913,'Phường Bình Hưng Hoà B',565);
INSERT INTO vsb_all_wards VALUE (8914,'Phường Bình Trị Đông',565);
INSERT INTO vsb_all_wards VALUE (8915,'Phường Bình Trị Đông A',565);
INSERT INTO vsb_all_wards VALUE (8916,'Phường Bình Trị Đông B',565);
INSERT INTO vsb_all_wards VALUE (8917,'Phường Tân Tạo',565);
INSERT INTO vsb_all_wards VALUE (8918,'Phường Tân Tạo A',565);
INSERT INTO vsb_all_wards VALUE (8919,'Phường An Lạc',565);
INSERT INTO vsb_all_wards VALUE (8920,'Phường An Lạc A',565);
INSERT INTO vsb_all_districts VALUE (566,'Quận 7',50);
INSERT INTO vsb_all_wards VALUE (8921,'Phường Tân Thuận Đông',566);
INSERT INTO vsb_all_wards VALUE (8922,'Phường Tân Thuận Tây',566);
INSERT INTO vsb_all_wards VALUE (8923,'Phường Tân Kiểng',566);
INSERT INTO vsb_all_wards VALUE (8924,'Phường Tân Hưng',566);
INSERT INTO vsb_all_wards VALUE (8925,'Phường Bình Thuận',566);
INSERT INTO vsb_all_wards VALUE (8926,'Phường Tân Quy',566);
INSERT INTO vsb_all_wards VALUE (8927,'Phường Phú Thuận',566);
INSERT INTO vsb_all_wards VALUE (8928,'Phường Tân Phú',566);
INSERT INTO vsb_all_wards VALUE (8929,'Phường Tân Phong',566);
INSERT INTO vsb_all_wards VALUE (8930,'Phường Phú Mỹ',566);
INSERT INTO vsb_all_districts VALUE (567,'Huyện Củ Chi',50);
INSERT INTO vsb_all_wards VALUE (8931,'Thị trấn Củ Chi',567);
INSERT INTO vsb_all_wards VALUE (8932,'Xã Phú Mỹ Hưng',567);
INSERT INTO vsb_all_wards VALUE (8933,'Xã An Phú',567);
INSERT INTO vsb_all_wards VALUE (8934,'Xã Trung Lập Thượng',567);
INSERT INTO vsb_all_wards VALUE (8935,'Xã An Nhơn Tây',567);
INSERT INTO vsb_all_wards VALUE (8936,'Xã Nhuận Đức',567);
INSERT INTO vsb_all_wards VALUE (8937,'Xã Phạm Văn Cội',567);
INSERT INTO vsb_all_wards VALUE (8938,'Xã Phú Hòa Đông',567);
INSERT INTO vsb_all_wards VALUE (8939,'Xã Trung Lập Hạ',567);
INSERT INTO vsb_all_wards VALUE (8940,'Xã Trung An',567);
INSERT INTO vsb_all_wards VALUE (8941,'Xã Phước Thạnh',567);
INSERT INTO vsb_all_wards VALUE (8942,'Xã Phước Hiệp',567);
INSERT INTO vsb_all_wards VALUE (8943,'Xã Tân An Hội',567);
INSERT INTO vsb_all_wards VALUE (8944,'Xã Phước Vĩnh An',567);
INSERT INTO vsb_all_wards VALUE (8945,'Xã Thái Mỹ',567);
INSERT INTO vsb_all_wards VALUE (8946,'Xã Tân Thạnh Tây',567);
INSERT INTO vsb_all_wards VALUE (8947,'Xã Hòa Phú',567);
INSERT INTO vsb_all_wards VALUE (8948,'Xã Tân Thạnh Đông',567);
INSERT INTO vsb_all_wards VALUE (8949,'Xã Bình Mỹ',567);
INSERT INTO vsb_all_wards VALUE (8950,'Xã Tân Phú Trung',567);
INSERT INTO vsb_all_wards VALUE (8951,'Xã Tân Thông Hội',567);
INSERT INTO vsb_all_districts VALUE (568,'Huyện Hóc Môn',50);
INSERT INTO vsb_all_wards VALUE (8952,'Thị trấn Hóc Môn',568);
INSERT INTO vsb_all_wards VALUE (8953,'Xã Tân Hiệp',568);
INSERT INTO vsb_all_wards VALUE (8954,'Xã Nhị Bình',568);
INSERT INTO vsb_all_wards VALUE (8955,'Xã Đông Thạnh',568);
INSERT INTO vsb_all_wards VALUE (8956,'Xã Tân Thới Nhì',568);
INSERT INTO vsb_all_wards VALUE (8957,'Xã Thới Tam Thôn',568);
INSERT INTO vsb_all_wards VALUE (8958,'Xã Xuân Thới Sơn',568);
INSERT INTO vsb_all_wards VALUE (8959,'Xã Tân Xuân',568);
INSERT INTO vsb_all_wards VALUE (8960,'Xã Xuân Thới Đông',568);
INSERT INTO vsb_all_wards VALUE (8961,'Xã Trung Chánh',568);
INSERT INTO vsb_all_wards VALUE (8962,'Xã Xuân Thới Thượng',568);
INSERT INTO vsb_all_wards VALUE (8963,'Xã Bà Điểm',568);
INSERT INTO vsb_all_districts VALUE (569,'Huyện Bình Chánh',50);
INSERT INTO vsb_all_wards VALUE (8964,'Thị trấn Tân Túc',569);
INSERT INTO vsb_all_wards VALUE (8965,'Xã Phạm Văn Hai',569);
INSERT INTO vsb_all_wards VALUE (8966,'Xã Vĩnh Lộc A',569);
INSERT INTO vsb_all_wards VALUE (8967,'Xã Vĩnh Lộc B',569);
INSERT INTO vsb_all_wards VALUE (8968,'Xã Bình Lợi',569);
INSERT INTO vsb_all_wards VALUE (8969,'Xã Lê Minh Xuân',569);
INSERT INTO vsb_all_wards VALUE (8970,'Xã Tân Nhựt',569);
INSERT INTO vsb_all_wards VALUE (8971,'Xã Tân Kiên',569);
INSERT INTO vsb_all_wards VALUE (8972,'Xã Bình Hưng',569);
INSERT INTO vsb_all_wards VALUE (8973,'Xã Phong Phú',569);
INSERT INTO vsb_all_wards VALUE (8974,'Xã An Phú Tây',569);
INSERT INTO vsb_all_wards VALUE (8975,'Xã Hưng Long',569);
INSERT INTO vsb_all_wards VALUE (8976,'Xã Đa Phước',569);
INSERT INTO vsb_all_wards VALUE (8977,'Xã Tân Quý Tây',569);
INSERT INTO vsb_all_wards VALUE (8978,'Xã Bình Chánh',569);
INSERT INTO vsb_all_wards VALUE (8979,'Xã Quy Đức',569);
INSERT INTO vsb_all_districts VALUE (570,'Huyện Nhà Bè',50);
INSERT INTO vsb_all_wards VALUE (8980,'Thị trấn Nhà Bè',570);
INSERT INTO vsb_all_wards VALUE (8981,'Xã Phước Kiển',570);
INSERT INTO vsb_all_wards VALUE (8982,'Xã Phước Lộc',570);
INSERT INTO vsb_all_wards VALUE (8983,'Xã Nhơn Đức',570);
INSERT INTO vsb_all_wards VALUE (8984,'Xã Phú Xuân',570);
INSERT INTO vsb_all_wards VALUE (8985,'Xã Long Thới',570);
INSERT INTO vsb_all_wards VALUE (8986,'Xã Hiệp Phước',570);
INSERT INTO vsb_all_districts VALUE (571,'Huyện Cần Giờ',50);
INSERT INTO vsb_all_wards VALUE (8987,'Thị trấn Cần Thạnh',571);
INSERT INTO vsb_all_wards VALUE (8988,'Xã Bình Khánh',571);
INSERT INTO vsb_all_wards VALUE (8989,'Xã Tam Thôn Hiệp',571);
INSERT INTO vsb_all_wards VALUE (8990,'Xã An Thới Đông',571);
INSERT INTO vsb_all_wards VALUE (8991,'Xã Thạnh An',571);
INSERT INTO vsb_all_wards VALUE (8992,'Xã Long Hòa',571);
INSERT INTO vsb_all_wards VALUE (8993,'Xã Lý Nhơn',571);
INSERT INTO vsb_all_provinces VALUE (51,'Tỉnh Long An');
INSERT INTO vsb_all_districts VALUE (572,'Thành phố Tân An',51);
INSERT INTO vsb_all_wards VALUE (8994,'Phường 5',572);
INSERT INTO vsb_all_wards VALUE (8995,'Phường 2',572);
INSERT INTO vsb_all_wards VALUE (8996,'Phường 4',572);
INSERT INTO vsb_all_wards VALUE (8997,'Phường Tân Khánh',572);
INSERT INTO vsb_all_wards VALUE (8998,'Phường 1',572);
INSERT INTO vsb_all_wards VALUE (8999,'Phường 3',572);
INSERT INTO vsb_all_wards VALUE (9000,'Phường 7',572);
INSERT INTO vsb_all_wards VALUE (9001,'Phường 6',572);
INSERT INTO vsb_all_wards VALUE (9002,'Xã Hướng Thọ Phú',572);
INSERT INTO vsb_all_wards VALUE (9003,'Xã Nhơn Thạnh Trung',572);
INSERT INTO vsb_all_wards VALUE (9004,'Xã Lợi Bình Nhơn',572);
INSERT INTO vsb_all_wards VALUE (9005,'Xã Bình Tâm',572);
INSERT INTO vsb_all_wards VALUE (9006,'Phường Khánh Hậu',572);
INSERT INTO vsb_all_wards VALUE (9007,'Xã An Vĩnh Ngãi',572);
INSERT INTO vsb_all_districts VALUE (573,'Thị xã Kiến Tường',51);
INSERT INTO vsb_all_wards VALUE (9008,'Phường 1',573);
INSERT INTO vsb_all_wards VALUE (9009,'Phường 2',573);
INSERT INTO vsb_all_wards VALUE (9010,'Xã Thạnh Trị',573);
INSERT INTO vsb_all_wards VALUE (9011,'Xã Bình Hiệp',573);
INSERT INTO vsb_all_wards VALUE (9012,'Xã Bình Tân',573);
INSERT INTO vsb_all_wards VALUE (9013,'Xã Tuyên Thạnh',573);
INSERT INTO vsb_all_wards VALUE (9014,'Phường 3',573);
INSERT INTO vsb_all_wards VALUE (9015,'Xã Thạnh Hưng',573);
INSERT INTO vsb_all_districts VALUE (574,'Huyện Tân Hưng',51);
INSERT INTO vsb_all_wards VALUE (9016,'Thị trấn Tân Hưng',574);
INSERT INTO vsb_all_wards VALUE (9017,'Xã Hưng Hà',574);
INSERT INTO vsb_all_wards VALUE (9018,'Xã Hưng Điền B',574);
INSERT INTO vsb_all_wards VALUE (9019,'Xã Hưng Điền',574);
INSERT INTO vsb_all_wards VALUE (9020,'Xã Thạnh Hưng',574);
INSERT INTO vsb_all_wards VALUE (9021,'Xã Hưng Thạnh',574);
INSERT INTO vsb_all_wards VALUE (9022,'Xã Vĩnh Thạnh',574);
INSERT INTO vsb_all_wards VALUE (9023,'Xã Vĩnh Châu B',574);
INSERT INTO vsb_all_wards VALUE (9024,'Xã Vĩnh Lợi',574);
INSERT INTO vsb_all_wards VALUE (9025,'Xã Vĩnh Đại',574);
INSERT INTO vsb_all_wards VALUE (9026,'Xã Vĩnh Châu A',574);
INSERT INTO vsb_all_wards VALUE (9027,'Xã Vĩnh Bửu',574);
INSERT INTO vsb_all_districts VALUE (575,'Huyện Vĩnh Hưng',51);
INSERT INTO vsb_all_wards VALUE (9028,'Thị trấn Vĩnh Hưng',575);
INSERT INTO vsb_all_wards VALUE (9029,'Xã Hưng Điền A',575);
INSERT INTO vsb_all_wards VALUE (9030,'Xã Khánh Hưng',575);
INSERT INTO vsb_all_wards VALUE (9031,'Xã Thái Trị',575);
INSERT INTO vsb_all_wards VALUE (9032,'Xã Vĩnh Trị',575);
INSERT INTO vsb_all_wards VALUE (9033,'Xã Thái Bình Trung',575);
INSERT INTO vsb_all_wards VALUE (9034,'Xã Vĩnh Bình',575);
INSERT INTO vsb_all_wards VALUE (9035,'Xã Vĩnh Thuận',575);
INSERT INTO vsb_all_wards VALUE (9036,'Xã Tuyên Bình',575);
INSERT INTO vsb_all_wards VALUE (9037,'Xã Tuyên Bình Tây',575);
INSERT INTO vsb_all_districts VALUE (576,'Huyện Mộc Hóa',51);
INSERT INTO vsb_all_wards VALUE (9038,'Xã Bình Hòa Tây',576);
INSERT INTO vsb_all_wards VALUE (9039,'Xã Bình Thạnh',576);
INSERT INTO vsb_all_wards VALUE (9040,'Xã Bình Hòa Trung',576);
INSERT INTO vsb_all_wards VALUE (9041,'Xã Bình Hòa Đông',576);
INSERT INTO vsb_all_wards VALUE (9042,'Thị trấn Bình Phong Thạnh',576);
INSERT INTO vsb_all_wards VALUE (9043,'Xã Tân Lập',576);
INSERT INTO vsb_all_wards VALUE (9044,'Xã Tân Thành',576);
INSERT INTO vsb_all_districts VALUE (577,'Huyện Tân Thạnh',51);
INSERT INTO vsb_all_wards VALUE (9045,'Thị trấn Tân Thạnh',577);
INSERT INTO vsb_all_wards VALUE (9046,'Xã Bắc Hòa',577);
INSERT INTO vsb_all_wards VALUE (9047,'Xã Hậu Thạnh Tây',577);
INSERT INTO vsb_all_wards VALUE (9048,'Xã Nhơn Hòa Lập',577);
INSERT INTO vsb_all_wards VALUE (9049,'Xã Tân Lập',577);
INSERT INTO vsb_all_wards VALUE (9050,'Xã Hậu Thạnh Đông',577);
INSERT INTO vsb_all_wards VALUE (9051,'Xã Nhơn Hoà',577);
INSERT INTO vsb_all_wards VALUE (9052,'Xã Kiến Bình',577);
INSERT INTO vsb_all_wards VALUE (9053,'Xã Tân Thành',577);
INSERT INTO vsb_all_wards VALUE (9054,'Xã Tân Bình',577);
INSERT INTO vsb_all_wards VALUE (9055,'Xã Tân Ninh',577);
INSERT INTO vsb_all_wards VALUE (9056,'Xã Nhơn Ninh',577);
INSERT INTO vsb_all_wards VALUE (9057,'Xã Tân Hòa',577);
INSERT INTO vsb_all_districts VALUE (578,'Huyện Thạnh Hóa',51);
INSERT INTO vsb_all_wards VALUE (9058,'Thị trấn Thạnh Hóa',578);
INSERT INTO vsb_all_wards VALUE (9059,'Xã Tân Hiệp',578);
INSERT INTO vsb_all_wards VALUE (9060,'Xã Thuận Bình',578);
INSERT INTO vsb_all_wards VALUE (9061,'Xã Thạnh Phước',578);
INSERT INTO vsb_all_wards VALUE (9062,'Xã Thạnh Phú',578);
INSERT INTO vsb_all_wards VALUE (9063,'Xã Thuận Nghĩa Hòa',578);
INSERT INTO vsb_all_wards VALUE (9064,'Xã Thủy Đông',578);
INSERT INTO vsb_all_wards VALUE (9065,'Xã Thủy Tây',578);
INSERT INTO vsb_all_wards VALUE (9066,'Xã Tân Tây',578);
INSERT INTO vsb_all_wards VALUE (9067,'Xã Tân Đông',578);
INSERT INTO vsb_all_wards VALUE (9068,'Xã Thạnh An',578);
INSERT INTO vsb_all_districts VALUE (579,'Huyện Đức Huệ',51);
INSERT INTO vsb_all_wards VALUE (9069,'Thị trấn Đông Thành',579);
INSERT INTO vsb_all_wards VALUE (9070,'Xã Mỹ Quý Đông',579);
INSERT INTO vsb_all_wards VALUE (9071,'Xã Mỹ Thạnh Bắc',579);
INSERT INTO vsb_all_wards VALUE (9072,'Xã Mỹ Quý Tây',579);
INSERT INTO vsb_all_wards VALUE (9073,'Xã Mỹ Thạnh Tây',579);
INSERT INTO vsb_all_wards VALUE (9074,'Xã Mỹ Thạnh Đông',579);
INSERT INTO vsb_all_wards VALUE (9075,'Xã Bình Thành',579);
INSERT INTO vsb_all_wards VALUE (9076,'Xã Bình Hòa Bắc',579);
INSERT INTO vsb_all_wards VALUE (9077,'Xã Bình Hòa Hưng',579);
INSERT INTO vsb_all_wards VALUE (9078,'Xã Bình Hòa Nam',579);
INSERT INTO vsb_all_wards VALUE (9079,'Xã Mỹ Bình',579);
INSERT INTO vsb_all_districts VALUE (580,'Huyện Đức Hòa',51);
INSERT INTO vsb_all_wards VALUE (9080,'Thị trấn Hậu Nghĩa',580);
INSERT INTO vsb_all_wards VALUE (9081,'Thị trấn Hiệp Hòa',580);
INSERT INTO vsb_all_wards VALUE (9082,'Thị trấn Đức Hòa',580);
INSERT INTO vsb_all_wards VALUE (9083,'Xã Lộc Giang',580);
INSERT INTO vsb_all_wards VALUE (9084,'Xã An Ninh Đông',580);
INSERT INTO vsb_all_wards VALUE (9085,'Xã An Ninh Tây',580);
INSERT INTO vsb_all_wards VALUE (9086,'Xã Tân Mỹ',580);
INSERT INTO vsb_all_wards VALUE (9087,'Xã Hiệp Hòa',580);
INSERT INTO vsb_all_wards VALUE (9088,'Xã Đức Lập Thượng',580);
INSERT INTO vsb_all_wards VALUE (9089,'Xã Đức Lập Hạ',580);
INSERT INTO vsb_all_wards VALUE (9090,'Xã Tân Phú',580);
INSERT INTO vsb_all_wards VALUE (9091,'Xã Mỹ Hạnh Bắc',580);
INSERT INTO vsb_all_wards VALUE (9092,'Xã Đức Hòa Thượng',580);
INSERT INTO vsb_all_wards VALUE (9093,'Xã Hòa Khánh Tây',580);
INSERT INTO vsb_all_wards VALUE (9094,'Xã Hòa Khánh Đông',580);
INSERT INTO vsb_all_wards VALUE (9095,'Xã Mỹ Hạnh Nam',580);
INSERT INTO vsb_all_wards VALUE (9096,'Xã Hòa Khánh Nam',580);
INSERT INTO vsb_all_wards VALUE (9097,'Xã Đức Hòa Đông',580);
INSERT INTO vsb_all_wards VALUE (9098,'Xã Đức Hòa Hạ',580);
INSERT INTO vsb_all_wards VALUE (9099,'Xã Hựu Thạnh',580);
INSERT INTO vsb_all_districts VALUE (581,'Huyện Bến Lức',51);
INSERT INTO vsb_all_wards VALUE (9100,'Thị trấn Bến Lức',581);
INSERT INTO vsb_all_wards VALUE (9101,'Xã Thạnh Lợi',581);
INSERT INTO vsb_all_wards VALUE (9102,'Xã Lương Bình',581);
INSERT INTO vsb_all_wards VALUE (9103,'Xã Thạnh Hòa',581);
INSERT INTO vsb_all_wards VALUE (9104,'Xã Lương Hòa',581);
INSERT INTO vsb_all_wards VALUE (9105,'Xã Tân Hòa',581);
INSERT INTO vsb_all_wards VALUE (9106,'Xã Tân Bửu',581);
INSERT INTO vsb_all_wards VALUE (9107,'Xã An Thạnh',581);
INSERT INTO vsb_all_wards VALUE (9108,'Xã Bình Đức',581);
INSERT INTO vsb_all_wards VALUE (9109,'Xã Mỹ Yên',581);
INSERT INTO vsb_all_wards VALUE (9110,'Xã Thanh Phú',581);
INSERT INTO vsb_all_wards VALUE (9111,'Xã Long Hiệp',581);
INSERT INTO vsb_all_wards VALUE (9112,'Xã Thạnh Đức',581);
INSERT INTO vsb_all_wards VALUE (9113,'Xã Phước Lợi',581);
INSERT INTO vsb_all_wards VALUE (9114,'Xã Nhựt Chánh',581);
INSERT INTO vsb_all_districts VALUE (582,'Huyện Thủ Thừa',51);
INSERT INTO vsb_all_wards VALUE (9115,'Thị trấn Thủ Thừa',582);
INSERT INTO vsb_all_wards VALUE (9116,'Xã Long Thạnh',582);
INSERT INTO vsb_all_wards VALUE (9117,'Xã Tân Thành',582);
INSERT INTO vsb_all_wards VALUE (9118,'Xã Long Thuận',582);
INSERT INTO vsb_all_wards VALUE (9119,'Xã Mỹ Lạc',582);
INSERT INTO vsb_all_wards VALUE (9120,'Xã Mỹ Thạnh',582);
INSERT INTO vsb_all_wards VALUE (9121,'Xã Bình An',582);
INSERT INTO vsb_all_wards VALUE (9122,'Xã Nhị Thành',582);
INSERT INTO vsb_all_wards VALUE (9123,'Xã Mỹ An',582);
INSERT INTO vsb_all_wards VALUE (9124,'Xã Bình Thạnh',582);
INSERT INTO vsb_all_wards VALUE (9125,'Xã Mỹ Phú',582);
INSERT INTO vsb_all_wards VALUE (9126,'Xã Tân Long',582);
INSERT INTO vsb_all_districts VALUE (583,'Huyện Tân Trụ',51);
INSERT INTO vsb_all_wards VALUE (9127,'Thị trấn Tân Trụ',583);
INSERT INTO vsb_all_wards VALUE (9128,'Xã Tân Bình',583);
INSERT INTO vsb_all_wards VALUE (9129,'Xã Quê Mỹ Thạnh',583);
INSERT INTO vsb_all_wards VALUE (9130,'Xã Lạc Tấn',583);
INSERT INTO vsb_all_wards VALUE (9131,'Xã Bình Trinh Đông',583);
INSERT INTO vsb_all_wards VALUE (9132,'Xã Tân Phước Tây',583);
INSERT INTO vsb_all_wards VALUE (9133,'Xã Bình Lãng',583);
INSERT INTO vsb_all_wards VALUE (9134,'Xã Bình Tịnh',583);
INSERT INTO vsb_all_wards VALUE (9135,'Xã Đức Tân',583);
INSERT INTO vsb_all_wards VALUE (9136,'Xã Nhựt Ninh',583);
INSERT INTO vsb_all_districts VALUE (584,'Huyện Cần Đước',51);
INSERT INTO vsb_all_wards VALUE (9137,'Thị trấn Cần Đước',584);
INSERT INTO vsb_all_wards VALUE (9138,'Xã Long Trạch',584);
INSERT INTO vsb_all_wards VALUE (9139,'Xã Long Khê',584);
INSERT INTO vsb_all_wards VALUE (9140,'Xã Long Định',584);
INSERT INTO vsb_all_wards VALUE (9141,'Xã Phước Vân',584);
INSERT INTO vsb_all_wards VALUE (9142,'Xã Long Hòa',584);
INSERT INTO vsb_all_wards VALUE (9143,'Xã Long Cang',584);
INSERT INTO vsb_all_wards VALUE (9144,'Xã Long Sơn',584);
INSERT INTO vsb_all_wards VALUE (9145,'Xã Tân Trạch',584);
INSERT INTO vsb_all_wards VALUE (9146,'Xã Mỹ Lệ',584);
INSERT INTO vsb_all_wards VALUE (9147,'Xã Tân Lân',584);
INSERT INTO vsb_all_wards VALUE (9148,'Xã Phước Tuy',584);
INSERT INTO vsb_all_wards VALUE (9149,'Xã Long Hựu Đông',584);
INSERT INTO vsb_all_wards VALUE (9150,'Xã Tân Ân',584);
INSERT INTO vsb_all_wards VALUE (9151,'Xã Phước Đông',584);
INSERT INTO vsb_all_wards VALUE (9152,'Xã Long Hựu Tây',584);
INSERT INTO vsb_all_wards VALUE (9153,'Xã Tân Chánh',584);
INSERT INTO vsb_all_districts VALUE (585,'Huyện Cần Giuộc',51);
INSERT INTO vsb_all_wards VALUE (9154,'Thị trấn Cần Giuộc',585);
INSERT INTO vsb_all_wards VALUE (9155,'Xã Phước Lý',585);
INSERT INTO vsb_all_wards VALUE (9156,'Xã Long Thượng',585);
INSERT INTO vsb_all_wards VALUE (9157,'Xã Long Hậu',585);
INSERT INTO vsb_all_wards VALUE (9158,'Xã Phước Hậu',585);
INSERT INTO vsb_all_wards VALUE (9159,'Xã Mỹ Lộc',585);
INSERT INTO vsb_all_wards VALUE (9160,'Xã Phước Lại',585);
INSERT INTO vsb_all_wards VALUE (9161,'Xã Phước Lâm',585);
INSERT INTO vsb_all_wards VALUE (9162,'Xã Thuận Thành',585);
INSERT INTO vsb_all_wards VALUE (9163,'Xã Phước Vĩnh Tây',585);
INSERT INTO vsb_all_wards VALUE (9164,'Xã Phước Vĩnh Đông',585);
INSERT INTO vsb_all_wards VALUE (9165,'Xã Long An',585);
INSERT INTO vsb_all_wards VALUE (9166,'Xã Long Phụng',585);
INSERT INTO vsb_all_wards VALUE (9167,'Xã Đông Thạnh',585);
INSERT INTO vsb_all_wards VALUE (9168,'Xã Tân Tập',585);
INSERT INTO vsb_all_districts VALUE (586,'Huyện Châu Thành',51);
INSERT INTO vsb_all_wards VALUE (9169,'Thị trấn Tầm Vu',586);
INSERT INTO vsb_all_wards VALUE (9170,'Xã Bình Quới',586);
INSERT INTO vsb_all_wards VALUE (9171,'Xã Hòa Phú',586);
INSERT INTO vsb_all_wards VALUE (9172,'Xã Phú Ngãi Trị',586);
INSERT INTO vsb_all_wards VALUE (9173,'Xã Vĩnh Công',586);
INSERT INTO vsb_all_wards VALUE (9174,'Xã Thuận Mỹ',586);
INSERT INTO vsb_all_wards VALUE (9175,'Xã Hiệp Thạnh',586);
INSERT INTO vsb_all_wards VALUE (9176,'Xã Phước Tân Hưng',586);
INSERT INTO vsb_all_wards VALUE (9177,'Xã Thanh Phú Long',586);
INSERT INTO vsb_all_wards VALUE (9178,'Xã Dương Xuân Hội',586);
INSERT INTO vsb_all_wards VALUE (9179,'Xã An Lục Long',586);
INSERT INTO vsb_all_wards VALUE (9180,'Xã Long Trì',586);
INSERT INTO vsb_all_wards VALUE (9181,'Xã Thanh Vĩnh Đông',586);
INSERT INTO vsb_all_provinces VALUE (52,'Tỉnh Tiền Giang');
INSERT INTO vsb_all_districts VALUE (587,'Thành phố Mỹ Tho',52);
INSERT INTO vsb_all_wards VALUE (9182,'Phường 5',587);
INSERT INTO vsb_all_wards VALUE (9183,'Phường 4',587);
INSERT INTO vsb_all_wards VALUE (9184,'Phường 7',587);
INSERT INTO vsb_all_wards VALUE (9185,'Phường 3',587);
INSERT INTO vsb_all_wards VALUE (9186,'Phường 1',587);
INSERT INTO vsb_all_wards VALUE (9187,'Phường 2',587);
INSERT INTO vsb_all_wards VALUE (9188,'Phường 8',587);
INSERT INTO vsb_all_wards VALUE (9189,'Phường 6',587);
INSERT INTO vsb_all_wards VALUE (9190,'Phường 9',587);
INSERT INTO vsb_all_wards VALUE (9191,'Phường 10',587);
INSERT INTO vsb_all_wards VALUE (9192,'Phường Tân Long',587);
INSERT INTO vsb_all_wards VALUE (9193,'Xã Đạo Thạnh',587);
INSERT INTO vsb_all_wards VALUE (9194,'Xã Trung An',587);
INSERT INTO vsb_all_wards VALUE (9195,'Xã Mỹ Phong',587);
INSERT INTO vsb_all_wards VALUE (9196,'Xã Tân Mỹ Chánh',587);
INSERT INTO vsb_all_wards VALUE (9197,'Xã Phước Thạnh',587);
INSERT INTO vsb_all_wards VALUE (9198,'Xã Thới Sơn',587);
INSERT INTO vsb_all_districts VALUE (588,'Thị xã Gò Công',52);
INSERT INTO vsb_all_wards VALUE (9199,'Phường 3',588);
INSERT INTO vsb_all_wards VALUE (9200,'Phường 2',588);
INSERT INTO vsb_all_wards VALUE (9201,'Phường 4',588);
INSERT INTO vsb_all_wards VALUE (9202,'Phường 1',588);
INSERT INTO vsb_all_wards VALUE (9203,'Phường 5',588);
INSERT INTO vsb_all_wards VALUE (9204,'Xã Long Hưng',588);
INSERT INTO vsb_all_wards VALUE (9205,'Xã Long Thuận',588);
INSERT INTO vsb_all_wards VALUE (9206,'Xã Long Chánh',588);
INSERT INTO vsb_all_wards VALUE (9207,'Xã Long Hòa',588);
INSERT INTO vsb_all_wards VALUE (9208,'Xã Bình Đông',588);
INSERT INTO vsb_all_wards VALUE (9209,'Xã Bình Xuân',588);
INSERT INTO vsb_all_wards VALUE (9210,'Xã Tân Trung',588);
INSERT INTO vsb_all_districts VALUE (589,'Thị xã Cai Lậy',52);
INSERT INTO vsb_all_wards VALUE (9211,'Phường 1',589);
INSERT INTO vsb_all_wards VALUE (9212,'Phường 2',589);
INSERT INTO vsb_all_wards VALUE (9213,'Phường 3',589);
INSERT INTO vsb_all_wards VALUE (9214,'Phường 4',589);
INSERT INTO vsb_all_wards VALUE (9215,'Phường 5',589);
INSERT INTO vsb_all_wards VALUE (9216,'Xã Mỹ Phước Tây',589);
INSERT INTO vsb_all_wards VALUE (9217,'Xã Mỹ Hạnh Đông',589);
INSERT INTO vsb_all_wards VALUE (9218,'Xã Mỹ Hạnh Trung',589);
INSERT INTO vsb_all_wards VALUE (9219,'Xã Tân Phú',589);
INSERT INTO vsb_all_wards VALUE (9220,'Xã Tân Bình',589);
INSERT INTO vsb_all_wards VALUE (9221,'Xã Tân Hội',589);
INSERT INTO vsb_all_wards VALUE (9222,'Phường Nhị Mỹ',589);
INSERT INTO vsb_all_wards VALUE (9223,'Xã Nhị Quý',589);
INSERT INTO vsb_all_wards VALUE (9224,'Xã Thanh Hòa',589);
INSERT INTO vsb_all_wards VALUE (9225,'Xã Phú Quý',589);
INSERT INTO vsb_all_wards VALUE (9226,'Xã Long Khánh',589);
INSERT INTO vsb_all_districts VALUE (590,'Huyện Tân Phước',52);
INSERT INTO vsb_all_wards VALUE (9227,'Thị trấn Mỹ Phước',590);
INSERT INTO vsb_all_wards VALUE (9228,'Xã Tân Hòa Đông',590);
INSERT INTO vsb_all_wards VALUE (9229,'Xã Thạnh Tân',590);
INSERT INTO vsb_all_wards VALUE (9230,'Xã Thạnh Mỹ',590);
INSERT INTO vsb_all_wards VALUE (9231,'Xã Thạnh Hoà',590);
INSERT INTO vsb_all_wards VALUE (9232,'Xã Phú Mỹ',590);
INSERT INTO vsb_all_wards VALUE (9233,'Xã Tân Hòa Thành',590);
INSERT INTO vsb_all_wards VALUE (9234,'Xã Hưng Thạnh',590);
INSERT INTO vsb_all_wards VALUE (9235,'Xã Tân Lập 1',590);
INSERT INTO vsb_all_wards VALUE (9236,'Xã Tân Hòa Tây',590);
INSERT INTO vsb_all_wards VALUE (9237,'Xã Tân Lập 2',590);
INSERT INTO vsb_all_wards VALUE (9238,'Xã Phước Lập',590);
INSERT INTO vsb_all_districts VALUE (591,'Huyện Cái Bè',52);
INSERT INTO vsb_all_wards VALUE (9239,'Thị trấn Cái Bè',591);
INSERT INTO vsb_all_wards VALUE (9240,'Xã Hậu Mỹ Bắc B',591);
INSERT INTO vsb_all_wards VALUE (9241,'Xã Hậu Mỹ Bắc A',591);
INSERT INTO vsb_all_wards VALUE (9242,'Xã Mỹ Trung',591);
INSERT INTO vsb_all_wards VALUE (9243,'Xã Hậu Mỹ Trinh',591);
INSERT INTO vsb_all_wards VALUE (9244,'Xã Hậu Mỹ Phú',591);
INSERT INTO vsb_all_wards VALUE (9245,'Xã Mỹ Tân',591);
INSERT INTO vsb_all_wards VALUE (9246,'Xã Mỹ Lợi B',591);
INSERT INTO vsb_all_wards VALUE (9247,'Xã Thiện Trung',591);
INSERT INTO vsb_all_wards VALUE (9248,'Xã Mỹ Hội',591);
INSERT INTO vsb_all_wards VALUE (9249,'Xã An Cư',591);
INSERT INTO vsb_all_wards VALUE (9250,'Xã Hậu Thành',591);
INSERT INTO vsb_all_wards VALUE (9251,'Xã Mỹ Lợi A',591);
INSERT INTO vsb_all_wards VALUE (9252,'Xã Hòa Khánh',591);
INSERT INTO vsb_all_wards VALUE (9253,'Xã Thiện Trí',591);
INSERT INTO vsb_all_wards VALUE (9254,'Xã Mỹ Đức Đông',591);
INSERT INTO vsb_all_wards VALUE (9255,'Xã Mỹ Đức Tây',591);
INSERT INTO vsb_all_wards VALUE (9256,'Xã Đông Hòa Hiệp',591);
INSERT INTO vsb_all_wards VALUE (9257,'Xã An Thái Đông',591);
INSERT INTO vsb_all_wards VALUE (9258,'Xã Tân Hưng',591);
INSERT INTO vsb_all_wards VALUE (9259,'Xã Mỹ Lương',591);
INSERT INTO vsb_all_wards VALUE (9260,'Xã Tân Thanh',591);
INSERT INTO vsb_all_wards VALUE (9261,'Xã An Thái Trung',591);
INSERT INTO vsb_all_wards VALUE (9262,'Xã An Hữu',591);
INSERT INTO vsb_all_wards VALUE (9263,'Xã Hòa Hưng',591);
INSERT INTO vsb_all_districts VALUE (592,'Huyện Cai Lậy',52);
INSERT INTO vsb_all_wards VALUE (9264,'Xã Thạnh Lộc',592);
INSERT INTO vsb_all_wards VALUE (9265,'Xã Mỹ Thành Bắc',592);
INSERT INTO vsb_all_wards VALUE (9266,'Xã Phú Cường',592);
INSERT INTO vsb_all_wards VALUE (9267,'Xã Mỹ Thành Nam',592);
INSERT INTO vsb_all_wards VALUE (9268,'Xã Phú Nhuận',592);
INSERT INTO vsb_all_wards VALUE (9269,'Thị trấn Bình Phú',592);
INSERT INTO vsb_all_wards VALUE (9270,'Xã Cẩm Sơn',592);
INSERT INTO vsb_all_wards VALUE (9271,'Xã Phú An',592);
INSERT INTO vsb_all_wards VALUE (9272,'Xã Mỹ Long',592);
INSERT INTO vsb_all_wards VALUE (9273,'Xã Long Tiên',592);
INSERT INTO vsb_all_wards VALUE (9274,'Xã Hiệp Đức',592);
INSERT INTO vsb_all_wards VALUE (9275,'Xã Long Trung',592);
INSERT INTO vsb_all_wards VALUE (9276,'Xã Hội Xuân',592);
INSERT INTO vsb_all_wards VALUE (9277,'Xã Tân Phong',592);
INSERT INTO vsb_all_wards VALUE (9278,'Xã Tam Bình',592);
INSERT INTO vsb_all_wards VALUE (9279,'Xã Ngũ Hiệp',592);
INSERT INTO vsb_all_districts VALUE (593,'Huyện Châu Thành',52);
INSERT INTO vsb_all_wards VALUE (9280,'Thị trấn Tân Hiệp',593);
INSERT INTO vsb_all_wards VALUE (9281,'Xã Tân Hội Đông',593);
INSERT INTO vsb_all_wards VALUE (9282,'Xã Tân Hương',593);
INSERT INTO vsb_all_wards VALUE (9283,'Xã Tân Lý Đông',593);
INSERT INTO vsb_all_wards VALUE (9284,'Xã Tân Lý Tây',593);
INSERT INTO vsb_all_wards VALUE (9285,'Xã Thân Cửu Nghĩa',593);
INSERT INTO vsb_all_wards VALUE (9286,'Xã Tam Hiệp',593);
INSERT INTO vsb_all_wards VALUE (9287,'Xã Điềm Hy',593);
INSERT INTO vsb_all_wards VALUE (9288,'Xã Nhị Bình',593);
INSERT INTO vsb_all_wards VALUE (9289,'Xã Dưỡng Điềm',593);
INSERT INTO vsb_all_wards VALUE (9290,'Xã Đông Hòa',593);
INSERT INTO vsb_all_wards VALUE (9291,'Xã Long Định',593);
INSERT INTO vsb_all_wards VALUE (9292,'Xã Hữu Đạo',593);
INSERT INTO vsb_all_wards VALUE (9293,'Xã Long An',593);
INSERT INTO vsb_all_wards VALUE (9294,'Xã Long Hưng',593);
INSERT INTO vsb_all_wards VALUE (9295,'Xã Bình Trưng',593);
INSERT INTO vsb_all_wards VALUE (9296,'Xã Thạnh Phú',593);
INSERT INTO vsb_all_wards VALUE (9297,'Xã Bàn Long',593);
INSERT INTO vsb_all_wards VALUE (9298,'Xã Vĩnh Kim',593);
INSERT INTO vsb_all_wards VALUE (9299,'Xã Bình Đức',593);
INSERT INTO vsb_all_wards VALUE (9300,'Xã Song Thuận',593);
INSERT INTO vsb_all_wards VALUE (9301,'Xã Kim Sơn',593);
INSERT INTO vsb_all_wards VALUE (9302,'Xã Phú Phong',593);
INSERT INTO vsb_all_districts VALUE (594,'Huyện Chợ Gạo',52);
INSERT INTO vsb_all_wards VALUE (9303,'Thị trấn Chợ Gạo',594);
INSERT INTO vsb_all_wards VALUE (9304,'Xã Trung Hòa',594);
INSERT INTO vsb_all_wards VALUE (9305,'Xã Hòa Tịnh',594);
INSERT INTO vsb_all_wards VALUE (9306,'Xã Mỹ Tịnh An',594);
INSERT INTO vsb_all_wards VALUE (9307,'Xã Tân Bình Thạnh',594);
INSERT INTO vsb_all_wards VALUE (9308,'Xã Phú Kiết',594);
INSERT INTO vsb_all_wards VALUE (9309,'Xã Lương Hòa Lạc',594);
INSERT INTO vsb_all_wards VALUE (9310,'Xã Thanh Bình',594);
INSERT INTO vsb_all_wards VALUE (9311,'Xã Quơn Long',594);
INSERT INTO vsb_all_wards VALUE (9312,'Xã Bình Phục Nhứt',594);
INSERT INTO vsb_all_wards VALUE (9313,'Xã Đăng Hưng Phước',594);
INSERT INTO vsb_all_wards VALUE (9314,'Xã Tân Thuận Bình',594);
INSERT INTO vsb_all_wards VALUE (9315,'Xã Song Bình',594);
INSERT INTO vsb_all_wards VALUE (9316,'Xã Bình Phan',594);
INSERT INTO vsb_all_wards VALUE (9317,'Xã Long Bình Điền',594);
INSERT INTO vsb_all_wards VALUE (9318,'Xã An Thạnh Thủy',594);
INSERT INTO vsb_all_wards VALUE (9319,'Xã Xuân Đông',594);
INSERT INTO vsb_all_wards VALUE (9320,'Xã Hòa Định',594);
INSERT INTO vsb_all_wards VALUE (9321,'Xã Bình Ninh',594);
INSERT INTO vsb_all_districts VALUE (595,'Huyện Gò Công Tây',52);
INSERT INTO vsb_all_wards VALUE (9322,'Thị trấn Vĩnh Bình',595);
INSERT INTO vsb_all_wards VALUE (9323,'Xã Đồng Sơn',595);
INSERT INTO vsb_all_wards VALUE (9324,'Xã Bình Phú',595);
INSERT INTO vsb_all_wards VALUE (9325,'Xã Đồng Thạnh',595);
INSERT INTO vsb_all_wards VALUE (9326,'Xã Thành Công',595);
INSERT INTO vsb_all_wards VALUE (9327,'Xã Bình Nhì',595);
INSERT INTO vsb_all_wards VALUE (9328,'Xã Yên Luông',595);
INSERT INTO vsb_all_wards VALUE (9329,'Xã Thạnh Trị',595);
INSERT INTO vsb_all_wards VALUE (9330,'Xã Thạnh Nhựt',595);
INSERT INTO vsb_all_wards VALUE (9331,'Xã Long Vĩnh',595);
INSERT INTO vsb_all_wards VALUE (9332,'Xã Bình Tân',595);
INSERT INTO vsb_all_wards VALUE (9333,'Xã Vĩnh Hựu',595);
INSERT INTO vsb_all_wards VALUE (9334,'Xã Long Bình',595);
INSERT INTO vsb_all_districts VALUE (596,'Huyện Gò Công Đông',52);
INSERT INTO vsb_all_wards VALUE (9335,'Thị trấn Tân Hòa',596);
INSERT INTO vsb_all_wards VALUE (9336,'Xã Tăng Hoà',596);
INSERT INTO vsb_all_wards VALUE (9337,'Xã Tân Phước',596);
INSERT INTO vsb_all_wards VALUE (9338,'Xã Gia Thuận',596);
INSERT INTO vsb_all_wards VALUE (9339,'Thị trấn Vàm Láng',596);
INSERT INTO vsb_all_wards VALUE (9340,'Xã Tân Tây',596);
INSERT INTO vsb_all_wards VALUE (9341,'Xã Kiểng Phước',596);
INSERT INTO vsb_all_wards VALUE (9342,'Xã Tân Đông',596);
INSERT INTO vsb_all_wards VALUE (9343,'Xã Bình Ân',596);
INSERT INTO vsb_all_wards VALUE (9344,'Xã Tân Điền',596);
INSERT INTO vsb_all_wards VALUE (9345,'Xã Bình Nghị',596);
INSERT INTO vsb_all_wards VALUE (9346,'Xã Phước Trung',596);
INSERT INTO vsb_all_wards VALUE (9347,'Xã Tân Thành',596);
INSERT INTO vsb_all_districts VALUE (597,'Huyện Tân Phú Đông',52);
INSERT INTO vsb_all_wards VALUE (9348,'Xã Tân Thới',597);
INSERT INTO vsb_all_wards VALUE (9349,'Xã Tân Phú',597);
INSERT INTO vsb_all_wards VALUE (9350,'Xã Phú Thạnh',597);
INSERT INTO vsb_all_wards VALUE (9351,'Xã Tân Thạnh',597);
INSERT INTO vsb_all_wards VALUE (9352,'Xã Phú Đông',597);
INSERT INTO vsb_all_wards VALUE (9353,'Xã Phú Tân',597);
INSERT INTO vsb_all_provinces VALUE (53,'Tỉnh Bến Tre');
INSERT INTO vsb_all_districts VALUE (598,'Thành phố Bến Tre',53);
INSERT INTO vsb_all_wards VALUE (9354,'Phường Phú Khương',598);
INSERT INTO vsb_all_wards VALUE (9355,'Phường Phú Tân',598);
INSERT INTO vsb_all_wards VALUE (9356,'Phường 8',598);
INSERT INTO vsb_all_wards VALUE (9357,'Phường 6',598);
INSERT INTO vsb_all_wards VALUE (9358,'Phường 4',598);
INSERT INTO vsb_all_wards VALUE (9359,'Phường 5',598);
INSERT INTO vsb_all_wards VALUE (9360,'Phường An Hội',598);
INSERT INTO vsb_all_wards VALUE (9361,'Phường 7',598);
INSERT INTO vsb_all_wards VALUE (9362,'Xã Sơn Đông',598);
INSERT INTO vsb_all_wards VALUE (9363,'Xã Phú Hưng',598);
INSERT INTO vsb_all_wards VALUE (9364,'Xã Bình Phú',598);
INSERT INTO vsb_all_wards VALUE (9365,'Xã Mỹ Thạnh An',598);
INSERT INTO vsb_all_wards VALUE (9366,'Xã Nhơn Thạnh',598);
INSERT INTO vsb_all_wards VALUE (9367,'Xã Phú Nhuận',598);
INSERT INTO vsb_all_districts VALUE (599,'Huyện Châu Thành',53);
INSERT INTO vsb_all_wards VALUE (9368,'Thị trấn Châu Thành',599);
INSERT INTO vsb_all_wards VALUE (9369,'Xã Tân Thạch',599);
INSERT INTO vsb_all_wards VALUE (9370,'Xã Qưới Sơn',599);
INSERT INTO vsb_all_wards VALUE (9371,'Xã An Khánh',599);
INSERT INTO vsb_all_wards VALUE (9372,'Xã Giao Long',599);
INSERT INTO vsb_all_wards VALUE (9373,'Xã Phú Túc',599);
INSERT INTO vsb_all_wards VALUE (9374,'Xã Phú Đức',599);
INSERT INTO vsb_all_wards VALUE (9375,'Xã Phú An Hòa',599);
INSERT INTO vsb_all_wards VALUE (9376,'Xã An Phước',599);
INSERT INTO vsb_all_wards VALUE (9377,'Xã Tam Phước',599);
INSERT INTO vsb_all_wards VALUE (9378,'Xã Thành Triệu',599);
INSERT INTO vsb_all_wards VALUE (9379,'Xã Tường Đa',599);
INSERT INTO vsb_all_wards VALUE (9380,'Xã Tân Phú',599);
INSERT INTO vsb_all_wards VALUE (9381,'Xã Quới Thành',599);
INSERT INTO vsb_all_wards VALUE (9382,'Xã Phước Thạnh',599);
INSERT INTO vsb_all_wards VALUE (9383,'Xã An Hóa',599);
INSERT INTO vsb_all_wards VALUE (9384,'Xã Tiên Long',599);
INSERT INTO vsb_all_wards VALUE (9385,'Xã An Hiệp',599);
INSERT INTO vsb_all_wards VALUE (9386,'Xã Hữu Định',599);
INSERT INTO vsb_all_wards VALUE (9387,'Thị trấn Tiên Thủy',599);
INSERT INTO vsb_all_wards VALUE (9388,'Xã Sơn Hòa',599);
INSERT INTO vsb_all_districts VALUE (600,'Huyện Chợ Lách',53);
INSERT INTO vsb_all_wards VALUE (9389,'Thị trấn Chợ Lách',600);
INSERT INTO vsb_all_wards VALUE (9390,'Xã Phú Phụng',600);
INSERT INTO vsb_all_wards VALUE (9391,'Xã Sơn Định',600);
INSERT INTO vsb_all_wards VALUE (9392,'Xã Vĩnh Bình',600);
INSERT INTO vsb_all_wards VALUE (9393,'Xã Hòa Nghĩa',600);
INSERT INTO vsb_all_wards VALUE (9394,'Xã Long Thới',600);
INSERT INTO vsb_all_wards VALUE (9395,'Xã Phú Sơn',600);
INSERT INTO vsb_all_wards VALUE (9396,'Xã Tân Thiềng',600);
INSERT INTO vsb_all_wards VALUE (9397,'Xã Vĩnh Thành',600);
INSERT INTO vsb_all_wards VALUE (9398,'Xã Vĩnh Hòa',600);
INSERT INTO vsb_all_wards VALUE (9399,'Xã Hưng Khánh Trung B',600);
INSERT INTO vsb_all_districts VALUE (601,'Huyện Mỏ Cày Nam',53);
INSERT INTO vsb_all_wards VALUE (9400,'Thị trấn Mỏ Cày',601);
INSERT INTO vsb_all_wards VALUE (9401,'Xã Định Thủy',601);
INSERT INTO vsb_all_wards VALUE (9402,'Xã Đa Phước Hội',601);
INSERT INTO vsb_all_wards VALUE (9403,'Xã Tân Hội',601);
INSERT INTO vsb_all_wards VALUE (9404,'Xã Phước Hiệp',601);
INSERT INTO vsb_all_wards VALUE (9405,'Xã Bình Khánh',601);
INSERT INTO vsb_all_wards VALUE (9406,'Xã An Thạnh',601);
INSERT INTO vsb_all_wards VALUE (9407,'Xã An Định',601);
INSERT INTO vsb_all_wards VALUE (9408,'Xã Thành Thới B',601);
INSERT INTO vsb_all_wards VALUE (9409,'Xã Tân Trung',601);
INSERT INTO vsb_all_wards VALUE (9410,'Xã An Thới',601);
INSERT INTO vsb_all_wards VALUE (9411,'Xã Thành Thới A',601);
INSERT INTO vsb_all_wards VALUE (9412,'Xã Minh Đức',601);
INSERT INTO vsb_all_wards VALUE (9413,'Xã Ngãi Đăng',601);
INSERT INTO vsb_all_wards VALUE (9414,'Xã Cẩm Sơn',601);
INSERT INTO vsb_all_wards VALUE (9415,'Xã Hương Mỹ',601);
INSERT INTO vsb_all_districts VALUE (602,'Huyện Giồng Trôm',53);
INSERT INTO vsb_all_wards VALUE (9416,'Thị trấn Giồng Trôm',602);
INSERT INTO vsb_all_wards VALUE (9417,'Xã Phong Nẫm',602);
INSERT INTO vsb_all_wards VALUE (9418,'Xã Mỹ Thạnh',602);
INSERT INTO vsb_all_wards VALUE (9419,'Xã Châu Hòa',602);
INSERT INTO vsb_all_wards VALUE (9420,'Xã Lương Hòa',602);
INSERT INTO vsb_all_wards VALUE (9421,'Xã Lương Quới',602);
INSERT INTO vsb_all_wards VALUE (9422,'Xã Lương Phú',602);
INSERT INTO vsb_all_wards VALUE (9423,'Xã Châu Bình',602);
INSERT INTO vsb_all_wards VALUE (9424,'Xã Thuận Điền',602);
INSERT INTO vsb_all_wards VALUE (9425,'Xã Sơn Phú',602);
INSERT INTO vsb_all_wards VALUE (9426,'Xã Bình Hoà',602);
INSERT INTO vsb_all_wards VALUE (9427,'Xã Phước Long',602);
INSERT INTO vsb_all_wards VALUE (9428,'Xã Hưng Phong',602);
INSERT INTO vsb_all_wards VALUE (9429,'Xã Long Mỹ',602);
INSERT INTO vsb_all_wards VALUE (9430,'Xã Tân Hào',602);
INSERT INTO vsb_all_wards VALUE (9431,'Xã Bình Thành',602);
INSERT INTO vsb_all_wards VALUE (9432,'Xã Tân Thanh',602);
INSERT INTO vsb_all_wards VALUE (9433,'Xã Tân Lợi Thạnh',602);
INSERT INTO vsb_all_wards VALUE (9434,'Xã Thạnh Phú Đông',602);
INSERT INTO vsb_all_wards VALUE (9435,'Xã Hưng Nhượng',602);
INSERT INTO vsb_all_wards VALUE (9436,'Xã Hưng Lễ',602);
INSERT INTO vsb_all_districts VALUE (603,'Huyện Bình Đại',53);
INSERT INTO vsb_all_wards VALUE (9437,'Thị trấn Bình Đại',603);
INSERT INTO vsb_all_wards VALUE (9438,'Xã Tam Hiệp',603);
INSERT INTO vsb_all_wards VALUE (9439,'Xã Long Định',603);
INSERT INTO vsb_all_wards VALUE (9440,'Xã Long Hòa',603);
INSERT INTO vsb_all_wards VALUE (9441,'Xã Phú Thuận',603);
INSERT INTO vsb_all_wards VALUE (9442,'Xã Vang Quới Tây',603);
INSERT INTO vsb_all_wards VALUE (9443,'Xã Vang Quới Đông',603);
INSERT INTO vsb_all_wards VALUE (9444,'Xã Châu Hưng',603);
INSERT INTO vsb_all_wards VALUE (9445,'Xã Phú Vang',603);
INSERT INTO vsb_all_wards VALUE (9446,'Xã Lộc Thuận',603);
INSERT INTO vsb_all_wards VALUE (9447,'Xã Định Trung',603);
INSERT INTO vsb_all_wards VALUE (9448,'Xã Thới Lai',603);
INSERT INTO vsb_all_wards VALUE (9449,'Xã Bình Thới',603);
INSERT INTO vsb_all_wards VALUE (9450,'Xã Phú Long',603);
INSERT INTO vsb_all_wards VALUE (9451,'Xã Bình Thắng',603);
INSERT INTO vsb_all_wards VALUE (9452,'Xã Thạnh Trị',603);
INSERT INTO vsb_all_wards VALUE (9453,'Xã Đại Hòa Lộc',603);
INSERT INTO vsb_all_wards VALUE (9454,'Xã Thừa Đức',603);
INSERT INTO vsb_all_wards VALUE (9455,'Xã Thạnh Phước',603);
INSERT INTO vsb_all_wards VALUE (9456,'Xã Thới Thuận',603);
INSERT INTO vsb_all_districts VALUE (604,'Huyện Ba Tri',53);
INSERT INTO vsb_all_wards VALUE (9457,'Thị trấn Ba Tri',604);
INSERT INTO vsb_all_wards VALUE (9458,'Xã Tân Mỹ',604);
INSERT INTO vsb_all_wards VALUE (9459,'Xã Mỹ Hòa',604);
INSERT INTO vsb_all_wards VALUE (9460,'Xã Tân Xuân',604);
INSERT INTO vsb_all_wards VALUE (9461,'Xã Mỹ Chánh',604);
INSERT INTO vsb_all_wards VALUE (9462,'Xã Bảo Thạnh',604);
INSERT INTO vsb_all_wards VALUE (9463,'Xã An Phú Trung',604);
INSERT INTO vsb_all_wards VALUE (9464,'Xã Mỹ Thạnh',604);
INSERT INTO vsb_all_wards VALUE (9465,'Xã Mỹ Nhơn',604);
INSERT INTO vsb_all_wards VALUE (9466,'Xã Phước Ngãi',604);
INSERT INTO vsb_all_wards VALUE (9467,'Xã An Ngãi Trung',604);
INSERT INTO vsb_all_wards VALUE (9468,'Xã Phú Lễ',604);
INSERT INTO vsb_all_wards VALUE (9469,'Xã An Bình Tây',604);
INSERT INTO vsb_all_wards VALUE (9470,'Xã Bảo Thuận',604);
INSERT INTO vsb_all_wards VALUE (9471,'Xã Tân Hưng',604);
INSERT INTO vsb_all_wards VALUE (9472,'Xã An Ngãi Tây',604);
INSERT INTO vsb_all_wards VALUE (9473,'Xã An Hiệp',604);
INSERT INTO vsb_all_wards VALUE (9474,'Xã Vĩnh Hòa',604);
INSERT INTO vsb_all_wards VALUE (9475,'Xã Tân Thủy',604);
INSERT INTO vsb_all_wards VALUE (9476,'Xã Vĩnh An',604);
INSERT INTO vsb_all_wards VALUE (9477,'Xã An Đức',604);
INSERT INTO vsb_all_wards VALUE (9478,'Xã An Hòa Tây',604);
INSERT INTO vsb_all_wards VALUE (9479,'Thị trấn Tiệm Tôm',604);
INSERT INTO vsb_all_districts VALUE (605,'Huyện Thạnh Phú',53);
INSERT INTO vsb_all_wards VALUE (9480,'Thị trấn Thạnh Phú',605);
INSERT INTO vsb_all_wards VALUE (9481,'Xã Phú Khánh',605);
INSERT INTO vsb_all_wards VALUE (9482,'Xã Đại Điền',605);
INSERT INTO vsb_all_wards VALUE (9483,'Xã Quới Điền',605);
INSERT INTO vsb_all_wards VALUE (9484,'Xã Tân Phong',605);
INSERT INTO vsb_all_wards VALUE (9485,'Xã Mỹ Hưng',605);
INSERT INTO vsb_all_wards VALUE (9486,'Xã An Thạnh',605);
INSERT INTO vsb_all_wards VALUE (9487,'Xã Thới Thạnh',605);
INSERT INTO vsb_all_wards VALUE (9488,'Xã Hòa Lợi',605);
INSERT INTO vsb_all_wards VALUE (9489,'Xã An Điền',605);
INSERT INTO vsb_all_wards VALUE (9490,'Xã Bình Thạnh',605);
INSERT INTO vsb_all_wards VALUE (9491,'Xã An Thuận',605);
INSERT INTO vsb_all_wards VALUE (9492,'Xã An Quy',605);
INSERT INTO vsb_all_wards VALUE (9493,'Xã Thạnh Hải',605);
INSERT INTO vsb_all_wards VALUE (9494,'Xã An Nhơn',605);
INSERT INTO vsb_all_wards VALUE (9495,'Xã Giao Thạnh',605);
INSERT INTO vsb_all_wards VALUE (9496,'Xã Thạnh Phong',605);
INSERT INTO vsb_all_wards VALUE (9497,'Xã Mỹ An',605);
INSERT INTO vsb_all_districts VALUE (606,'Huyện Mỏ Cày Bắc',53);
INSERT INTO vsb_all_wards VALUE (9498,'Xã Phú Mỹ',606);
INSERT INTO vsb_all_wards VALUE (9499,'Xã Hưng Khánh Trung A',606);
INSERT INTO vsb_all_wards VALUE (9500,'Xã Thanh Tân',606);
INSERT INTO vsb_all_wards VALUE (9501,'Xã Thạnh Ngãi',606);
INSERT INTO vsb_all_wards VALUE (9502,'Xã Tân Phú Tây',606);
INSERT INTO vsb_all_wards VALUE (9503,'Thị trấn Phước Mỹ Trung',606);
INSERT INTO vsb_all_wards VALUE (9504,'Xã Tân Thành Bình',606);
INSERT INTO vsb_all_wards VALUE (9505,'Xã Thành An',606);
INSERT INTO vsb_all_wards VALUE (9506,'Xã Hòa Lộc',606);
INSERT INTO vsb_all_wards VALUE (9507,'Xã Tân Thanh Tây',606);
INSERT INTO vsb_all_wards VALUE (9508,'Xã Tân Bình',606);
INSERT INTO vsb_all_wards VALUE (9509,'Xã Nhuận Phú Tân',606);
INSERT INTO vsb_all_wards VALUE (9510,'Xã Khánh Thạnh Tân',606);
INSERT INTO vsb_all_provinces VALUE (54,'Tỉnh Trà Vinh');
INSERT INTO vsb_all_districts VALUE (607,'Thành phố Trà Vinh',54);
INSERT INTO vsb_all_wards VALUE (9511,'Phường 4',607);
INSERT INTO vsb_all_wards VALUE (9512,'Phường 1',607);
INSERT INTO vsb_all_wards VALUE (9513,'Phường 3',607);
INSERT INTO vsb_all_wards VALUE (9514,'Phường 2',607);
INSERT INTO vsb_all_wards VALUE (9515,'Phường 5',607);
INSERT INTO vsb_all_wards VALUE (9516,'Phường 6',607);
INSERT INTO vsb_all_wards VALUE (9517,'Phường 7',607);
INSERT INTO vsb_all_wards VALUE (9518,'Phường 8',607);
INSERT INTO vsb_all_wards VALUE (9519,'Phường 9',607);
INSERT INTO vsb_all_wards VALUE (9520,'Xã Long Đức',607);
INSERT INTO vsb_all_districts VALUE (608,'Huyện Càng Long',54);
INSERT INTO vsb_all_wards VALUE (9521,'Thị trấn Càng Long',608);
INSERT INTO vsb_all_wards VALUE (9522,'Xã Mỹ Cẩm',608);
INSERT INTO vsb_all_wards VALUE (9523,'Xã An Trường A',608);
INSERT INTO vsb_all_wards VALUE (9524,'Xã An Trường',608);
INSERT INTO vsb_all_wards VALUE (9525,'Xã Huyền Hội',608);
INSERT INTO vsb_all_wards VALUE (9526,'Xã Tân An',608);
INSERT INTO vsb_all_wards VALUE (9527,'Xã Tân Bình',608);
INSERT INTO vsb_all_wards VALUE (9528,'Xã Bình Phú',608);
INSERT INTO vsb_all_wards VALUE (9529,'Xã Phương Thạnh',608);
INSERT INTO vsb_all_wards VALUE (9530,'Xã Đại Phúc',608);
INSERT INTO vsb_all_wards VALUE (9531,'Xã Đại Phước',608);
INSERT INTO vsb_all_wards VALUE (9532,'Xã Nhị Long Phú',608);
INSERT INTO vsb_all_wards VALUE (9533,'Xã Nhị Long',608);
INSERT INTO vsb_all_wards VALUE (9534,'Xã Đức Mỹ',608);
INSERT INTO vsb_all_districts VALUE (609,'Huyện Cầu Kè',54);
INSERT INTO vsb_all_wards VALUE (9535,'Thị trấn Cầu Kè',609);
INSERT INTO vsb_all_wards VALUE (9536,'Xã Hòa Ân',609);
INSERT INTO vsb_all_wards VALUE (9537,'Xã Châu Điền',609);
INSERT INTO vsb_all_wards VALUE (9538,'Xã An Phú Tân',609);
INSERT INTO vsb_all_wards VALUE (9539,'Xã Hoà Tân',609);
INSERT INTO vsb_all_wards VALUE (9540,'Xã Ninh Thới',609);
INSERT INTO vsb_all_wards VALUE (9541,'Xã Phong Phú',609);
INSERT INTO vsb_all_wards VALUE (9542,'Xã Phong Thạnh',609);
INSERT INTO vsb_all_wards VALUE (9543,'Xã Tam Ngãi',609);
INSERT INTO vsb_all_wards VALUE (9544,'Xã Thông Hòa',609);
INSERT INTO vsb_all_wards VALUE (9545,'Xã Thạnh Phú',609);
INSERT INTO vsb_all_districts VALUE (610,'Huyện Tiểu Cần',54);
INSERT INTO vsb_all_wards VALUE (9546,'Thị trấn Tiểu Cần',610);
INSERT INTO vsb_all_wards VALUE (9547,'Thị trấn Cầu Quan',610);
INSERT INTO vsb_all_wards VALUE (9548,'Xã Phú Cần',610);
INSERT INTO vsb_all_wards VALUE (9549,'Xã Hiếu Tử',610);
INSERT INTO vsb_all_wards VALUE (9550,'Xã Hiếu Trung',610);
INSERT INTO vsb_all_wards VALUE (9551,'Xã Long Thới',610);
INSERT INTO vsb_all_wards VALUE (9552,'Xã Hùng Hòa',610);
INSERT INTO vsb_all_wards VALUE (9553,'Xã Tân Hùng',610);
INSERT INTO vsb_all_wards VALUE (9554,'Xã Tập Ngãi',610);
INSERT INTO vsb_all_wards VALUE (9555,'Xã Ngãi Hùng',610);
INSERT INTO vsb_all_wards VALUE (9556,'Xã Tân Hòa',610);
INSERT INTO vsb_all_districts VALUE (611,'Huyện Châu Thành',54);
INSERT INTO vsb_all_wards VALUE (9557,'Thị trấn Châu Thành',611);
INSERT INTO vsb_all_wards VALUE (9558,'Xã Đa Lộc',611);
INSERT INTO vsb_all_wards VALUE (9559,'Xã Mỹ Chánh',611);
INSERT INTO vsb_all_wards VALUE (9560,'Xã Thanh Mỹ',611);
INSERT INTO vsb_all_wards VALUE (9561,'Xã Lương Hoà A',611);
INSERT INTO vsb_all_wards VALUE (9562,'Xã Lương Hòa',611);
INSERT INTO vsb_all_wards VALUE (9563,'Xã Song Lộc',611);
INSERT INTO vsb_all_wards VALUE (9564,'Xã Nguyệt Hóa',611);
INSERT INTO vsb_all_wards VALUE (9565,'Xã Hòa Thuận',611);
INSERT INTO vsb_all_wards VALUE (9566,'Xã Hòa Lợi',611);
INSERT INTO vsb_all_wards VALUE (9567,'Xã Phước Hảo',611);
INSERT INTO vsb_all_wards VALUE (9568,'Xã Hưng Mỹ',611);
INSERT INTO vsb_all_wards VALUE (9569,'Xã Hòa Minh',611);
INSERT INTO vsb_all_wards VALUE (9570,'Xã Long Hòa',611);
INSERT INTO vsb_all_districts VALUE (612,'Huyện Cầu Ngang',54);
INSERT INTO vsb_all_wards VALUE (9571,'Thị trấn Cầu Ngang',612);
INSERT INTO vsb_all_wards VALUE (9572,'Thị trấn Mỹ Long',612);
INSERT INTO vsb_all_wards VALUE (9573,'Xã Mỹ Long Bắc',612);
INSERT INTO vsb_all_wards VALUE (9574,'Xã Mỹ Long Nam',612);
INSERT INTO vsb_all_wards VALUE (9575,'Xã Mỹ Hòa',612);
INSERT INTO vsb_all_wards VALUE (9576,'Xã Vĩnh Kim',612);
INSERT INTO vsb_all_wards VALUE (9577,'Xã Kim Hòa',612);
INSERT INTO vsb_all_wards VALUE (9578,'Xã Hiệp Hòa',612);
INSERT INTO vsb_all_wards VALUE (9579,'Xã Thuận Hòa',612);
INSERT INTO vsb_all_wards VALUE (9580,'Xã Long Sơn',612);
INSERT INTO vsb_all_wards VALUE (9581,'Xã Nhị Trường',612);
INSERT INTO vsb_all_wards VALUE (9582,'Xã Trường Thọ',612);
INSERT INTO vsb_all_wards VALUE (9583,'Xã Hiệp Mỹ Đông',612);
INSERT INTO vsb_all_wards VALUE (9584,'Xã Hiệp Mỹ Tây',612);
INSERT INTO vsb_all_wards VALUE (9585,'Xã Thạnh Hòa Sơn',612);
INSERT INTO vsb_all_districts VALUE (613,'Huyện Trà Cú',54);
INSERT INTO vsb_all_wards VALUE (9586,'Thị trấn Trà Cú',613);
INSERT INTO vsb_all_wards VALUE (9587,'Thị trấn Định An',613);
INSERT INTO vsb_all_wards VALUE (9588,'Xã Phước Hưng',613);
INSERT INTO vsb_all_wards VALUE (9589,'Xã Tập Sơn',613);
INSERT INTO vsb_all_wards VALUE (9590,'Xã Tân Sơn',613);
INSERT INTO vsb_all_wards VALUE (9591,'Xã An Quảng Hữu',613);
INSERT INTO vsb_all_wards VALUE (9592,'Xã Lưu Nghiệp Anh',613);
INSERT INTO vsb_all_wards VALUE (9593,'Xã Ngãi Xuyên',613);
INSERT INTO vsb_all_wards VALUE (9594,'Xã Kim Sơn',613);
INSERT INTO vsb_all_wards VALUE (9595,'Xã Thanh Sơn',613);
INSERT INTO vsb_all_wards VALUE (9596,'Xã Hàm Giang',613);
INSERT INTO vsb_all_wards VALUE (9597,'Xã Hàm Tân',613);
INSERT INTO vsb_all_wards VALUE (9598,'Xã Đại An',613);
INSERT INTO vsb_all_wards VALUE (9599,'Xã Định An',613);
INSERT INTO vsb_all_wards VALUE (9600,'Xã Ngọc Biên',613);
INSERT INTO vsb_all_wards VALUE (9601,'Xã Long Hiệp',613);
INSERT INTO vsb_all_wards VALUE (9602,'Xã Tân Hiệp',613);
INSERT INTO vsb_all_districts VALUE (614,'Huyện Duyên Hải',54);
INSERT INTO vsb_all_wards VALUE (9603,'Xã Đôn Xuân',614);
INSERT INTO vsb_all_wards VALUE (9604,'Xã Đôn Châu',614);
INSERT INTO vsb_all_wards VALUE (9605,'Thị trấn Long Thành',614);
INSERT INTO vsb_all_wards VALUE (9606,'Xã Long Khánh',614);
INSERT INTO vsb_all_wards VALUE (9607,'Xã Ngũ Lạc',614);
INSERT INTO vsb_all_wards VALUE (9608,'Xã Long Vĩnh',614);
INSERT INTO vsb_all_wards VALUE (9609,'Xã Đông Hải',614);
INSERT INTO vsb_all_districts VALUE (615,'Thị xã Duyên Hải',54);
INSERT INTO vsb_all_wards VALUE (9610,'Phường 1',615);
INSERT INTO vsb_all_wards VALUE (9611,'Xã Long Toàn',615);
INSERT INTO vsb_all_wards VALUE (9612,'Phường 2',615);
INSERT INTO vsb_all_wards VALUE (9613,'Xã Long Hữu',615);
INSERT INTO vsb_all_wards VALUE (9614,'Xã Dân Thành',615);
INSERT INTO vsb_all_wards VALUE (9615,'Xã Trường Long Hòa',615);
INSERT INTO vsb_all_wards VALUE (9616,'Xã Hiệp Thạnh',615);
INSERT INTO vsb_all_provinces VALUE (55,'Tỉnh Vĩnh Long');
INSERT INTO vsb_all_districts VALUE (616,'Thành phố Vĩnh Long',55);
INSERT INTO vsb_all_wards VALUE (9617,'Phường 9',616);
INSERT INTO vsb_all_wards VALUE (9618,'Phường 5',616);
INSERT INTO vsb_all_wards VALUE (9619,'Phường 1',616);
INSERT INTO vsb_all_wards VALUE (9620,'Phường 2',616);
INSERT INTO vsb_all_wards VALUE (9621,'Phường 4',616);
INSERT INTO vsb_all_wards VALUE (9622,'Phường 3',616);
INSERT INTO vsb_all_wards VALUE (9623,'Phường 8',616);
INSERT INTO vsb_all_wards VALUE (9624,'Phường Tân Ngãi',616);
INSERT INTO vsb_all_wards VALUE (9625,'Phường Tân Hòa',616);
INSERT INTO vsb_all_wards VALUE (9626,'Phường Tân Hội',616);
INSERT INTO vsb_all_wards VALUE (9627,'Phường Trường An',616);
INSERT INTO vsb_all_districts VALUE (617,'Huyện Long Hồ',55);
INSERT INTO vsb_all_wards VALUE (9628,'Thị trấn Long Hồ',617);
INSERT INTO vsb_all_wards VALUE (9629,'Xã Đồng Phú',617);
INSERT INTO vsb_all_wards VALUE (9630,'Xã Bình Hòa Phước',617);
INSERT INTO vsb_all_wards VALUE (9631,'Xã Hòa Ninh',617);
INSERT INTO vsb_all_wards VALUE (9632,'Xã An Bình',617);
INSERT INTO vsb_all_wards VALUE (9633,'Xã Thanh Đức',617);
INSERT INTO vsb_all_wards VALUE (9634,'Xã Tân Hạnh',617);
INSERT INTO vsb_all_wards VALUE (9635,'Xã Phước Hậu',617);
INSERT INTO vsb_all_wards VALUE (9636,'Xã Long Phước',617);
INSERT INTO vsb_all_wards VALUE (9637,'Xã Phú Đức',617);
INSERT INTO vsb_all_wards VALUE (9638,'Xã Lộc Hòa',617);
INSERT INTO vsb_all_wards VALUE (9639,'Xã Long An',617);
INSERT INTO vsb_all_wards VALUE (9640,'Xã Phú Quới',617);
INSERT INTO vsb_all_wards VALUE (9641,'Xã Thạnh Quới',617);
INSERT INTO vsb_all_wards VALUE (9642,'Xã Hòa Phú',617);
INSERT INTO vsb_all_districts VALUE (618,'Huyện Mang Thít',55);
INSERT INTO vsb_all_wards VALUE (9643,'Xã Mỹ An',618);
INSERT INTO vsb_all_wards VALUE (9644,'Xã Mỹ Phước',618);
INSERT INTO vsb_all_wards VALUE (9645,'Xã An Phước',618);
INSERT INTO vsb_all_wards VALUE (9646,'Xã Nhơn Phú',618);
INSERT INTO vsb_all_wards VALUE (9647,'Xã Long Mỹ',618);
INSERT INTO vsb_all_wards VALUE (9648,'Xã Hòa Tịnh',618);
INSERT INTO vsb_all_wards VALUE (9649,'Thị trấn Cái Nhum',618);
INSERT INTO vsb_all_wards VALUE (9650,'Xã Bình Phước',618);
INSERT INTO vsb_all_wards VALUE (9651,'Xã Chánh An',618);
INSERT INTO vsb_all_wards VALUE (9652,'Xã Tân An Hội',618);
INSERT INTO vsb_all_wards VALUE (9653,'Xã Tân Long',618);
INSERT INTO vsb_all_wards VALUE (9654,'Xã Tân Long Hội',618);
INSERT INTO vsb_all_districts VALUE (619,'Huyện Vũng Liêm',55);
INSERT INTO vsb_all_wards VALUE (9655,'Thị trấn Vũng Liêm',619);
INSERT INTO vsb_all_wards VALUE (9656,'Xã Tân Quới Trung',619);
INSERT INTO vsb_all_wards VALUE (9657,'Xã Quới Thiện',619);
INSERT INTO vsb_all_wards VALUE (9658,'Xã Quới An',619);
INSERT INTO vsb_all_wards VALUE (9659,'Xã Trung Chánh',619);
INSERT INTO vsb_all_wards VALUE (9660,'Xã Tân An Luông',619);
INSERT INTO vsb_all_wards VALUE (9661,'Xã Thanh Bình',619);
INSERT INTO vsb_all_wards VALUE (9662,'Xã Trung Thành Tây',619);
INSERT INTO vsb_all_wards VALUE (9663,'Xã Trung Hiệp',619);
INSERT INTO vsb_all_wards VALUE (9664,'Xã Hiếu Phụng',619);
INSERT INTO vsb_all_wards VALUE (9665,'Xã Trung Thành Đông',619);
INSERT INTO vsb_all_wards VALUE (9666,'Xã Trung Thành',619);
INSERT INTO vsb_all_wards VALUE (9667,'Xã Trung Hiếu',619);
INSERT INTO vsb_all_wards VALUE (9668,'Xã Trung Ngãi',619);
INSERT INTO vsb_all_wards VALUE (9669,'Xã Hiếu Thuận',619);
INSERT INTO vsb_all_wards VALUE (9670,'Xã Trung Nghĩa',619);
INSERT INTO vsb_all_wards VALUE (9671,'Xã Trung An',619);
INSERT INTO vsb_all_wards VALUE (9672,'Xã Hiếu Nhơn',619);
INSERT INTO vsb_all_wards VALUE (9673,'Xã Hiếu Thành',619);
INSERT INTO vsb_all_wards VALUE (9674,'Xã Hiếu Nghĩa',619);
INSERT INTO vsb_all_districts VALUE (620,'Huyện Tam Bình',55);
INSERT INTO vsb_all_wards VALUE (9675,'Thị trấn Tam Bình',620);
INSERT INTO vsb_all_wards VALUE (9676,'Xã Tân Lộc',620);
INSERT INTO vsb_all_wards VALUE (9677,'Xã Phú Thịnh',620);
INSERT INTO vsb_all_wards VALUE (9678,'Xã Hậu Lộc',620);
INSERT INTO vsb_all_wards VALUE (9679,'Xã Hòa Thạnh',620);
INSERT INTO vsb_all_wards VALUE (9680,'Xã Hoà Lộc',620);
INSERT INTO vsb_all_wards VALUE (9681,'Xã Phú Lộc',620);
INSERT INTO vsb_all_wards VALUE (9682,'Xã Song Phú',620);
INSERT INTO vsb_all_wards VALUE (9683,'Xã Hòa Hiệp',620);
INSERT INTO vsb_all_wards VALUE (9684,'Xã Mỹ Lộc',620);
INSERT INTO vsb_all_wards VALUE (9685,'Xã Tân Phú',620);
INSERT INTO vsb_all_wards VALUE (9686,'Xã Long Phú',620);
INSERT INTO vsb_all_wards VALUE (9687,'Xã Mỹ Thạnh Trung',620);
INSERT INTO vsb_all_wards VALUE (9688,'Xã Tường Lộc',620);
INSERT INTO vsb_all_wards VALUE (9689,'Xã Loan Mỹ',620);
INSERT INTO vsb_all_wards VALUE (9690,'Xã Ngãi Tứ',620);
INSERT INTO vsb_all_wards VALUE (9691,'Xã Bình Ninh',620);
INSERT INTO vsb_all_districts VALUE (621,'Thị xã Bình Minh',55);
INSERT INTO vsb_all_wards VALUE (9692,'Phường Cái Vồn',621);
INSERT INTO vsb_all_wards VALUE (9693,'Phường Thành Phước',621);
INSERT INTO vsb_all_wards VALUE (9694,'Xã Thuận An',621);
INSERT INTO vsb_all_wards VALUE (9695,'Xã Đông Thạnh',621);
INSERT INTO vsb_all_wards VALUE (9696,'Xã Đông Bình',621);
INSERT INTO vsb_all_wards VALUE (9697,'Phường Đông Thuận',621);
INSERT INTO vsb_all_wards VALUE (9698,'Xã Mỹ Hòa',621);
INSERT INTO vsb_all_wards VALUE (9699,'Xã Đông Thành',621);
INSERT INTO vsb_all_districts VALUE (622,'Huyện Trà Ôn',55);
INSERT INTO vsb_all_wards VALUE (9700,'Thị trấn Trà Ôn',622);
INSERT INTO vsb_all_wards VALUE (9701,'Xã Xuân Hiệp',622);
INSERT INTO vsb_all_wards VALUE (9702,'Xã Nhơn Bình',622);
INSERT INTO vsb_all_wards VALUE (9703,'Xã Hòa Bình',622);
INSERT INTO vsb_all_wards VALUE (9704,'Xã Thới Hòa',622);
INSERT INTO vsb_all_wards VALUE (9705,'Xã Trà Côn',622);
INSERT INTO vsb_all_wards VALUE (9706,'Xã Tân Mỹ',622);
INSERT INTO vsb_all_wards VALUE (9707,'Xã Hựu Thành',622);
INSERT INTO vsb_all_wards VALUE (9708,'Xã Vĩnh Xuân',622);
INSERT INTO vsb_all_wards VALUE (9709,'Xã Thuận Thới',622);
INSERT INTO vsb_all_wards VALUE (9710,'Xã Phú Thành',622);
INSERT INTO vsb_all_wards VALUE (9711,'Xã Thiện Mỹ',622);
INSERT INTO vsb_all_wards VALUE (9712,'Xã Lục Sỹ Thành',622);
INSERT INTO vsb_all_wards VALUE (9713,'Xã Tích Thiện',622);
INSERT INTO vsb_all_districts VALUE (623,'Huyện Bình Tân',55);
INSERT INTO vsb_all_wards VALUE (9714,'Xã Tân Hưng',623);
INSERT INTO vsb_all_wards VALUE (9715,'Xã Tân Thành',623);
INSERT INTO vsb_all_wards VALUE (9716,'Xã Thành Trung',623);
INSERT INTO vsb_all_wards VALUE (9717,'Xã Tân An Thạnh',623);
INSERT INTO vsb_all_wards VALUE (9718,'Xã Tân Lược',623);
INSERT INTO vsb_all_wards VALUE (9719,'Xã Nguyễn Văn Thảnh',623);
INSERT INTO vsb_all_wards VALUE (9720,'Xã Thành Lợi',623);
INSERT INTO vsb_all_wards VALUE (9721,'Xã Mỹ Thuận',623);
INSERT INTO vsb_all_wards VALUE (9722,'Xã Tân Bình',623);
INSERT INTO vsb_all_wards VALUE (9723,'Thị trấn Tân Quới',623);
INSERT INTO vsb_all_provinces VALUE (56,'Tỉnh Đồng Tháp');
INSERT INTO vsb_all_districts VALUE (624,'Thành phố Cao Lãnh',56);
INSERT INTO vsb_all_wards VALUE (9724,'Phường 11',624);
INSERT INTO vsb_all_wards VALUE (9725,'Phường 1',624);
INSERT INTO vsb_all_wards VALUE (9726,'Phường 2',624);
INSERT INTO vsb_all_wards VALUE (9727,'Phường 4',624);
INSERT INTO vsb_all_wards VALUE (9728,'Phường 3',624);
INSERT INTO vsb_all_wards VALUE (9729,'Phường 6',624);
INSERT INTO vsb_all_wards VALUE (9730,'Xã Mỹ Ngãi',624);
INSERT INTO vsb_all_wards VALUE (9731,'Xã Mỹ Tân',624);
INSERT INTO vsb_all_wards VALUE (9732,'Xã Mỹ Trà',624);
INSERT INTO vsb_all_wards VALUE (9733,'Phường Mỹ Phú',624);
INSERT INTO vsb_all_wards VALUE (9734,'Xã Tân Thuận Tây',624);
INSERT INTO vsb_all_wards VALUE (9735,'Phường Hoà Thuận',624);
INSERT INTO vsb_all_wards VALUE (9736,'Xã Hòa An',624);
INSERT INTO vsb_all_wards VALUE (9737,'Xã Tân Thuận Đông',624);
INSERT INTO vsb_all_wards VALUE (9738,'Xã Tịnh Thới',624);
INSERT INTO vsb_all_districts VALUE (625,'Thành phố Sa Đéc',56);
INSERT INTO vsb_all_wards VALUE (9739,'Phường 3',625);
INSERT INTO vsb_all_wards VALUE (9740,'Phường 1',625);
INSERT INTO vsb_all_wards VALUE (9741,'Phường 4',625);
INSERT INTO vsb_all_wards VALUE (9742,'Phường 2',625);
INSERT INTO vsb_all_wards VALUE (9743,'Xã Tân Khánh Đông',625);
INSERT INTO vsb_all_wards VALUE (9744,'Phường Tân Quy Đông',625);
INSERT INTO vsb_all_wards VALUE (9745,'Phường An Hoà',625);
INSERT INTO vsb_all_wards VALUE (9746,'Xã Tân Quy Tây',625);
INSERT INTO vsb_all_wards VALUE (9747,'Xã Tân Phú Đông',625);
INSERT INTO vsb_all_districts VALUE (626,'Thành phố Hồng Ngự',56);
INSERT INTO vsb_all_wards VALUE (9748,'Phường An Lộc',626);
INSERT INTO vsb_all_wards VALUE (9749,'Phường An Thạnh',626);
INSERT INTO vsb_all_wards VALUE (9750,'Xã Bình Thạnh',626);
INSERT INTO vsb_all_wards VALUE (9751,'Xã Tân Hội',626);
INSERT INTO vsb_all_wards VALUE (9752,'Phường An Lạc',626);
INSERT INTO vsb_all_wards VALUE (9753,'Phường An Bình B',626);
INSERT INTO vsb_all_wards VALUE (9754,'Phường An Bình A',626);
INSERT INTO vsb_all_districts VALUE (627,'Huyện Tân Hồng',56);
INSERT INTO vsb_all_wards VALUE (9755,'Thị trấn Sa Rài',627);
INSERT INTO vsb_all_wards VALUE (9756,'Xã Tân Hộ Cơ',627);
INSERT INTO vsb_all_wards VALUE (9757,'Xã Thông Bình',627);
INSERT INTO vsb_all_wards VALUE (9758,'Xã Bình Phú',627);
INSERT INTO vsb_all_wards VALUE (9759,'Xã Tân Thành A',627);
INSERT INTO vsb_all_wards VALUE (9760,'Xã Tân Thành B',627);
INSERT INTO vsb_all_wards VALUE (9761,'Xã Tân Phước',627);
INSERT INTO vsb_all_wards VALUE (9762,'Xã Tân Công Chí',627);
INSERT INTO vsb_all_wards VALUE (9763,'Xã An Phước',627);
INSERT INTO vsb_all_districts VALUE (628,'Huyện Hồng Ngự',56);
INSERT INTO vsb_all_wards VALUE (9764,'Xã Thường Phước 1',628);
INSERT INTO vsb_all_wards VALUE (9765,'Xã Thường Thới Hậu A',628);
INSERT INTO vsb_all_wards VALUE (9766,'Thị trấn Thường Thới Tiền',628);
INSERT INTO vsb_all_wards VALUE (9767,'Xã Thường Phước 2',628);
INSERT INTO vsb_all_wards VALUE (9768,'Xã Thường Lạc',628);
INSERT INTO vsb_all_wards VALUE (9769,'Xã Long Khánh A',628);
INSERT INTO vsb_all_wards VALUE (9770,'Xã Long Khánh B',628);
INSERT INTO vsb_all_wards VALUE (9771,'Xã Long Thuận',628);
INSERT INTO vsb_all_wards VALUE (9772,'Xã Phú Thuận B',628);
INSERT INTO vsb_all_wards VALUE (9773,'Xã Phú Thuận A',628);
INSERT INTO vsb_all_districts VALUE (629,'Huyện Tam Nông',56);
INSERT INTO vsb_all_wards VALUE (9774,'Thị trấn Tràm Chim',629);
INSERT INTO vsb_all_wards VALUE (9775,'Xã Hoà Bình',629);
INSERT INTO vsb_all_wards VALUE (9776,'Xã Tân Công Sính',629);
INSERT INTO vsb_all_wards VALUE (9777,'Xã Phú Hiệp',629);
INSERT INTO vsb_all_wards VALUE (9778,'Xã Phú Đức',629);
INSERT INTO vsb_all_wards VALUE (9779,'Xã Phú Thành B',629);
INSERT INTO vsb_all_wards VALUE (9780,'Xã An Hòa',629);
INSERT INTO vsb_all_wards VALUE (9781,'Xã An Long',629);
INSERT INTO vsb_all_wards VALUE (9782,'Xã Phú Cường',629);
INSERT INTO vsb_all_wards VALUE (9783,'Xã Phú Ninh',629);
INSERT INTO vsb_all_wards VALUE (9784,'Xã Phú Thọ',629);
INSERT INTO vsb_all_wards VALUE (9785,'Xã Phú Thành A',629);
INSERT INTO vsb_all_districts VALUE (630,'Huyện Tháp Mười',56);
INSERT INTO vsb_all_wards VALUE (9786,'Thị trấn Mỹ An',630);
INSERT INTO vsb_all_wards VALUE (9787,'Xã Thạnh Lợi',630);
INSERT INTO vsb_all_wards VALUE (9788,'Xã Hưng Thạnh',630);
INSERT INTO vsb_all_wards VALUE (9789,'Xã Trường Xuân',630);
INSERT INTO vsb_all_wards VALUE (9790,'Xã Tân Kiều',630);
INSERT INTO vsb_all_wards VALUE (9791,'Xã Mỹ Hòa',630);
INSERT INTO vsb_all_wards VALUE (9792,'Xã Mỹ Quý',630);
INSERT INTO vsb_all_wards VALUE (9793,'Xã Mỹ Đông',630);
INSERT INTO vsb_all_wards VALUE (9794,'Xã Đốc Binh Kiều',630);
INSERT INTO vsb_all_wards VALUE (9795,'Xã Mỹ An',630);
INSERT INTO vsb_all_wards VALUE (9796,'Xã Phú Điền',630);
INSERT INTO vsb_all_wards VALUE (9797,'Xã Láng Biển',630);
INSERT INTO vsb_all_wards VALUE (9798,'Xã Thanh Mỹ',630);
INSERT INTO vsb_all_districts VALUE (631,'Huyện Cao Lãnh',56);
INSERT INTO vsb_all_wards VALUE (9799,'Thị trấn Mỹ Thọ',631);
INSERT INTO vsb_all_wards VALUE (9800,'Xã Gáo Giồng',631);
INSERT INTO vsb_all_wards VALUE (9801,'Xã Phương Thịnh',631);
INSERT INTO vsb_all_wards VALUE (9802,'Xã Ba Sao',631);
INSERT INTO vsb_all_wards VALUE (9803,'Xã Phong Mỹ',631);
INSERT INTO vsb_all_wards VALUE (9804,'Xã Tân Nghĩa',631);
INSERT INTO vsb_all_wards VALUE (9805,'Xã Phương Trà',631);
INSERT INTO vsb_all_wards VALUE (9806,'Xã Nhị Mỹ',631);
INSERT INTO vsb_all_wards VALUE (9807,'Xã Mỹ Thọ',631);
INSERT INTO vsb_all_wards VALUE (9808,'Xã Tân Hội Trung',631);
INSERT INTO vsb_all_wards VALUE (9809,'Xã An Bình',631);
INSERT INTO vsb_all_wards VALUE (9810,'Xã Mỹ Hội',631);
INSERT INTO vsb_all_wards VALUE (9811,'Xã Mỹ Hiệp',631);
INSERT INTO vsb_all_wards VALUE (9812,'Xã Mỹ Long',631);
INSERT INTO vsb_all_wards VALUE (9813,'Xã Bình Hàng Trung',631);
INSERT INTO vsb_all_wards VALUE (9814,'Xã Mỹ Xương',631);
INSERT INTO vsb_all_wards VALUE (9815,'Xã Bình Hàng Tây',631);
INSERT INTO vsb_all_wards VALUE (9816,'Xã Bình Thạnh',631);
INSERT INTO vsb_all_districts VALUE (632,'Huyện Thanh Bình',56);
INSERT INTO vsb_all_wards VALUE (9817,'Thị trấn Thanh Bình',632);
INSERT INTO vsb_all_wards VALUE (9818,'Xã Tân Quới',632);
INSERT INTO vsb_all_wards VALUE (9819,'Xã Tân Hòa',632);
INSERT INTO vsb_all_wards VALUE (9820,'Xã An Phong',632);
INSERT INTO vsb_all_wards VALUE (9821,'Xã Phú Lợi',632);
INSERT INTO vsb_all_wards VALUE (9822,'Xã Tân Mỹ',632);
INSERT INTO vsb_all_wards VALUE (9823,'Xã Bình Tấn',632);
INSERT INTO vsb_all_wards VALUE (9824,'Xã Tân Huề',632);
INSERT INTO vsb_all_wards VALUE (9825,'Xã Tân Bình',632);
INSERT INTO vsb_all_wards VALUE (9826,'Xã Tân Thạnh',632);
INSERT INTO vsb_all_wards VALUE (9827,'Xã Tân Phú',632);
INSERT INTO vsb_all_wards VALUE (9828,'Xã Bình Thành',632);
INSERT INTO vsb_all_wards VALUE (9829,'Xã Tân Long',632);
INSERT INTO vsb_all_districts VALUE (633,'Huyện Lấp Vò',56);
INSERT INTO vsb_all_wards VALUE (9830,'Thị trấn Lấp Vò',633);
INSERT INTO vsb_all_wards VALUE (9831,'Xã Mỹ An Hưng A',633);
INSERT INTO vsb_all_wards VALUE (9832,'Xã Tân Mỹ',633);
INSERT INTO vsb_all_wards VALUE (9833,'Xã Mỹ An Hưng B',633);
INSERT INTO vsb_all_wards VALUE (9834,'Xã Tân Khánh Trung',633);
INSERT INTO vsb_all_wards VALUE (9835,'Xã Long Hưng A',633);
INSERT INTO vsb_all_wards VALUE (9836,'Xã Vĩnh Thạnh',633);
INSERT INTO vsb_all_wards VALUE (9837,'Xã Long Hưng B',633);
INSERT INTO vsb_all_wards VALUE (9838,'Xã Bình Thành',633);
INSERT INTO vsb_all_wards VALUE (9839,'Xã Định An',633);
INSERT INTO vsb_all_wards VALUE (9840,'Xã Định Yên',633);
INSERT INTO vsb_all_wards VALUE (9841,'Xã Hội An Đông',633);
INSERT INTO vsb_all_wards VALUE (9842,'Xã Bình Thạnh Trung',633);
INSERT INTO vsb_all_districts VALUE (634,'Huyện Lai Vung',56);
INSERT INTO vsb_all_wards VALUE (9843,'Thị trấn Lai Vung',634);
INSERT INTO vsb_all_wards VALUE (9844,'Xã Tân Dương',634);
INSERT INTO vsb_all_wards VALUE (9845,'Xã Hòa Thành',634);
INSERT INTO vsb_all_wards VALUE (9846,'Xã Long Hậu',634);
INSERT INTO vsb_all_wards VALUE (9847,'Xã Tân Phước',634);
INSERT INTO vsb_all_wards VALUE (9848,'Xã Hòa Long',634);
INSERT INTO vsb_all_wards VALUE (9849,'Xã Tân Thành',634);
INSERT INTO vsb_all_wards VALUE (9850,'Xã Long Thắng',634);
INSERT INTO vsb_all_wards VALUE (9851,'Xã Vĩnh Thới',634);
INSERT INTO vsb_all_wards VALUE (9852,'Xã Tân Hòa',634);
INSERT INTO vsb_all_wards VALUE (9853,'Xã Định Hòa',634);
INSERT INTO vsb_all_wards VALUE (9854,'Xã Phong Hòa',634);
INSERT INTO vsb_all_districts VALUE (635,'Huyện Châu Thành',56);
INSERT INTO vsb_all_wards VALUE (9855,'Thị trấn Cái Tàu Hạ',635);
INSERT INTO vsb_all_wards VALUE (9856,'Xã An Hiệp',635);
INSERT INTO vsb_all_wards VALUE (9857,'Xã An Nhơn',635);
INSERT INTO vsb_all_wards VALUE (9858,'Xã Tân Nhuận Đông',635);
INSERT INTO vsb_all_wards VALUE (9859,'Xã Tân Bình',635);
INSERT INTO vsb_all_wards VALUE (9860,'Xã Tân Phú Trung',635);
INSERT INTO vsb_all_wards VALUE (9861,'Xã Phú Long',635);
INSERT INTO vsb_all_wards VALUE (9862,'Xã An Phú Thuận',635);
INSERT INTO vsb_all_wards VALUE (9863,'Xã Phú Hựu',635);
INSERT INTO vsb_all_wards VALUE (9864,'Xã An Khánh',635);
INSERT INTO vsb_all_wards VALUE (9865,'Xã Tân Phú',635);
INSERT INTO vsb_all_wards VALUE (9866,'Xã Hòa Tân',635);
INSERT INTO vsb_all_provinces VALUE (57,'Tỉnh An Giang');
INSERT INTO vsb_all_districts VALUE (636,'Thành phố Long Xuyên',57);
INSERT INTO vsb_all_wards VALUE (9867,'Phường Mỹ Bình',636);
INSERT INTO vsb_all_wards VALUE (9868,'Phường Mỹ Long',636);
INSERT INTO vsb_all_wards VALUE (9869,'Phường Đông Xuyên',636);
INSERT INTO vsb_all_wards VALUE (9870,'Phường Mỹ Xuyên',636);
INSERT INTO vsb_all_wards VALUE (9871,'Phường Bình Đức',636);
INSERT INTO vsb_all_wards VALUE (9872,'Phường Bình Khánh',636);
INSERT INTO vsb_all_wards VALUE (9873,'Phường Mỹ Phước',636);
INSERT INTO vsb_all_wards VALUE (9874,'Phường Mỹ Quý',636);
INSERT INTO vsb_all_wards VALUE (9875,'Phường Mỹ Thới',636);
INSERT INTO vsb_all_wards VALUE (9876,'Phường Mỹ Thạnh',636);
INSERT INTO vsb_all_wards VALUE (9877,'Phường Mỹ Hòa',636);
INSERT INTO vsb_all_wards VALUE (9878,'Xã Mỹ Khánh',636);
INSERT INTO vsb_all_wards VALUE (9879,'Xã Mỹ Hoà Hưng',636);
INSERT INTO vsb_all_districts VALUE (637,'Thành phố Châu Đốc',57);
INSERT INTO vsb_all_wards VALUE (9880,'Phường Châu Phú B',637);
INSERT INTO vsb_all_wards VALUE (9881,'Phường Châu Phú A',637);
INSERT INTO vsb_all_wards VALUE (9882,'Phường Vĩnh Mỹ',637);
INSERT INTO vsb_all_wards VALUE (9883,'Phường Núi Sam',637);
INSERT INTO vsb_all_wards VALUE (9884,'Phường Vĩnh Ngươn',637);
INSERT INTO vsb_all_wards VALUE (9885,'Xã Vĩnh Tế',637);
INSERT INTO vsb_all_wards VALUE (9886,'Xã Vĩnh Châu',637);
INSERT INTO vsb_all_districts VALUE (638,'Huyện An Phú',57);
INSERT INTO vsb_all_wards VALUE (9887,'Thị trấn An Phú',638);
INSERT INTO vsb_all_wards VALUE (9888,'Xã Khánh An',638);
INSERT INTO vsb_all_wards VALUE (9889,'Thị trấn Long Bình',638);
INSERT INTO vsb_all_wards VALUE (9890,'Xã Khánh Bình',638);
INSERT INTO vsb_all_wards VALUE (9891,'Xã Quốc Thái',638);
INSERT INTO vsb_all_wards VALUE (9892,'Xã Nhơn Hội',638);
INSERT INTO vsb_all_wards VALUE (9893,'Xã Phú Hữu',638);
INSERT INTO vsb_all_wards VALUE (9894,'Xã Phú Hội',638);
INSERT INTO vsb_all_wards VALUE (9895,'Xã Phước Hưng',638);
INSERT INTO vsb_all_wards VALUE (9896,'Xã Vĩnh Lộc',638);
INSERT INTO vsb_all_wards VALUE (9897,'Xã Vĩnh Hậu',638);
INSERT INTO vsb_all_wards VALUE (9898,'Xã Vĩnh Trường',638);
INSERT INTO vsb_all_wards VALUE (9899,'Xã Vĩnh Hội Đông',638);
INSERT INTO vsb_all_wards VALUE (9900,'Thị trấn Đa Phước',638);
INSERT INTO vsb_all_districts VALUE (639,'Thị xã Tân Châu',57);
INSERT INTO vsb_all_wards VALUE (9901,'Phường Long Thạnh',639);
INSERT INTO vsb_all_wards VALUE (9902,'Phường Long Hưng',639);
INSERT INTO vsb_all_wards VALUE (9903,'Phường Long Châu',639);
INSERT INTO vsb_all_wards VALUE (9904,'Xã Phú Lộc',639);
INSERT INTO vsb_all_wards VALUE (9905,'Xã Vĩnh Xương',639);
INSERT INTO vsb_all_wards VALUE (9906,'Xã Vĩnh Hòa',639);
INSERT INTO vsb_all_wards VALUE (9907,'Xã Tân Thạnh',639);
INSERT INTO vsb_all_wards VALUE (9908,'Xã Tân An',639);
INSERT INTO vsb_all_wards VALUE (9909,'Xã Long An',639);
INSERT INTO vsb_all_wards VALUE (9910,'Phường Long Phú',639);
INSERT INTO vsb_all_wards VALUE (9911,'Xã Châu Phong',639);
INSERT INTO vsb_all_wards VALUE (9912,'Xã Phú Vĩnh',639);
INSERT INTO vsb_all_wards VALUE (9913,'Xã Lê Chánh',639);
INSERT INTO vsb_all_wards VALUE (9914,'Phường Long Sơn',639);
INSERT INTO vsb_all_districts VALUE (640,'Huyện Phú Tân',57);
INSERT INTO vsb_all_wards VALUE (9915,'Thị trấn Phú Mỹ',640);
INSERT INTO vsb_all_wards VALUE (9916,'Thị trấn Chợ Vàm',640);
INSERT INTO vsb_all_wards VALUE (9917,'Xã Long Hoà',640);
INSERT INTO vsb_all_wards VALUE (9918,'Xã Phú Long',640);
INSERT INTO vsb_all_wards VALUE (9919,'Xã Phú Lâm',640);
INSERT INTO vsb_all_wards VALUE (9920,'Xã Phú Hiệp',640);
INSERT INTO vsb_all_wards VALUE (9921,'Xã Phú Thạnh',640);
INSERT INTO vsb_all_wards VALUE (9922,'Xã Hoà Lạc',640);
INSERT INTO vsb_all_wards VALUE (9923,'Xã Phú Thành',640);
INSERT INTO vsb_all_wards VALUE (9924,'Xã Phú An',640);
INSERT INTO vsb_all_wards VALUE (9925,'Xã Phú Xuân',640);
INSERT INTO vsb_all_wards VALUE (9926,'Xã Hiệp Xương',640);
INSERT INTO vsb_all_wards VALUE (9927,'Xã Phú Bình',640);
INSERT INTO vsb_all_wards VALUE (9928,'Xã Phú Thọ',640);
INSERT INTO vsb_all_wards VALUE (9929,'Xã Phú Hưng',640);
INSERT INTO vsb_all_wards VALUE (9930,'Xã Bình Thạnh Đông',640);
INSERT INTO vsb_all_wards VALUE (9931,'Xã Tân Hòa',640);
INSERT INTO vsb_all_wards VALUE (9932,'Xã Tân Trung',640);
INSERT INTO vsb_all_districts VALUE (641,'Huyện Châu Phú',57);
INSERT INTO vsb_all_wards VALUE (9933,'Thị trấn Cái Dầu',641);
INSERT INTO vsb_all_wards VALUE (9934,'Xã Khánh Hòa',641);
INSERT INTO vsb_all_wards VALUE (9935,'Xã Mỹ Đức',641);
INSERT INTO vsb_all_wards VALUE (9936,'Xã Mỹ Phú',641);
INSERT INTO vsb_all_wards VALUE (9937,'Xã Ô Long Vỹ',641);
INSERT INTO vsb_all_wards VALUE (9938,'Thị trấn Vĩnh Thạnh Trung',641);
INSERT INTO vsb_all_wards VALUE (9939,'Xã Thạnh Mỹ Tây',641);
INSERT INTO vsb_all_wards VALUE (9940,'Xã Bình Long',641);
INSERT INTO vsb_all_wards VALUE (9941,'Xã Bình Mỹ',641);
INSERT INTO vsb_all_wards VALUE (9942,'Xã Bình Thủy',641);
INSERT INTO vsb_all_wards VALUE (9943,'Xã Đào Hữu Cảnh',641);
INSERT INTO vsb_all_wards VALUE (9944,'Xã Bình Phú',641);
INSERT INTO vsb_all_wards VALUE (9945,'Xã Bình Chánh',641);
INSERT INTO vsb_all_districts VALUE (642,'Thị xã Tịnh Biên',57);
INSERT INTO vsb_all_wards VALUE (9946,'Phường Nhà Bàng',642);
INSERT INTO vsb_all_wards VALUE (9947,'Phường Chi Lăng',642);
INSERT INTO vsb_all_wards VALUE (9948,'Phường Núi Voi',642);
INSERT INTO vsb_all_wards VALUE (9949,'Phường Nhơn Hưng',642);
INSERT INTO vsb_all_wards VALUE (9950,'Phường An Phú',642);
INSERT INTO vsb_all_wards VALUE (9951,'Phường Thới Sơn',642);
INSERT INTO vsb_all_wards VALUE (9952,'Phường Tịnh Biên',642);
INSERT INTO vsb_all_wards VALUE (9953,'Xã Văn Giáo',642);
INSERT INTO vsb_all_wards VALUE (9954,'Xã An Cư',642);
INSERT INTO vsb_all_wards VALUE (9955,'Xã An Nông',642);
INSERT INTO vsb_all_wards VALUE (9956,'Xã Vĩnh Trung',642);
INSERT INTO vsb_all_wards VALUE (9957,'Xã Tân Lợi',642);
INSERT INTO vsb_all_wards VALUE (9958,'Xã An Hảo',642);
INSERT INTO vsb_all_wards VALUE (9959,'Xã Tân Lập',642);
INSERT INTO vsb_all_districts VALUE (643,'Huyện Tri Tôn',57);
INSERT INTO vsb_all_wards VALUE (9960,'Thị trấn Tri Tôn',643);
INSERT INTO vsb_all_wards VALUE (9961,'Thị trấn Ba Chúc',643);
INSERT INTO vsb_all_wards VALUE (9962,'Xã Lạc Quới',643);
INSERT INTO vsb_all_wards VALUE (9963,'Xã Lê Trì',643);
INSERT INTO vsb_all_wards VALUE (9964,'Xã Vĩnh Gia',643);
INSERT INTO vsb_all_wards VALUE (9965,'Xã Vĩnh Phước',643);
INSERT INTO vsb_all_wards VALUE (9966,'Xã Châu Lăng',643);
INSERT INTO vsb_all_wards VALUE (9967,'Xã Lương Phi',643);
INSERT INTO vsb_all_wards VALUE (9968,'Xã Lương An Trà',643);
INSERT INTO vsb_all_wards VALUE (9969,'Xã Tà Đảnh',643);
INSERT INTO vsb_all_wards VALUE (9970,'Xã Núi Tô',643);
INSERT INTO vsb_all_wards VALUE (9971,'Xã An Tức',643);
INSERT INTO vsb_all_wards VALUE (9972,'Thị trấn Cô Tô',643);
INSERT INTO vsb_all_wards VALUE (9973,'Xã Tân Tuyến',643);
INSERT INTO vsb_all_wards VALUE (9974,'Xã Ô Lâm',643);
INSERT INTO vsb_all_districts VALUE (644,'Huyện Châu Thành',57);
INSERT INTO vsb_all_wards VALUE (9975,'Thị trấn An Châu',644);
INSERT INTO vsb_all_wards VALUE (9976,'Xã An Hòa',644);
INSERT INTO vsb_all_wards VALUE (9977,'Xã Cần Đăng',644);
INSERT INTO vsb_all_wards VALUE (9978,'Xã Vĩnh Hanh',644);
INSERT INTO vsb_all_wards VALUE (9979,'Xã Bình Thạnh',644);
INSERT INTO vsb_all_wards VALUE (9980,'Thị trấn Vĩnh Bình',644);
INSERT INTO vsb_all_wards VALUE (9981,'Xã Bình Hòa',644);
INSERT INTO vsb_all_wards VALUE (9982,'Xã Vĩnh An',644);
INSERT INTO vsb_all_wards VALUE (9983,'Xã Hòa Bình Thạnh',644);
INSERT INTO vsb_all_wards VALUE (9984,'Xã Vĩnh Lợi',644);
INSERT INTO vsb_all_wards VALUE (9985,'Xã Vĩnh Nhuận',644);
INSERT INTO vsb_all_wards VALUE (9986,'Xã Tân Phú',644);
INSERT INTO vsb_all_wards VALUE (9987,'Xã Vĩnh Thành',644);
INSERT INTO vsb_all_districts VALUE (645,'Huyện Chợ Mới',57);
INSERT INTO vsb_all_wards VALUE (9988,'Thị trấn Chợ Mới',645);
INSERT INTO vsb_all_wards VALUE (9989,'Thị trấn Mỹ Luông',645);
INSERT INTO vsb_all_wards VALUE (9990,'Xã Kiến An',645);
INSERT INTO vsb_all_wards VALUE (9991,'Xã Mỹ Hội Đông',645);
INSERT INTO vsb_all_wards VALUE (9992,'Xã Long Điền A',645);
INSERT INTO vsb_all_wards VALUE (9993,'Xã Tấn Mỹ',645);
INSERT INTO vsb_all_wards VALUE (9994,'Xã Long Điền B',645);
INSERT INTO vsb_all_wards VALUE (9995,'Xã Kiến Thành',645);
INSERT INTO vsb_all_wards VALUE (9996,'Xã Mỹ Hiệp',645);
INSERT INTO vsb_all_wards VALUE (9997,'Xã Mỹ An',645);
INSERT INTO vsb_all_wards VALUE (9998,'Xã Nhơn Mỹ',645);
INSERT INTO vsb_all_wards VALUE (9999,'Xã Long Giang',645);
INSERT INTO vsb_all_wards VALUE (10000,'Xã Long Kiến',645);
INSERT INTO vsb_all_wards VALUE (10001,'Xã Bình Phước Xuân',645);
INSERT INTO vsb_all_wards VALUE (10002,'Xã An Thạnh Trung',645);
INSERT INTO vsb_all_wards VALUE (10003,'Thị trấn Hội An',645);
INSERT INTO vsb_all_wards VALUE (10004,'Xã Hòa Bình',645);
INSERT INTO vsb_all_wards VALUE (10005,'Xã Hòa An',645);
INSERT INTO vsb_all_districts VALUE (646,'Huyện Thoại Sơn',57);
INSERT INTO vsb_all_wards VALUE (10006,'Thị trấn Núi Sập',646);
INSERT INTO vsb_all_wards VALUE (10007,'Thị trấn Phú Hoà',646);
INSERT INTO vsb_all_wards VALUE (10008,'Thị trấn Óc Eo',646);
INSERT INTO vsb_all_wards VALUE (10009,'Xã Tây Phú',646);
INSERT INTO vsb_all_wards VALUE (10010,'Xã An Bình',646);
INSERT INTO vsb_all_wards VALUE (10011,'Xã Vĩnh Phú',646);
INSERT INTO vsb_all_wards VALUE (10012,'Xã Vĩnh Trạch',646);
INSERT INTO vsb_all_wards VALUE (10013,'Xã Phú Thuận',646);
INSERT INTO vsb_all_wards VALUE (10014,'Xã Vĩnh Chánh',646);
INSERT INTO vsb_all_wards VALUE (10015,'Xã Định Mỹ',646);
INSERT INTO vsb_all_wards VALUE (10016,'Xã Định Thành',646);
INSERT INTO vsb_all_wards VALUE (10017,'Xã Mỹ Phú Đông',646);
INSERT INTO vsb_all_wards VALUE (10018,'Xã Vọng Đông',646);
INSERT INTO vsb_all_wards VALUE (10019,'Xã Vĩnh Khánh',646);
INSERT INTO vsb_all_wards VALUE (10020,'Xã Thoại Giang',646);
INSERT INTO vsb_all_wards VALUE (10021,'Xã Bình Thành',646);
INSERT INTO vsb_all_wards VALUE (10022,'Xã Vọng Thê',646);
INSERT INTO vsb_all_provinces VALUE (58,'Tỉnh Kiên Giang');
INSERT INTO vsb_all_districts VALUE (647,'Thành phố Rạch Giá',58);
INSERT INTO vsb_all_wards VALUE (10023,'Phường Vĩnh Thanh Vân',647);
INSERT INTO vsb_all_wards VALUE (10024,'Phường Vĩnh Thanh',647);
INSERT INTO vsb_all_wards VALUE (10025,'Phường Vĩnh Quang',647);
INSERT INTO vsb_all_wards VALUE (10026,'Phường Vĩnh Hiệp',647);
INSERT INTO vsb_all_wards VALUE (10027,'Phường Vĩnh Bảo',647);
INSERT INTO vsb_all_wards VALUE (10028,'Phường Vĩnh Lạc',647);
INSERT INTO vsb_all_wards VALUE (10029,'Phường An Hòa',647);
INSERT INTO vsb_all_wards VALUE (10030,'Phường An Bình',647);
INSERT INTO vsb_all_wards VALUE (10031,'Phường Rạch Sỏi',647);
INSERT INTO vsb_all_wards VALUE (10032,'Phường Vĩnh Lợi',647);
INSERT INTO vsb_all_wards VALUE (10033,'Phường Vĩnh Thông',647);
INSERT INTO vsb_all_wards VALUE (10034,'Xã Phi Thông',647);
INSERT INTO vsb_all_districts VALUE (648,'Thành phố Hà Tiên',58);
INSERT INTO vsb_all_wards VALUE (10035,'Phường Tô Châu',648);
INSERT INTO vsb_all_wards VALUE (10036,'Phường Đông Hồ',648);
INSERT INTO vsb_all_wards VALUE (10037,'Phường Bình San',648);
INSERT INTO vsb_all_wards VALUE (10038,'Phường Pháo Đài',648);
INSERT INTO vsb_all_wards VALUE (10039,'Phường Mỹ Đức',648);
INSERT INTO vsb_all_wards VALUE (10040,'Xã Tiên Hải',648);
INSERT INTO vsb_all_wards VALUE (10041,'Xã Thuận Yên',648);
INSERT INTO vsb_all_districts VALUE (649,'Huyện Kiên Lương',58);
INSERT INTO vsb_all_wards VALUE (10042,'Thị trấn Kiên Lương',649);
INSERT INTO vsb_all_wards VALUE (10043,'Xã Kiên Bình',649);
INSERT INTO vsb_all_wards VALUE (10044,'Xã Hòa Điền',649);
INSERT INTO vsb_all_wards VALUE (10045,'Xã Dương Hòa',649);
INSERT INTO vsb_all_wards VALUE (10046,'Xã Bình An',649);
INSERT INTO vsb_all_wards VALUE (10047,'Xã Bình Trị',649);
INSERT INTO vsb_all_wards VALUE (10048,'Xã Sơn Hải',649);
INSERT INTO vsb_all_wards VALUE (10049,'Xã Hòn Nghệ',649);
INSERT INTO vsb_all_districts VALUE (650,'Huyện Hòn Đất',58);
INSERT INTO vsb_all_wards VALUE (10050,'Thị trấn Hòn Đất',650);
INSERT INTO vsb_all_wards VALUE (10051,'Thị trấn Sóc Sơn',650);
INSERT INTO vsb_all_wards VALUE (10052,'Xã Bình Sơn',650);
INSERT INTO vsb_all_wards VALUE (10053,'Xã Bình Giang',650);
INSERT INTO vsb_all_wards VALUE (10054,'Xã Mỹ Thái',650);
INSERT INTO vsb_all_wards VALUE (10055,'Xã Nam Thái Sơn',650);
INSERT INTO vsb_all_wards VALUE (10056,'Xã Mỹ Hiệp Sơn',650);
INSERT INTO vsb_all_wards VALUE (10057,'Xã Sơn Kiên',650);
INSERT INTO vsb_all_wards VALUE (10058,'Xã Sơn Bình',650);
INSERT INTO vsb_all_wards VALUE (10059,'Xã Mỹ Thuận',650);
INSERT INTO vsb_all_wards VALUE (10060,'Xã Lình Huỳnh',650);
INSERT INTO vsb_all_wards VALUE (10061,'Xã Thổ Sơn',650);
INSERT INTO vsb_all_wards VALUE (10062,'Xã Mỹ Lâm',650);
INSERT INTO vsb_all_wards VALUE (10063,'Xã Mỹ Phước',650);
INSERT INTO vsb_all_districts VALUE (651,'Huyện Tân Hiệp',58);
INSERT INTO vsb_all_wards VALUE (10064,'Thị trấn Tân Hiệp',651);
INSERT INTO vsb_all_wards VALUE (10065,'Xã Tân Hội',651);
INSERT INTO vsb_all_wards VALUE (10066,'Xã Tân Thành',651);
INSERT INTO vsb_all_wards VALUE (10067,'Xã Tân Hiệp B',651);
INSERT INTO vsb_all_wards VALUE (10068,'Xã Tân Hoà',651);
INSERT INTO vsb_all_wards VALUE (10069,'Xã Thạnh Đông B',651);
INSERT INTO vsb_all_wards VALUE (10070,'Xã Thạnh Đông',651);
INSERT INTO vsb_all_wards VALUE (10071,'Xã Tân Hiệp A',651);
INSERT INTO vsb_all_wards VALUE (10072,'Xã Tân An',651);
INSERT INTO vsb_all_wards VALUE (10073,'Xã Thạnh Đông A',651);
INSERT INTO vsb_all_wards VALUE (10074,'Xã Thạnh Trị',651);
INSERT INTO vsb_all_districts VALUE (652,'Huyện Châu Thành',58);
INSERT INTO vsb_all_wards VALUE (10075,'Thị trấn Minh Lương',652);
INSERT INTO vsb_all_wards VALUE (10076,'Xã Mong Thọ A',652);
INSERT INTO vsb_all_wards VALUE (10077,'Xã Mong Thọ B',652);
INSERT INTO vsb_all_wards VALUE (10078,'Xã Mong Thọ',652);
INSERT INTO vsb_all_wards VALUE (10079,'Xã Giục Tượng',652);
INSERT INTO vsb_all_wards VALUE (10080,'Xã Vĩnh Hòa Hiệp',652);
INSERT INTO vsb_all_wards VALUE (10081,'Xã Vĩnh Hoà Phú',652);
INSERT INTO vsb_all_wards VALUE (10082,'Xã Minh Hòa',652);
INSERT INTO vsb_all_wards VALUE (10083,'Xã Bình An',652);
INSERT INTO vsb_all_wards VALUE (10084,'Xã Thạnh Lộc',652);
INSERT INTO vsb_all_districts VALUE (653,'Huyện Giồng Riềng',58);
INSERT INTO vsb_all_wards VALUE (10085,'Thị trấn Giồng Riềng',653);
INSERT INTO vsb_all_wards VALUE (10086,'Xã Thạnh Hưng',653);
INSERT INTO vsb_all_wards VALUE (10087,'Xã Thạnh Phước',653);
INSERT INTO vsb_all_wards VALUE (10088,'Xã Thạnh Lộc',653);
INSERT INTO vsb_all_wards VALUE (10089,'Xã Thạnh Hòa',653);
INSERT INTO vsb_all_wards VALUE (10090,'Xã Thạnh Bình',653);
INSERT INTO vsb_all_wards VALUE (10091,'Xã Bàn Thạch',653);
INSERT INTO vsb_all_wards VALUE (10092,'Xã Bàn Tân Định',653);
INSERT INTO vsb_all_wards VALUE (10093,'Xã Ngọc Thành',653);
INSERT INTO vsb_all_wards VALUE (10094,'Xã Ngọc Chúc',653);
INSERT INTO vsb_all_wards VALUE (10095,'Xã Ngọc Thuận',653);
INSERT INTO vsb_all_wards VALUE (10096,'Xã Hòa Hưng',653);
INSERT INTO vsb_all_wards VALUE (10097,'Xã Hoà Lợi',653);
INSERT INTO vsb_all_wards VALUE (10098,'Xã Hoà An',653);
INSERT INTO vsb_all_wards VALUE (10099,'Xã Long Thạnh',653);
INSERT INTO vsb_all_wards VALUE (10100,'Xã Vĩnh Thạnh',653);
INSERT INTO vsb_all_wards VALUE (10101,'Xã Vĩnh Phú',653);
INSERT INTO vsb_all_wards VALUE (10102,'Xã Hòa Thuận',653);
INSERT INTO vsb_all_wards VALUE (10103,'Xã Ngọc Hoà',653);
INSERT INTO vsb_all_districts VALUE (654,'Huyện Gò Quao',58);
INSERT INTO vsb_all_wards VALUE (10104,'Thị trấn Gò Quao',654);
INSERT INTO vsb_all_wards VALUE (10105,'Xã Vĩnh Hòa Hưng Bắc',654);
INSERT INTO vsb_all_wards VALUE (10106,'Xã Định Hòa',654);
INSERT INTO vsb_all_wards VALUE (10107,'Xã Thới Quản',654);
INSERT INTO vsb_all_wards VALUE (10108,'Xã Định An',654);
INSERT INTO vsb_all_wards VALUE (10109,'Xã Thủy Liễu',654);
INSERT INTO vsb_all_wards VALUE (10110,'Xã Vĩnh Hòa Hưng Nam',654);
INSERT INTO vsb_all_wards VALUE (10111,'Xã Vĩnh Phước A',654);
INSERT INTO vsb_all_wards VALUE (10112,'Xã Vĩnh Phước B',654);
INSERT INTO vsb_all_wards VALUE (10113,'Xã Vĩnh Tuy',654);
INSERT INTO vsb_all_wards VALUE (10114,'Xã Vĩnh Thắng',654);
INSERT INTO vsb_all_districts VALUE (655,'Huyện An Biên',58);
INSERT INTO vsb_all_wards VALUE (10115,'Thị trấn Thứ Ba',655);
INSERT INTO vsb_all_wards VALUE (10116,'Xã Tây Yên',655);
INSERT INTO vsb_all_wards VALUE (10117,'Xã Tây Yên A',655);
INSERT INTO vsb_all_wards VALUE (10118,'Xã Nam Yên',655);
INSERT INTO vsb_all_wards VALUE (10119,'Xã Hưng Yên',655);
INSERT INTO vsb_all_wards VALUE (10120,'Xã Nam Thái',655);
INSERT INTO vsb_all_wards VALUE (10121,'Xã Nam Thái A',655);
INSERT INTO vsb_all_wards VALUE (10122,'Xã Đông Thái',655);
INSERT INTO vsb_all_wards VALUE (10123,'Xã Đông Yên',655);
INSERT INTO vsb_all_districts VALUE (656,'Huyện An Minh',58);
INSERT INTO vsb_all_wards VALUE (10124,'Thị trấn Thứ Mười Một',656);
INSERT INTO vsb_all_wards VALUE (10125,'Xã Thuận Hoà',656);
INSERT INTO vsb_all_wards VALUE (10126,'Xã Đông Hòa',656);
INSERT INTO vsb_all_wards VALUE (10127,'Xã Đông Thạnh',656);
INSERT INTO vsb_all_wards VALUE (10128,'Xã Tân Thạnh',656);
INSERT INTO vsb_all_wards VALUE (10129,'Xã Đông Hưng',656);
INSERT INTO vsb_all_wards VALUE (10130,'Xã Đông Hưng A',656);
INSERT INTO vsb_all_wards VALUE (10131,'Xã Đông Hưng B',656);
INSERT INTO vsb_all_wards VALUE (10132,'Xã Vân Khánh',656);
INSERT INTO vsb_all_wards VALUE (10133,'Xã Vân Khánh Đông',656);
INSERT INTO vsb_all_wards VALUE (10134,'Xã Vân Khánh Tây',656);
INSERT INTO vsb_all_districts VALUE (657,'Huyện Vĩnh Thuận',58);
INSERT INTO vsb_all_wards VALUE (10135,'Thị trấn Vĩnh Thuận',657);
INSERT INTO vsb_all_wards VALUE (10136,'Xã Vĩnh Bình Bắc',657);
INSERT INTO vsb_all_wards VALUE (10137,'Xã Vĩnh Bình Nam',657);
INSERT INTO vsb_all_wards VALUE (10138,'Xã Bình Minh',657);
INSERT INTO vsb_all_wards VALUE (10139,'Xã Vĩnh Thuận',657);
INSERT INTO vsb_all_wards VALUE (10140,'Xã Tân Thuận',657);
INSERT INTO vsb_all_wards VALUE (10141,'Xã Phong Đông',657);
INSERT INTO vsb_all_wards VALUE (10142,'Xã Vĩnh Phong',657);
INSERT INTO vsb_all_districts VALUE (658,'Thành phố Phú Quốc',58);
INSERT INTO vsb_all_wards VALUE (10143,'Phường Dương Đông',658);
INSERT INTO vsb_all_wards VALUE (10144,'Phường An Thới',658);
INSERT INTO vsb_all_wards VALUE (10145,'Xã Cửa Cạn',658);
INSERT INTO vsb_all_wards VALUE (10146,'Xã Gành Dầu',658);
INSERT INTO vsb_all_wards VALUE (10147,'Xã Cửa Dương',658);
INSERT INTO vsb_all_wards VALUE (10148,'Xã Hàm Ninh',658);
INSERT INTO vsb_all_wards VALUE (10149,'Xã Dương Tơ',658);
INSERT INTO vsb_all_wards VALUE (10150,'Xã Bãi Thơm',658);
INSERT INTO vsb_all_wards VALUE (10151,'Xã Thổ Châu',658);
INSERT INTO vsb_all_districts VALUE (659,'Huyện Kiên Hải',58);
INSERT INTO vsb_all_wards VALUE (10152,'Xã Hòn Tre',659);
INSERT INTO vsb_all_wards VALUE (10153,'Xã Lại Sơn',659);
INSERT INTO vsb_all_wards VALUE (10154,'Xã An Sơn',659);
INSERT INTO vsb_all_wards VALUE (10155,'Xã Nam Du',659);
INSERT INTO vsb_all_districts VALUE (660,'Huyện U Minh Thượng',58);
INSERT INTO vsb_all_wards VALUE (10156,'Xã Thạnh Yên',660);
INSERT INTO vsb_all_wards VALUE (10157,'Xã Thạnh Yên A',660);
INSERT INTO vsb_all_wards VALUE (10158,'Xã An Minh Bắc',660);
INSERT INTO vsb_all_wards VALUE (10159,'Xã Vĩnh Hòa',660);
INSERT INTO vsb_all_wards VALUE (10160,'Xã Hoà Chánh',660);
INSERT INTO vsb_all_wards VALUE (10161,'Xã Minh Thuận',660);
INSERT INTO vsb_all_districts VALUE (661,'Huyện Giang Thành',58);
INSERT INTO vsb_all_wards VALUE (10162,'Xã Vĩnh Phú',661);
INSERT INTO vsb_all_wards VALUE (10163,'Xã Vĩnh Điều',661);
INSERT INTO vsb_all_wards VALUE (10164,'Xã Tân Khánh Hòa',661);
INSERT INTO vsb_all_wards VALUE (10165,'Xã Phú Lợi',661);
INSERT INTO vsb_all_wards VALUE (10166,'Xã Phú Mỹ',661);
INSERT INTO vsb_all_provinces VALUE (59,'Thành phố Cần Thơ');
INSERT INTO vsb_all_districts VALUE (662,'Quận Ninh Kiều',59);
INSERT INTO vsb_all_wards VALUE (10167,'Phường Cái Khế',662);
INSERT INTO vsb_all_wards VALUE (10168,'Phường An Hòa',662);
INSERT INTO vsb_all_wards VALUE (10169,'Phường Thới Bình',662);
INSERT INTO vsb_all_wards VALUE (10170,'Phường An Nghiệp',662);
INSERT INTO vsb_all_wards VALUE (10171,'Phường An Cư',662);
INSERT INTO vsb_all_wards VALUE (10172,'Phường Tân An',662);
INSERT INTO vsb_all_wards VALUE (10173,'Phường An Phú',662);
INSERT INTO vsb_all_wards VALUE (10174,'Phường Xuân Khánh',662);
INSERT INTO vsb_all_wards VALUE (10175,'Phường Hưng Lợi',662);
INSERT INTO vsb_all_wards VALUE (10176,'Phường An Khánh',662);
INSERT INTO vsb_all_wards VALUE (10177,'Phường An Bình',662);
INSERT INTO vsb_all_districts VALUE (663,'Quận Ô Môn',59);
INSERT INTO vsb_all_wards VALUE (10178,'Phường Châu Văn Liêm',663);
INSERT INTO vsb_all_wards VALUE (10179,'Phường Thới Hòa',663);
INSERT INTO vsb_all_wards VALUE (10180,'Phường Thới Long',663);
INSERT INTO vsb_all_wards VALUE (10181,'Phường Long Hưng',663);
INSERT INTO vsb_all_wards VALUE (10182,'Phường Thới An',663);
INSERT INTO vsb_all_wards VALUE (10183,'Phường Phước Thới',663);
INSERT INTO vsb_all_wards VALUE (10184,'Phường Trường Lạc',663);
INSERT INTO vsb_all_districts VALUE (664,'Quận Bình Thuỷ',59);
INSERT INTO vsb_all_wards VALUE (10185,'Phường Bình Thủy',664);
INSERT INTO vsb_all_wards VALUE (10186,'Phường Trà An',664);
INSERT INTO vsb_all_wards VALUE (10187,'Phường Trà Nóc',664);
INSERT INTO vsb_all_wards VALUE (10188,'Phường Thới An Đông',664);
INSERT INTO vsb_all_wards VALUE (10189,'Phường An Thới',664);
INSERT INTO vsb_all_wards VALUE (10190,'Phường Bùi Hữu Nghĩa',664);
INSERT INTO vsb_all_wards VALUE (10191,'Phường Long Hòa',664);
INSERT INTO vsb_all_wards VALUE (10192,'Phường Long Tuyền',664);
INSERT INTO vsb_all_districts VALUE (665,'Quận Cái Răng',59);
INSERT INTO vsb_all_wards VALUE (10193,'Phường Lê Bình',665);
INSERT INTO vsb_all_wards VALUE (10194,'Phường Hưng Phú',665);
INSERT INTO vsb_all_wards VALUE (10195,'Phường Hưng Thạnh',665);
INSERT INTO vsb_all_wards VALUE (10196,'Phường Ba Láng',665);
INSERT INTO vsb_all_wards VALUE (10197,'Phường Thường Thạnh',665);
INSERT INTO vsb_all_wards VALUE (10198,'Phường Phú Thứ',665);
INSERT INTO vsb_all_wards VALUE (10199,'Phường Tân Phú',665);
INSERT INTO vsb_all_districts VALUE (666,'Quận Thốt Nốt',59);
INSERT INTO vsb_all_wards VALUE (10200,'Phường Thốt Nốt',666);
INSERT INTO vsb_all_wards VALUE (10201,'Phường Thới Thuận',666);
INSERT INTO vsb_all_wards VALUE (10202,'Phường Thuận An',666);
INSERT INTO vsb_all_wards VALUE (10203,'Phường Tân Lộc',666);
INSERT INTO vsb_all_wards VALUE (10204,'Phường Trung Nhứt',666);
INSERT INTO vsb_all_wards VALUE (10205,'Phường Thạnh Hoà',666);
INSERT INTO vsb_all_wards VALUE (10206,'Phường Trung Kiên',666);
INSERT INTO vsb_all_wards VALUE (10207,'Phường Tân Hưng',666);
INSERT INTO vsb_all_wards VALUE (10208,'Phường Thuận Hưng',666);
INSERT INTO vsb_all_districts VALUE (667,'Huyện Vĩnh Thạnh',59);
INSERT INTO vsb_all_wards VALUE (10209,'Xã Vĩnh Bình',667);
INSERT INTO vsb_all_wards VALUE (10210,'Thị trấn Thanh An',667);
INSERT INTO vsb_all_wards VALUE (10211,'Thị trấn Vĩnh Thạnh',667);
INSERT INTO vsb_all_wards VALUE (10212,'Xã Thạnh Mỹ',667);
INSERT INTO vsb_all_wards VALUE (10213,'Xã Vĩnh Trinh',667);
INSERT INTO vsb_all_wards VALUE (10214,'Xã Thạnh An',667);
INSERT INTO vsb_all_wards VALUE (10215,'Xã Thạnh Tiến',667);
INSERT INTO vsb_all_wards VALUE (10216,'Xã Thạnh Thắng',667);
INSERT INTO vsb_all_wards VALUE (10217,'Xã Thạnh Lợi',667);
INSERT INTO vsb_all_wards VALUE (10218,'Xã Thạnh Qưới',667);
INSERT INTO vsb_all_wards VALUE (10219,'Xã Thạnh Lộc',667);
INSERT INTO vsb_all_districts VALUE (668,'Huyện Cờ Đỏ',59);
INSERT INTO vsb_all_wards VALUE (10220,'Xã Trung An',668);
INSERT INTO vsb_all_wards VALUE (10221,'Xã Trung Thạnh',668);
INSERT INTO vsb_all_wards VALUE (10222,'Xã Thạnh Phú',668);
INSERT INTO vsb_all_wards VALUE (10223,'Xã Trung Hưng',668);
INSERT INTO vsb_all_wards VALUE (10224,'Thị trấn Cờ Đỏ',668);
INSERT INTO vsb_all_wards VALUE (10225,'Xã Thới Hưng',668);
INSERT INTO vsb_all_wards VALUE (10226,'Xã Đông Hiệp',668);
INSERT INTO vsb_all_wards VALUE (10227,'Xã Đông Thắng',668);
INSERT INTO vsb_all_wards VALUE (10228,'Xã Thới Đông',668);
INSERT INTO vsb_all_wards VALUE (10229,'Xã Thới Xuân',668);
INSERT INTO vsb_all_districts VALUE (669,'Huyện Phong Điền',59);
INSERT INTO vsb_all_wards VALUE (10230,'Thị trấn Phong Điền',669);
INSERT INTO vsb_all_wards VALUE (10231,'Xã Nhơn Ái',669);
INSERT INTO vsb_all_wards VALUE (10232,'Xã Giai Xuân',669);
INSERT INTO vsb_all_wards VALUE (10233,'Xã Tân Thới',669);
INSERT INTO vsb_all_wards VALUE (10234,'Xã Trường Long',669);
INSERT INTO vsb_all_wards VALUE (10235,'Xã Mỹ Khánh',669);
INSERT INTO vsb_all_wards VALUE (10236,'Xã Nhơn Nghĩa',669);
INSERT INTO vsb_all_districts VALUE (670,'Huyện Thới Lai',59);
INSERT INTO vsb_all_wards VALUE (10237,'Thị trấn Thới Lai',670);
INSERT INTO vsb_all_wards VALUE (10238,'Xã Thới Thạnh',670);
INSERT INTO vsb_all_wards VALUE (10239,'Xã Tân Thạnh',670);
INSERT INTO vsb_all_wards VALUE (10240,'Xã Xuân Thắng',670);
INSERT INTO vsb_all_wards VALUE (10241,'Xã Đông Bình',670);
INSERT INTO vsb_all_wards VALUE (10242,'Xã Đông Thuận',670);
INSERT INTO vsb_all_wards VALUE (10243,'Xã Thới Tân',670);
INSERT INTO vsb_all_wards VALUE (10244,'Xã Trường Thắng',670);
INSERT INTO vsb_all_wards VALUE (10245,'Xã Định Môn',670);
INSERT INTO vsb_all_wards VALUE (10246,'Xã Trường Thành',670);
INSERT INTO vsb_all_wards VALUE (10247,'Xã Trường Xuân',670);
INSERT INTO vsb_all_wards VALUE (10248,'Xã Trường Xuân A',670);
INSERT INTO vsb_all_wards VALUE (10249,'Xã Trường Xuân B',670);
INSERT INTO vsb_all_provinces VALUE (60,'Tỉnh Hậu Giang');
INSERT INTO vsb_all_districts VALUE (671,'Thành phố Vị Thanh',60);
INSERT INTO vsb_all_wards VALUE (10250,'Phường I',671);
INSERT INTO vsb_all_wards VALUE (10251,'Phường III',671);
INSERT INTO vsb_all_wards VALUE (10252,'Phường IV',671);
INSERT INTO vsb_all_wards VALUE (10253,'Phường V',671);
INSERT INTO vsb_all_wards VALUE (10254,'Phường VII',671);
INSERT INTO vsb_all_wards VALUE (10255,'Xã Vị Tân',671);
INSERT INTO vsb_all_wards VALUE (10256,'Xã Hoả Lựu',671);
INSERT INTO vsb_all_wards VALUE (10257,'Xã Tân Tiến',671);
INSERT INTO vsb_all_wards VALUE (10258,'Xã Hoả Tiến',671);
INSERT INTO vsb_all_districts VALUE (672,'Thành phố Ngã Bảy',60);
INSERT INTO vsb_all_wards VALUE (10259,'Phường Ngã Bảy',672);
INSERT INTO vsb_all_wards VALUE (10260,'Phường Lái Hiếu',672);
INSERT INTO vsb_all_wards VALUE (10261,'Phường Hiệp Thành',672);
INSERT INTO vsb_all_wards VALUE (10262,'Phường Hiệp Lợi',672);
INSERT INTO vsb_all_wards VALUE (10263,'Xã Đại Thành',672);
INSERT INTO vsb_all_wards VALUE (10264,'Xã Tân Thành',672);
INSERT INTO vsb_all_districts VALUE (673,'Huyện Châu Thành A',60);
INSERT INTO vsb_all_wards VALUE (10265,'Thị trấn Một Ngàn',673);
INSERT INTO vsb_all_wards VALUE (10266,'Xã Tân Hoà',673);
INSERT INTO vsb_all_wards VALUE (10267,'Thị trấn Bảy Ngàn',673);
INSERT INTO vsb_all_wards VALUE (10268,'Xã Trường Long Tây',673);
INSERT INTO vsb_all_wards VALUE (10269,'Xã Trường Long A',673);
INSERT INTO vsb_all_wards VALUE (10270,'Xã Nhơn Nghĩa A',673);
INSERT INTO vsb_all_wards VALUE (10271,'Thị trấn Rạch Gòi',673);
INSERT INTO vsb_all_wards VALUE (10272,'Xã Thạnh Xuân',673);
INSERT INTO vsb_all_wards VALUE (10273,'Thị trấn Cái Tắc',673);
INSERT INTO vsb_all_wards VALUE (10274,'Xã Tân Phú Thạnh',673);
INSERT INTO vsb_all_districts VALUE (674,'Huyện Châu Thành',60);
INSERT INTO vsb_all_wards VALUE (10275,'Thị trấn Ngã Sáu',674);
INSERT INTO vsb_all_wards VALUE (10276,'Xã Đông Thạnh',674);
INSERT INTO vsb_all_wards VALUE (10277,'Xã Đông Phú',674);
INSERT INTO vsb_all_wards VALUE (10278,'Xã Phú Hữu',674);
INSERT INTO vsb_all_wards VALUE (10279,'Xã Phú Tân',674);
INSERT INTO vsb_all_wards VALUE (10280,'Thị trấn Mái Dầm',674);
INSERT INTO vsb_all_wards VALUE (10281,'Xã Đông Phước',674);
INSERT INTO vsb_all_wards VALUE (10282,'Xã Đông Phước A',674);
INSERT INTO vsb_all_districts VALUE (675,'Huyện Phụng Hiệp',60);
INSERT INTO vsb_all_wards VALUE (10283,'Thị trấn Kinh Cùng',675);
INSERT INTO vsb_all_wards VALUE (10284,'Thị trấn Cây Dương',675);
INSERT INTO vsb_all_wards VALUE (10285,'Xã Tân Bình',675);
INSERT INTO vsb_all_wards VALUE (10286,'Xã Bình Thành',675);
INSERT INTO vsb_all_wards VALUE (10287,'Xã Thạnh Hòa',675);
INSERT INTO vsb_all_wards VALUE (10288,'Xã Long Thạnh',675);
INSERT INTO vsb_all_wards VALUE (10289,'Xã Phụng Hiệp',675);
INSERT INTO vsb_all_wards VALUE (10290,'Xã Hòa Mỹ',675);
INSERT INTO vsb_all_wards VALUE (10291,'Xã Hòa An',675);
INSERT INTO vsb_all_wards VALUE (10292,'Xã Phương Bình',675);
INSERT INTO vsb_all_wards VALUE (10293,'Xã Hiệp Hưng',675);
INSERT INTO vsb_all_wards VALUE (10294,'Xã Tân Phước Hưng',675);
INSERT INTO vsb_all_wards VALUE (10295,'Thị trấn Búng Tàu',675);
INSERT INTO vsb_all_wards VALUE (10296,'Xã Phương Phú',675);
INSERT INTO vsb_all_wards VALUE (10297,'Xã Tân Long',675);
INSERT INTO vsb_all_districts VALUE (676,'Huyện Vị Thuỷ',60);
INSERT INTO vsb_all_wards VALUE (10298,'Thị trấn Nàng Mau',676);
INSERT INTO vsb_all_wards VALUE (10299,'Xã Vị Trung',676);
INSERT INTO vsb_all_wards VALUE (10300,'Xã Vị Thuỷ',676);
INSERT INTO vsb_all_wards VALUE (10301,'Xã Vị Thắng',676);
INSERT INTO vsb_all_wards VALUE (10302,'Xã Vĩnh Thuận Tây',676);
INSERT INTO vsb_all_wards VALUE (10303,'Xã Vĩnh Trung',676);
INSERT INTO vsb_all_wards VALUE (10304,'Xã Vĩnh Tường',676);
INSERT INTO vsb_all_wards VALUE (10305,'Xã Vị Đông',676);
INSERT INTO vsb_all_wards VALUE (10306,'Xã Vị Thanh',676);
INSERT INTO vsb_all_wards VALUE (10307,'Xã Vị Bình',676);
INSERT INTO vsb_all_districts VALUE (677,'Huyện Long Mỹ',60);
INSERT INTO vsb_all_wards VALUE (10308,'Xã Thuận Hưng',677);
INSERT INTO vsb_all_wards VALUE (10309,'Xã Thuận Hòa',677);
INSERT INTO vsb_all_wards VALUE (10310,'Xã Vĩnh Thuận Đông',677);
INSERT INTO vsb_all_wards VALUE (10311,'Thị trấn Vĩnh Viễn',677);
INSERT INTO vsb_all_wards VALUE (10312,'Xã Vĩnh Viễn A',677);
INSERT INTO vsb_all_wards VALUE (10313,'Xã Lương Tâm',677);
INSERT INTO vsb_all_wards VALUE (10314,'Xã Lương Nghĩa',677);
INSERT INTO vsb_all_wards VALUE (10315,'Xã Xà Phiên',677);
INSERT INTO vsb_all_districts VALUE (678,'Thị xã Long Mỹ',60);
INSERT INTO vsb_all_wards VALUE (10316,'Phường Thuận An',678);
INSERT INTO vsb_all_wards VALUE (10317,'Phường Trà Lồng',678);
INSERT INTO vsb_all_wards VALUE (10318,'Phường Bình Thạnh',678);
INSERT INTO vsb_all_wards VALUE (10319,'Xã Long Bình',678);
INSERT INTO vsb_all_wards VALUE (10320,'Phường Vĩnh Tường',678);
INSERT INTO vsb_all_wards VALUE (10321,'Xã Long Trị',678);
INSERT INTO vsb_all_wards VALUE (10322,'Xã Long Trị A',678);
INSERT INTO vsb_all_wards VALUE (10323,'Xã Long Phú',678);
INSERT INTO vsb_all_wards VALUE (10324,'Xã Tân Phú',678);
INSERT INTO vsb_all_provinces VALUE (61,'Tỉnh Sóc Trăng');
INSERT INTO vsb_all_districts VALUE (679,'Thành phố Sóc Trăng',61);
INSERT INTO vsb_all_wards VALUE (10325,'Phường 5',679);
INSERT INTO vsb_all_wards VALUE (10326,'Phường 7',679);
INSERT INTO vsb_all_wards VALUE (10327,'Phường 8',679);
INSERT INTO vsb_all_wards VALUE (10328,'Phường 6',679);
INSERT INTO vsb_all_wards VALUE (10329,'Phường 2',679);
INSERT INTO vsb_all_wards VALUE (10330,'Phường 1',679);
INSERT INTO vsb_all_wards VALUE (10331,'Phường 4',679);
INSERT INTO vsb_all_wards VALUE (10332,'Phường 3',679);
INSERT INTO vsb_all_wards VALUE (10333,'Phường 9',679);
INSERT INTO vsb_all_wards VALUE (10334,'Phường 10',679);
INSERT INTO vsb_all_districts VALUE (680,'Huyện Châu Thành',61);
INSERT INTO vsb_all_wards VALUE (10335,'Thị trấn Châu Thành',680);
INSERT INTO vsb_all_wards VALUE (10336,'Xã Hồ Đắc Kiện',680);
INSERT INTO vsb_all_wards VALUE (10337,'Xã Phú Tâm',680);
INSERT INTO vsb_all_wards VALUE (10338,'Xã Thuận Hòa',680);
INSERT INTO vsb_all_wards VALUE (10339,'Xã Phú Tân',680);
INSERT INTO vsb_all_wards VALUE (10340,'Xã Thiện Mỹ',680);
INSERT INTO vsb_all_wards VALUE (10341,'Xã An Hiệp',680);
INSERT INTO vsb_all_wards VALUE (10342,'Xã An Ninh',680);
INSERT INTO vsb_all_districts VALUE (681,'Huyện Kế Sách',61);
INSERT INTO vsb_all_wards VALUE (10343,'Thị trấn Kế Sách',681);
INSERT INTO vsb_all_wards VALUE (10344,'Thị trấn An Lạc Thôn',681);
INSERT INTO vsb_all_wards VALUE (10345,'Xã Xuân Hòa',681);
INSERT INTO vsb_all_wards VALUE (10346,'Xã Phong Nẫm',681);
INSERT INTO vsb_all_wards VALUE (10347,'Xã An Lạc Tây',681);
INSERT INTO vsb_all_wards VALUE (10348,'Xã Trinh Phú',681);
INSERT INTO vsb_all_wards VALUE (10349,'Xã Ba Trinh',681);
INSERT INTO vsb_all_wards VALUE (10350,'Xã Thới An Hội',681);
INSERT INTO vsb_all_wards VALUE (10351,'Xã Nhơn Mỹ',681);
INSERT INTO vsb_all_wards VALUE (10352,'Xã Kế Thành',681);
INSERT INTO vsb_all_wards VALUE (10353,'Xã Kế An',681);
INSERT INTO vsb_all_wards VALUE (10354,'Xã Đại Hải',681);
INSERT INTO vsb_all_wards VALUE (10355,'Xã An Mỹ',681);
INSERT INTO vsb_all_districts VALUE (682,'Huyện Mỹ Tú',61);
INSERT INTO vsb_all_wards VALUE (10356,'Thị trấn Huỳnh Hữu Nghĩa',682);
INSERT INTO vsb_all_wards VALUE (10357,'Xã Long Hưng',682);
INSERT INTO vsb_all_wards VALUE (10358,'Xã Hưng Phú',682);
INSERT INTO vsb_all_wards VALUE (10359,'Xã Mỹ Hương',682);
INSERT INTO vsb_all_wards VALUE (10360,'Xã Mỹ Tú',682);
INSERT INTO vsb_all_wards VALUE (10361,'Xã Mỹ Phước',682);
INSERT INTO vsb_all_wards VALUE (10362,'Xã Thuận Hưng',682);
INSERT INTO vsb_all_wards VALUE (10363,'Xã Mỹ Thuận',682);
INSERT INTO vsb_all_wards VALUE (10364,'Xã Phú Mỹ',682);
INSERT INTO vsb_all_districts VALUE (683,'Huyện Cù Lao Dung',61);
INSERT INTO vsb_all_wards VALUE (10365,'Thị trấn Cù Lao Dung',683);
INSERT INTO vsb_all_wards VALUE (10366,'Xã An Thạnh 1',683);
INSERT INTO vsb_all_wards VALUE (10367,'Xã An Thạnh Tây',683);
INSERT INTO vsb_all_wards VALUE (10368,'Xã An Thạnh Đông',683);
INSERT INTO vsb_all_wards VALUE (10369,'Xã Đại Ân 1',683);
INSERT INTO vsb_all_wards VALUE (10370,'Xã An Thạnh 2',683);
INSERT INTO vsb_all_wards VALUE (10371,'Xã An Thạnh 3',683);
INSERT INTO vsb_all_wards VALUE (10372,'Xã An Thạnh Nam',683);
INSERT INTO vsb_all_districts VALUE (684,'Huyện Long Phú',61);
INSERT INTO vsb_all_wards VALUE (10373,'Thị trấn Long Phú',684);
INSERT INTO vsb_all_wards VALUE (10374,'Xã Song Phụng',684);
INSERT INTO vsb_all_wards VALUE (10375,'Thị trấn Đại Ngãi',684);
INSERT INTO vsb_all_wards VALUE (10376,'Xã Hậu Thạnh',684);
INSERT INTO vsb_all_wards VALUE (10377,'Xã Long Đức',684);
INSERT INTO vsb_all_wards VALUE (10378,'Xã Trường Khánh',684);
INSERT INTO vsb_all_wards VALUE (10379,'Xã Phú Hữu',684);
INSERT INTO vsb_all_wards VALUE (10380,'Xã Tân Hưng',684);
INSERT INTO vsb_all_wards VALUE (10381,'Xã Châu Khánh',684);
INSERT INTO vsb_all_wards VALUE (10382,'Xã Tân Thạnh',684);
INSERT INTO vsb_all_wards VALUE (10383,'Xã Long Phú',684);
INSERT INTO vsb_all_districts VALUE (685,'Huyện Mỹ Xuyên',61);
INSERT INTO vsb_all_wards VALUE (10384,'Thị trấn Mỹ Xuyên',685);
INSERT INTO vsb_all_wards VALUE (10385,'Xã Đại Tâm',685);
INSERT INTO vsb_all_wards VALUE (10386,'Xã Tham Đôn',685);
INSERT INTO vsb_all_wards VALUE (10387,'Xã Thạnh Phú',685);
INSERT INTO vsb_all_wards VALUE (10388,'Xã Ngọc Đông',685);
INSERT INTO vsb_all_wards VALUE (10389,'Xã Thạnh Quới',685);
INSERT INTO vsb_all_wards VALUE (10390,'Xã Hòa Tú 1',685);
INSERT INTO vsb_all_wards VALUE (10391,'Xã Gia Hòa 1',685);
INSERT INTO vsb_all_wards VALUE (10392,'Xã Ngọc Tố',685);
INSERT INTO vsb_all_wards VALUE (10393,'Xã Gia Hòa 2',685);
INSERT INTO vsb_all_wards VALUE (10394,'Xã Hòa Tú II',685);
INSERT INTO vsb_all_districts VALUE (686,'Thị xã Ngã Năm',61);
INSERT INTO vsb_all_wards VALUE (10395,'Phường 1',686);
INSERT INTO vsb_all_wards VALUE (10396,'Phường 2',686);
INSERT INTO vsb_all_wards VALUE (10397,'Xã Vĩnh Quới',686);
INSERT INTO vsb_all_wards VALUE (10398,'Xã Tân Long',686);
INSERT INTO vsb_all_wards VALUE (10399,'Xã Long Bình',686);
INSERT INTO vsb_all_wards VALUE (10400,'Phường 3',686);
INSERT INTO vsb_all_wards VALUE (10401,'Xã Mỹ Bình',686);
INSERT INTO vsb_all_wards VALUE (10402,'Xã Mỹ Quới',686);
INSERT INTO vsb_all_districts VALUE (687,'Huyện Thạnh Trị',61);
INSERT INTO vsb_all_wards VALUE (10403,'Thị trấn Phú Lộc',687);
INSERT INTO vsb_all_wards VALUE (10404,'Thị trấn Hưng Lợi',687);
INSERT INTO vsb_all_wards VALUE (10405,'Xã Lâm Tân',687);
INSERT INTO vsb_all_wards VALUE (10406,'Xã Thạnh Tân',687);
INSERT INTO vsb_all_wards VALUE (10407,'Xã Lâm Kiết',687);
INSERT INTO vsb_all_wards VALUE (10408,'Xã Tuân Tức',687);
INSERT INTO vsb_all_wards VALUE (10409,'Xã Vĩnh Thành',687);
INSERT INTO vsb_all_wards VALUE (10410,'Xã Thạnh Trị',687);
INSERT INTO vsb_all_wards VALUE (10411,'Xã Vĩnh Lợi',687);
INSERT INTO vsb_all_wards VALUE (10412,'Xã Châu Hưng',687);
INSERT INTO vsb_all_districts VALUE (688,'Thị xã Vĩnh Châu',61);
INSERT INTO vsb_all_wards VALUE (10413,'Phường 1',688);
INSERT INTO vsb_all_wards VALUE (10414,'Xã Hòa Đông',688);
INSERT INTO vsb_all_wards VALUE (10415,'Phường Khánh Hòa',688);
INSERT INTO vsb_all_wards VALUE (10416,'Xã Vĩnh Hiệp',688);
INSERT INTO vsb_all_wards VALUE (10417,'Xã Vĩnh Hải',688);
INSERT INTO vsb_all_wards VALUE (10418,'Xã Lạc Hòa',688);
INSERT INTO vsb_all_wards VALUE (10419,'Phường 2',688);
INSERT INTO vsb_all_wards VALUE (10420,'Phường Vĩnh Phước',688);
INSERT INTO vsb_all_wards VALUE (10421,'Xã Vĩnh Tân',688);
INSERT INTO vsb_all_wards VALUE (10422,'Xã Lai Hòa',688);
INSERT INTO vsb_all_districts VALUE (689,'Huyện Trần Đề',61);
INSERT INTO vsb_all_wards VALUE (10423,'Xã Đại Ân 2',689);
INSERT INTO vsb_all_wards VALUE (10424,'Thị trấn Trần Đề',689);
INSERT INTO vsb_all_wards VALUE (10425,'Xã Liêu Tú',689);
INSERT INTO vsb_all_wards VALUE (10426,'Xã Lịch Hội Thượng',689);
INSERT INTO vsb_all_wards VALUE (10427,'Thị trấn Lịch Hội Thượng',689);
INSERT INTO vsb_all_wards VALUE (10428,'Xã Trung Bình',689);
INSERT INTO vsb_all_wards VALUE (10429,'Xã Tài Văn',689);
INSERT INTO vsb_all_wards VALUE (10430,'Xã Viên An',689);
INSERT INTO vsb_all_wards VALUE (10431,'Xã Thạnh Thới An',689);
INSERT INTO vsb_all_wards VALUE (10432,'Xã Thạnh Thới Thuận',689);
INSERT INTO vsb_all_wards VALUE (10433,'Xã Viên Bình',689);
INSERT INTO vsb_all_provinces VALUE (62,'Tỉnh Bạc Liêu');
INSERT INTO vsb_all_districts VALUE (690,'Thành phố Bạc Liêu',62);
INSERT INTO vsb_all_wards VALUE (10434,'Phường 2',690);
INSERT INTO vsb_all_wards VALUE (10435,'Phường 3',690);
INSERT INTO vsb_all_wards VALUE (10436,'Phường 5',690);
INSERT INTO vsb_all_wards VALUE (10437,'Phường 7',690);
INSERT INTO vsb_all_wards VALUE (10438,'Phường 1',690);
INSERT INTO vsb_all_wards VALUE (10439,'Phường 8',690);
INSERT INTO vsb_all_wards VALUE (10440,'Phường Nhà Mát',690);
INSERT INTO vsb_all_wards VALUE (10441,'Xã Vĩnh Trạch',690);
INSERT INTO vsb_all_wards VALUE (10442,'Xã Vĩnh Trạch Đông',690);
INSERT INTO vsb_all_wards VALUE (10443,'Xã Hiệp Thành',690);
INSERT INTO vsb_all_districts VALUE (691,'Huyện Hồng Dân',62);
INSERT INTO vsb_all_wards VALUE (10444,'Thị trấn Ngan Dừa',691);
INSERT INTO vsb_all_wards VALUE (10445,'Xã Ninh Quới',691);
INSERT INTO vsb_all_wards VALUE (10446,'Xã Ninh Quới A',691);
INSERT INTO vsb_all_wards VALUE (10447,'Xã Ninh Hòa',691);
INSERT INTO vsb_all_wards VALUE (10448,'Xã Lộc Ninh',691);
INSERT INTO vsb_all_wards VALUE (10449,'Xã Vĩnh Lộc',691);
INSERT INTO vsb_all_wards VALUE (10450,'Xã Vĩnh Lộc A',691);
INSERT INTO vsb_all_wards VALUE (10451,'Xã Ninh Thạnh Lợi A',691);
INSERT INTO vsb_all_wards VALUE (10452,'Xã Ninh Thạnh Lợi',691);
INSERT INTO vsb_all_districts VALUE (692,'Huyện Phước Long',62);
INSERT INTO vsb_all_wards VALUE (10453,'Thị trấn Phước Long',692);
INSERT INTO vsb_all_wards VALUE (10454,'Xã Vĩnh Phú Đông',692);
INSERT INTO vsb_all_wards VALUE (10455,'Xã Vĩnh Phú Tây',692);
INSERT INTO vsb_all_wards VALUE (10456,'Xã Phước Long',692);
INSERT INTO vsb_all_wards VALUE (10457,'Xã Hưng Phú',692);
INSERT INTO vsb_all_wards VALUE (10458,'Xã Vĩnh Thanh',692);
INSERT INTO vsb_all_wards VALUE (10459,'Xã Phong Thạnh Tây A',692);
INSERT INTO vsb_all_wards VALUE (10460,'Xã Phong Thạnh Tây B',692);
INSERT INTO vsb_all_districts VALUE (693,'Huyện Vĩnh Lợi',62);
INSERT INTO vsb_all_wards VALUE (10461,'Xã Vĩnh Hưng',693);
INSERT INTO vsb_all_wards VALUE (10462,'Xã Vĩnh Hưng A',693);
INSERT INTO vsb_all_wards VALUE (10463,'Thị trấn Châu Hưng',693);
INSERT INTO vsb_all_wards VALUE (10464,'Xã Châu Hưng A',693);
INSERT INTO vsb_all_wards VALUE (10465,'Xã Hưng Thành',693);
INSERT INTO vsb_all_wards VALUE (10466,'Xã Hưng Hội',693);
INSERT INTO vsb_all_wards VALUE (10467,'Xã Châu Thới',693);
INSERT INTO vsb_all_wards VALUE (10468,'Xã Long Thạnh',693);
INSERT INTO vsb_all_districts VALUE (694,'Thị xã Giá Rai',62);
INSERT INTO vsb_all_wards VALUE (10469,'Phường 1',694);
INSERT INTO vsb_all_wards VALUE (10470,'Phường Hộ Phòng',694);
INSERT INTO vsb_all_wards VALUE (10471,'Xã Phong Thạnh Đông',694);
INSERT INTO vsb_all_wards VALUE (10472,'Phường Láng Tròn',694);
INSERT INTO vsb_all_wards VALUE (10473,'Xã Phong Tân',694);
INSERT INTO vsb_all_wards VALUE (10474,'Xã Tân Phong',694);
INSERT INTO vsb_all_wards VALUE (10475,'Xã Phong Thạnh',694);
INSERT INTO vsb_all_wards VALUE (10476,'Xã Phong Thạnh A',694);
INSERT INTO vsb_all_wards VALUE (10477,'Xã Phong Thạnh Tây',694);
INSERT INTO vsb_all_wards VALUE (10478,'Xã Tân Thạnh',694);
INSERT INTO vsb_all_districts VALUE (695,'Huyện Đông Hải',62);
INSERT INTO vsb_all_wards VALUE (10479,'Thị trấn Gành Hào',695);
INSERT INTO vsb_all_wards VALUE (10480,'Xã Long Điền Đông',695);
INSERT INTO vsb_all_wards VALUE (10481,'Xã Long Điền Đông A',695);
INSERT INTO vsb_all_wards VALUE (10482,'Xã Long Điền',695);
INSERT INTO vsb_all_wards VALUE (10483,'Xã Long Điền Tây',695);
INSERT INTO vsb_all_wards VALUE (10484,'Xã Điền Hải',695);
INSERT INTO vsb_all_wards VALUE (10485,'Xã An Trạch',695);
INSERT INTO vsb_all_wards VALUE (10486,'Xã An Trạch A',695);
INSERT INTO vsb_all_wards VALUE (10487,'Xã An Phúc',695);
INSERT INTO vsb_all_wards VALUE (10488,'Xã Định Thành',695);
INSERT INTO vsb_all_wards VALUE (10489,'Xã Định Thành A',695);
INSERT INTO vsb_all_districts VALUE (696,'Huyện Hoà Bình',62);
INSERT INTO vsb_all_wards VALUE (10490,'Thị trấn Hòa Bình',696);
INSERT INTO vsb_all_wards VALUE (10491,'Xã Minh Diệu',696);
INSERT INTO vsb_all_wards VALUE (10492,'Xã Vĩnh Bình',696);
INSERT INTO vsb_all_wards VALUE (10493,'Xã Vĩnh Mỹ B',696);
INSERT INTO vsb_all_wards VALUE (10494,'Xã Vĩnh Hậu',696);
INSERT INTO vsb_all_wards VALUE (10495,'Xã Vĩnh Hậu A',696);
INSERT INTO vsb_all_wards VALUE (10496,'Xã Vĩnh Mỹ A',696);
INSERT INTO vsb_all_wards VALUE (10497,'Xã Vĩnh Thịnh',696);
INSERT INTO vsb_all_provinces VALUE (63,'Tỉnh Cà Mau');
INSERT INTO vsb_all_districts VALUE (697,'Thành phố Cà Mau',63);
INSERT INTO vsb_all_wards VALUE (10498,'Phường 9',697);
INSERT INTO vsb_all_wards VALUE (10499,'Phường 4',697);
INSERT INTO vsb_all_wards VALUE (10500,'Phường 1',697);
INSERT INTO vsb_all_wards VALUE (10501,'Phường 5',697);
INSERT INTO vsb_all_wards VALUE (10502,'Phường 2',697);
INSERT INTO vsb_all_wards VALUE (10503,'Phường 8',697);
INSERT INTO vsb_all_wards VALUE (10504,'Phường 6',697);
INSERT INTO vsb_all_wards VALUE (10505,'Phường 7',697);
INSERT INTO vsb_all_wards VALUE (10506,'Phường Tân Xuyên',697);
INSERT INTO vsb_all_wards VALUE (10507,'Xã An Xuyên',697);
INSERT INTO vsb_all_wards VALUE (10508,'Phường Tân Thành',697);
INSERT INTO vsb_all_wards VALUE (10509,'Xã Tân Thành',697);
INSERT INTO vsb_all_wards VALUE (10510,'Xã Tắc Vân',697);
INSERT INTO vsb_all_wards VALUE (10511,'Xã Lý Văn Lâm',697);
INSERT INTO vsb_all_wards VALUE (10512,'Xã Định Bình',697);
INSERT INTO vsb_all_wards VALUE (10513,'Xã Hòa Thành',697);
INSERT INTO vsb_all_wards VALUE (10514,'Xã Hòa Tân',697);
INSERT INTO vsb_all_districts VALUE (698,'Huyện U Minh',63);
INSERT INTO vsb_all_wards VALUE (10515,'Thị trấn U Minh',698);
INSERT INTO vsb_all_wards VALUE (10516,'Xã Khánh Hòa',698);
INSERT INTO vsb_all_wards VALUE (10517,'Xã Khánh Thuận',698);
INSERT INTO vsb_all_wards VALUE (10518,'Xã Khánh Tiến',698);
INSERT INTO vsb_all_wards VALUE (10519,'Xã Nguyễn Phích',698);
INSERT INTO vsb_all_wards VALUE (10520,'Xã Khánh Lâm',698);
INSERT INTO vsb_all_wards VALUE (10521,'Xã Khánh An',698);
INSERT INTO vsb_all_wards VALUE (10522,'Xã Khánh Hội',698);
INSERT INTO vsb_all_districts VALUE (699,'Huyện Thới Bình',63);
INSERT INTO vsb_all_wards VALUE (10523,'Thị trấn Thới Bình',699);
INSERT INTO vsb_all_wards VALUE (10524,'Xã Biển Bạch',699);
INSERT INTO vsb_all_wards VALUE (10525,'Xã Tân Bằng',699);
INSERT INTO vsb_all_wards VALUE (10526,'Xã Trí Phải',699);
INSERT INTO vsb_all_wards VALUE (10527,'Xã Trí Lực',699);
INSERT INTO vsb_all_wards VALUE (10528,'Xã Biển Bạch Đông',699);
INSERT INTO vsb_all_wards VALUE (10529,'Xã Thới Bình',699);
INSERT INTO vsb_all_wards VALUE (10530,'Xã Tân Phú',699);
INSERT INTO vsb_all_wards VALUE (10531,'Xã Tân Lộc Bắc',699);
INSERT INTO vsb_all_wards VALUE (10532,'Xã Tân Lộc',699);
INSERT INTO vsb_all_wards VALUE (10533,'Xã Tân Lộc Đông',699);
INSERT INTO vsb_all_wards VALUE (10534,'Xã Hồ Thị Kỷ',699);
INSERT INTO vsb_all_districts VALUE (700,'Huyện Trần Văn Thời',63);
INSERT INTO vsb_all_wards VALUE (10535,'Thị trấn Trần Văn Thời',700);
INSERT INTO vsb_all_wards VALUE (10536,'Thị trấn Sông Đốc',700);
INSERT INTO vsb_all_wards VALUE (10537,'Xã Khánh Bình Tây Bắc',700);
INSERT INTO vsb_all_wards VALUE (10538,'Xã Khánh Bình Tây',700);
INSERT INTO vsb_all_wards VALUE (10539,'Xã Trần Hợi',700);
INSERT INTO vsb_all_wards VALUE (10540,'Xã Khánh Lộc',700);
INSERT INTO vsb_all_wards VALUE (10541,'Xã Khánh Bình',700);
INSERT INTO vsb_all_wards VALUE (10542,'Xã Khánh Hưng',700);
INSERT INTO vsb_all_wards VALUE (10543,'Xã Khánh Bình Đông',700);
INSERT INTO vsb_all_wards VALUE (10544,'Xã Khánh Hải',700);
INSERT INTO vsb_all_wards VALUE (10545,'Xã Lợi An',700);
INSERT INTO vsb_all_wards VALUE (10546,'Xã Phong Điền',700);
INSERT INTO vsb_all_wards VALUE (10547,'Xã Phong Lạc',700);
INSERT INTO vsb_all_districts VALUE (701,'Huyện Cái Nước',63);
INSERT INTO vsb_all_wards VALUE (10548,'Thị trấn Cái Nước',701);
INSERT INTO vsb_all_wards VALUE (10549,'Xã Thạnh Phú',701);
INSERT INTO vsb_all_wards VALUE (10550,'Xã Lương Thế Trân',701);
INSERT INTO vsb_all_wards VALUE (10551,'Xã Phú Hưng',701);
INSERT INTO vsb_all_wards VALUE (10552,'Xã Tân Hưng',701);
INSERT INTO vsb_all_wards VALUE (10553,'Xã Hưng Mỹ',701);
INSERT INTO vsb_all_wards VALUE (10554,'Xã Hoà Mỹ',701);
INSERT INTO vsb_all_wards VALUE (10555,'Xã Đông Hưng',701);
INSERT INTO vsb_all_wards VALUE (10556,'Xã Đông Thới',701);
INSERT INTO vsb_all_wards VALUE (10557,'Xã Tân Hưng Đông',701);
INSERT INTO vsb_all_wards VALUE (10558,'Xã Trần Thới',701);
INSERT INTO vsb_all_districts VALUE (702,'Huyện Đầm Dơi',63);
INSERT INTO vsb_all_wards VALUE (10559,'Thị trấn Đầm Dơi',702);
INSERT INTO vsb_all_wards VALUE (10560,'Xã Tạ An Khương',702);
INSERT INTO vsb_all_wards VALUE (10561,'Xã Tạ An Khương Đông',702);
INSERT INTO vsb_all_wards VALUE (10562,'Xã Trần Phán',702);
INSERT INTO vsb_all_wards VALUE (10563,'Xã Tân Trung',702);
INSERT INTO vsb_all_wards VALUE (10564,'Xã Tân Đức',702);
INSERT INTO vsb_all_wards VALUE (10565,'Xã Tân Thuận',702);
INSERT INTO vsb_all_wards VALUE (10566,'Xã Tạ An Khương Nam',702);
INSERT INTO vsb_all_wards VALUE (10567,'Xã Tân Duyệt',702);
INSERT INTO vsb_all_wards VALUE (10568,'Xã Tân Dân',702);
INSERT INTO vsb_all_wards VALUE (10569,'Xã Tân Tiến',702);
INSERT INTO vsb_all_wards VALUE (10570,'Xã Quách Phẩm Bắc',702);
INSERT INTO vsb_all_wards VALUE (10571,'Xã Quách Phẩm',702);
INSERT INTO vsb_all_wards VALUE (10572,'Xã Thanh Tùng',702);
INSERT INTO vsb_all_wards VALUE (10573,'Xã Ngọc Chánh',702);
INSERT INTO vsb_all_wards VALUE (10574,'Xã Nguyễn Huân',702);
INSERT INTO vsb_all_districts VALUE (703,'Huyện Năm Căn',63);
INSERT INTO vsb_all_wards VALUE (10575,'Thị trấn Năm Căn',703);
INSERT INTO vsb_all_wards VALUE (10576,'Xã Hàm Rồng',703);
INSERT INTO vsb_all_wards VALUE (10577,'Xã Hiệp Tùng',703);
INSERT INTO vsb_all_wards VALUE (10578,'Xã Đất Mới',703);
INSERT INTO vsb_all_wards VALUE (10579,'Xã Lâm Hải',703);
INSERT INTO vsb_all_wards VALUE (10580,'Xã Hàng Vịnh',703);
INSERT INTO vsb_all_wards VALUE (10581,'Xã Tam Giang',703);
INSERT INTO vsb_all_wards VALUE (10582,'Xã Tam Giang Đông',703);
INSERT INTO vsb_all_districts VALUE (704,'Huyện Phú Tân',63);
INSERT INTO vsb_all_wards VALUE (10583,'Thị trấn Cái Đôi Vàm',704);
INSERT INTO vsb_all_wards VALUE (10584,'Xã Phú Thuận',704);
INSERT INTO vsb_all_wards VALUE (10585,'Xã Phú Mỹ',704);
INSERT INTO vsb_all_wards VALUE (10586,'Xã Phú Tân',704);
INSERT INTO vsb_all_wards VALUE (10587,'Xã Tân Hải',704);
INSERT INTO vsb_all_wards VALUE (10588,'Xã Việt Thắng',704);
INSERT INTO vsb_all_wards VALUE (10589,'Xã Tân Hưng Tây',704);
INSERT INTO vsb_all_wards VALUE (10590,'Xã Rạch Chèo',704);
INSERT INTO vsb_all_wards VALUE (10591,'Xã Nguyễn Việt Khái',704);
INSERT INTO vsb_all_districts VALUE (705,'Huyện Ngọc Hiển',63);
INSERT INTO vsb_all_wards VALUE (10592,'Xã Tam Giang Tây',705);
INSERT INTO vsb_all_wards VALUE (10593,'Xã Tân Ân Tây',705);
INSERT INTO vsb_all_wards VALUE (10594,'Xã Viên An Đông',705);
INSERT INTO vsb_all_wards VALUE (10595,'Xã Viên An',705);
INSERT INTO vsb_all_wards VALUE (10596,'Thị trấn Rạch Gốc',705);
INSERT INTO vsb_all_wards VALUE (10597,'Xã Tân Ân',705);
INSERT INTO vsb_all_wards VALUE (10598,'Xã Đất Mũi',705);
